2026-04-17 17:01:08,923 - INFO - main - ====================================================================
2026-04-17 17:01:08,924 - INFO - main -  Murder in KUET - Minimax vs Expectiminimax vs Negamax Metrics
2026-04-17 17:01:08,924 - INFO - main - ====================================================================
2026-04-17 17:01:08,925 - INFO - main - === Game 1 ===
2026-04-17 17:01:08,925 - INFO - engine.game_state - --- AI Player 1 (MinimaxAI) Turn ---
2026-04-17 17:01:08,925 - INFO - engine.game_state - Dice: 5
2026-04-17 17:01:09,086 - INFO - engine.game_state - Move: Library
2026-04-17 17:01:09,153 - INFO - engine.game_state - Suggestion: Suggestion(Suspect=Hashem Sir, Weapon=Anti Cutter, Location=Library)
2026-04-17 17:01:09,157 - INFO - engine.game_state - AI Player 2 revealed a card
2026-04-17 17:01:09,157 - INFO - engine.game_state - Accusation Decision: False
2026-04-17 17:01:09,157 - INFO - engine.game_state - --- AI Player 2 (ExpectiminimaxAI) Turn ---
2026-04-17 17:01:09,158 - INFO - engine.game_state - Dice: 9
2026-04-17 17:01:09,170 - INFO - engine.game_state - Move: Library
2026-04-17 17:01:09,240 - INFO - engine.game_state - Suggestion: Suggestion(Suspect=Hashem Sir, Weapon=Anti Cutter, Location=Library)
2026-04-17 17:01:09,241 - INFO - engine.game_state - AI Player 3 revealed a card
2026-04-17 17:01:09,241 - INFO - engine.game_state - Accusation Decision: False
2026-04-17 17:01:09,241 - INFO - engine.game_state - --- AI Player 3 (NegamaxAI) Turn ---
2026-04-17 17:01:09,241 - INFO - engine.game_state - Dice: 7
2026-04-17 17:01:09,261 - INFO - engine.game_state - Move: Library
2026-04-17 17:01:09,334 - INFO - engine.game_state - Suggestion: Suggestion(Suspect=Hashem Sir, Weapon=Anti Cutter, Location=Library)
2026-04-17 17:01:09,334 - INFO - engine.game_state - AI Player 2 revealed a card
2026-04-17 17:01:09,334 - INFO - engine.game_state - Accusation Decision: False
2026-04-17 17:01:09,335 - INFO - engine.game_state - --- AI Player 1 (MinimaxAI) Turn ---
2026-04-17 17:01:09,335 - INFO - engine.game_state - Dice: 7
2026-04-17 17:01:09,343 - INFO - engine.game_state - Move: Academic Building
2026-04-17 17:01:09,422 - INFO - engine.game_state - Suggestion: Suggestion(Suspect=Hashem Sir, Weapon=Knife, Location=Academic Building)
2026-04-17 17:01:09,423 - INFO - engine.game_state - No one could disprove
2026-04-17 17:01:09,423 - WARNING - engine.game_state - AI Player 1 eliminated
2026-04-17 17:01:09,423 - INFO - engine.game_state - Accusation Decision: True
2026-04-17 17:01:09,423 - INFO - engine.game_state - --- AI Player 2 (ExpectiminimaxAI) Turn ---
2026-04-17 17:01:09,424 - INFO - engine.game_state - Dice: 11
2026-04-17 17:01:09,428 - INFO - engine.game_state - Move: Academic Building
2026-04-17 17:01:09,514 - INFO - engine.game_state - Suggestion: Suggestion(Suspect=Hashem Sir, Weapon=Anti Cutter, Location=Academic Building)
2026-04-17 17:01:09,514 - INFO - engine.game_state - No one could disprove
2026-04-17 17:01:09,514 - INFO - engine.game_state - Accusation Decision: False
2026-04-17 17:01:09,514 - INFO - engine.game_state - --- AI Player 3 (NegamaxAI) Turn ---
2026-04-17 17:01:09,515 - INFO - engine.game_state - Dice: 7
2026-04-17 17:01:09,522 - INFO - engine.game_state - Move: Academic Building
2026-04-17 17:01:09,604 - INFO - engine.game_state - Suggestion: Suggestion(Suspect=Hashem Sir, Weapon=Anti Cutter, Location=Academic Building)
2026-04-17 17:01:09,605 - INFO - engine.game_state - AI Player 2 revealed a card
2026-04-17 17:01:09,605 - INFO - engine.game_state - Accusation Decision: False
2026-04-17 17:01:09,605 - INFO - engine.game_state - --- AI Player 2 (ExpectiminimaxAI) Turn ---
2026-04-17 17:01:09,605 - INFO - engine.game_state - Dice: 6
2026-04-17 17:01:09,611 - INFO - engine.game_state - Move: IT Park
2026-04-17 17:01:09,665 - INFO - engine.game_state - Suggestion: Suggestion(Suspect=Hashem Sir, Weapon=Anti Cutter, Location=IT Park)
2026-04-17 17:01:09,665 - INFO - engine.game_state - AI Player 1 revealed a card
2026-04-17 17:01:09,665 - INFO - engine.game_state - Accusation Decision: False
2026-04-17 17:01:09,666 - INFO - engine.game_state - --- AI Player 3 (NegamaxAI) Turn ---
2026-04-17 17:01:09,666 - INFO - engine.game_state - Dice: 7
2026-04-17 17:01:09,674 - INFO - engine.game_state - Move: Library
2026-04-17 17:01:09,752 - INFO - engine.game_state - Suggestion: Suggestion(Suspect=Hashem Sir, Weapon=Anti Cutter, Location=Library)
2026-04-17 17:01:09,753 - INFO - engine.game_state - AI Player 2 revealed a card
2026-04-17 17:01:09,753 - INFO - engine.game_state - Accusation Decision: False
2026-04-17 17:01:09,753 - INFO - engine.game_state - --- AI Player 2 (ExpectiminimaxAI) Turn ---
2026-04-17 17:01:09,754 - INFO - engine.game_state - Dice: 12
2026-04-17 17:01:09,757 - INFO - engine.game_state - Move: Academic Building
2026-04-17 17:01:09,841 - INFO - engine.game_state - Suggestion: Suggestion(Suspect=Hashem Sir, Weapon=Anti Cutter, Location=Academic Building)
2026-04-17 17:01:09,842 - INFO - engine.game_state - No one could disprove
2026-04-17 17:01:09,842 - INFO - engine.game_state - Accusation Decision: False
2026-04-17 17:01:09,842 - INFO - engine.game_state - --- AI Player 3 (NegamaxAI) Turn ---
2026-04-17 17:01:09,842 - INFO - engine.game_state - Dice: 11
2026-04-17 17:01:09,848 - INFO - engine.game_state - Move: Academic Building
2026-04-17 17:01:09,932 - INFO - engine.game_state - Suggestion: Suggestion(Suspect=Hashem Sir, Weapon=Anti Cutter, Location=Academic Building)
2026-04-17 17:01:09,932 - INFO - engine.game_state - AI Player 2 revealed a card
2026-04-17 17:01:09,933 - INFO - engine.game_state - Accusation Decision: False
2026-04-17 17:01:09,933 - INFO - engine.game_state - --- AI Player 2 (ExpectiminimaxAI) Turn ---
2026-04-17 17:01:09,933 - INFO - engine.game_state - Dice: 7
2026-04-17 17:01:09,939 - INFO - engine.game_state - Move: Cafeteria
2026-04-17 17:01:09,995 - INFO - engine.game_state - Suggestion: Suggestion(Suspect=Hashem Sir, Weapon=Anti Cutter, Location=Cafeteria)
2026-04-17 17:01:09,995 - INFO - engine.game_state - AI Player 1 revealed a card
2026-04-17 17:01:09,995 - INFO - engine.game_state - Accusation Decision: False
2026-04-17 17:01:09,996 - INFO - engine.game_state - --- AI Player 3 (NegamaxAI) Turn ---
2026-04-17 17:01:09,996 - INFO - engine.game_state - Dice: 7
2026-04-17 17:01:10,003 - INFO - engine.game_state - Move: Library
2026-04-17 17:01:10,080 - INFO - engine.game_state - Suggestion: Suggestion(Suspect=Hashem Sir, Weapon=Anti Cutter, Location=Library)
2026-04-17 17:01:10,080 - INFO - engine.game_state - AI Player 2 revealed a card
2026-04-17 17:01:10,080 - INFO - engine.game_state - Accusation Decision: False
2026-04-17 17:01:10,080 - INFO - engine.game_state - --- AI Player 2 (ExpectiminimaxAI) Turn ---
2026-04-17 17:01:10,081 - INFO - engine.game_state - Dice: 5
2026-04-17 17:01:10,084 - INFO - engine.game_state - Move: Academic Building
2026-04-17 17:01:10,167 - INFO - engine.game_state - Suggestion: Suggestion(Suspect=Hashem Sir, Weapon=Anti Cutter, Location=Academic Building)
2026-04-17 17:01:10,167 - INFO - engine.game_state - No one could disprove
2026-04-17 17:01:10,167 - INFO - engine.game_state - Accusation Decision: False
2026-04-17 17:01:10,168 - INFO - engine.game_state - --- AI Player 3 (NegamaxAI) Turn ---
2026-04-17 17:01:10,168 - INFO - engine.game_state - Dice: 10
2026-04-17 17:01:10,174 - INFO - engine.game_state - Move: Academic Building
2026-04-17 17:01:10,260 - INFO - engine.game_state - Suggestion: Suggestion(Suspect=Hashem Sir, Weapon=Anti Cutter, Location=Academic Building)
2026-04-17 17:01:10,260 - INFO - engine.game_state - AI Player 2 revealed a card
2026-04-17 17:01:10,260 - INFO - engine.game_state - Accusation Decision: False
2026-04-17 17:01:10,261 - INFO - engine.game_state - --- AI Player 2 (ExpectiminimaxAI) Turn ---
2026-04-17 17:01:10,261 - INFO - engine.game_state - Dice: 5
2026-04-17 17:01:10,267 - INFO - engine.game_state - Move: VC Room
2026-04-17 17:01:10,336 - INFO - engine.game_state - Suggestion: Suggestion(Suspect=Hashem Sir, Weapon=Anti Cutter, Location=VC Room)
2026-04-17 17:01:10,336 - INFO - engine.game_state - AI Player 3 revealed a card
2026-04-17 17:01:10,336 - INFO - engine.game_state - Accusation Decision: False
2026-04-17 17:01:10,337 - INFO - engine.game_state - --- AI Player 3 (NegamaxAI) Turn ---
2026-04-17 17:01:10,337 - INFO - engine.game_state - Dice: 9
2026-04-17 17:01:10,344 - INFO - engine.game_state - Move: Library
2026-04-17 17:01:10,423 - INFO - engine.game_state - Suggestion: Suggestion(Suspect=Hashem Sir, Weapon=Anti Cutter, Location=Library)
2026-04-17 17:01:10,423 - INFO - engine.game_state - AI Player 2 revealed a card
2026-04-17 17:01:10,423 - INFO - engine.game_state - Accusation Decision: False
2026-04-17 17:01:10,423 - INFO - engine.game_state - --- AI Player 2 (ExpectiminimaxAI) Turn ---
2026-04-17 17:01:10,424 - INFO - engine.game_state - Dice: 9
2026-04-17 17:01:10,429 - INFO - engine.game_state - Move: Academic Building
2026-04-17 17:01:10,514 - INFO - engine.game_state - Suggestion: Suggestion(Suspect=Hashem Sir, Weapon=Anti Cutter, Location=Academic Building)
2026-04-17 17:01:10,515 - INFO - engine.game_state - No one could disprove
2026-04-17 17:01:10,515 - INFO - engine.game_state - Accusation Decision: False
2026-04-17 17:01:10,515 - INFO - engine.game_state - --- AI Player 3 (NegamaxAI) Turn ---
2026-04-17 17:01:10,515 - INFO - engine.game_state - Dice: 9
2026-04-17 17:01:10,524 - INFO - engine.game_state - Move: Academic Building
2026-04-17 17:01:10,608 - INFO - engine.game_state - Suggestion: Suggestion(Suspect=Hashem Sir, Weapon=Anti Cutter, Location=Academic Building)
2026-04-17 17:01:10,608 - INFO - engine.game_state - AI Player 2 revealed a card
2026-04-17 17:01:10,608 - INFO - engine.game_state - Accusation Decision: False
2026-04-17 17:01:10,608 - INFO - engine.game_state - --- AI Player 2 (ExpectiminimaxAI) Turn ---
2026-04-17 17:01:10,608 - INFO - engine.game_state - Dice: 7
2026-04-17 17:01:10,615 - INFO - engine.game_state - Move: Library
2026-04-17 17:01:10,682 - INFO - engine.game_state - Suggestion: Suggestion(Suspect=Hashem Sir, Weapon=Anti Cutter, Location=Library)
2026-04-17 17:01:10,682 - INFO - engine.game_state - AI Player 3 revealed a card
2026-04-17 17:01:10,682 - INFO - engine.game_state - Accusation Decision: False
2026-04-17 17:01:10,682 - INFO - engine.game_state - --- AI Player 3 (NegamaxAI) Turn ---
2026-04-17 17:01:10,683 - INFO - engine.game_state - Dice: 7
2026-04-17 17:01:10,690 - INFO - engine.game_state - Move: Library
2026-04-17 17:01:10,763 - INFO - engine.game_state - Suggestion: Suggestion(Suspect=Hashem Sir, Weapon=Anti Cutter, Location=Library)
2026-04-17 17:01:10,764 - INFO - engine.game_state - AI Player 2 revealed a card
2026-04-17 17:01:10,764 - INFO - engine.game_state - Accusation Decision: False
2026-04-17 17:01:10,764 - INFO - engine.game_state - --- AI Player 2 (ExpectiminimaxAI) Turn ---
2026-04-17 17:01:10,765 - INFO - engine.game_state - Dice: 11
2026-04-17 17:01:10,770 - INFO - engine.game_state - Move: Academic Building
2026-04-17 17:01:10,852 - INFO - engine.game_state - Suggestion: Suggestion(Suspect=Hashem Sir, Weapon=Anti Cutter, Location=Academic Building)
2026-04-17 17:01:10,852 - INFO - engine.game_state - No one could disprove
2026-04-17 17:01:10,852 - INFO - engine.game_state - Accusation Decision: False
2026-04-17 17:01:10,852 - INFO - engine.game_state - --- AI Player 3 (NegamaxAI) Turn ---
2026-04-17 17:01:10,853 - INFO - engine.game_state - Dice: 8
2026-04-17 17:01:10,859 - INFO - engine.game_state - Move: Academic Building
2026-04-17 17:01:10,938 - INFO - engine.game_state - Suggestion: Suggestion(Suspect=Hashem Sir, Weapon=Anti Cutter, Location=Academic Building)
2026-04-17 17:01:10,938 - INFO - engine.game_state - AI Player 2 revealed a card
2026-04-17 17:01:10,939 - INFO - engine.game_state - Accusation Decision: False
2026-04-17 17:01:10,939 - INFO - engine.game_state - --- AI Player 2 (ExpectiminimaxAI) Turn ---
2026-04-17 17:01:10,939 - INFO - engine.game_state - Dice: 6
2026-04-17 17:01:10,946 - INFO - engine.game_state - Move: Library
2026-04-17 17:01:11,012 - INFO - engine.game_state - Suggestion: Suggestion(Suspect=Hashem Sir, Weapon=Anti Cutter, Location=Library)
2026-04-17 17:01:11,012 - INFO - engine.game_state - AI Player 3 revealed a card
2026-04-17 17:01:11,012 - INFO - engine.game_state - Accusation Decision: False
2026-04-17 17:01:11,012 - INFO - engine.game_state - --- AI Player 3 (NegamaxAI) Turn ---
2026-04-17 17:01:11,013 - INFO - engine.game_state - Dice: 12
2026-04-17 17:01:11,020 - INFO - engine.game_state - Move: Library
2026-04-17 17:01:11,094 - INFO - engine.game_state - Suggestion: Suggestion(Suspect=Hashem Sir, Weapon=Anti Cutter, Location=Library)
2026-04-17 17:01:11,095 - INFO - engine.game_state - AI Player 2 revealed a card
2026-04-17 17:01:11,095 - INFO - engine.game_state - Accusation Decision: False
2026-04-17 17:01:11,095 - INFO - engine.game_state - --- AI Player 2 (ExpectiminimaxAI) Turn ---
2026-04-17 17:01:11,095 - INFO - engine.game_state - Dice: 10
2026-04-17 17:01:11,100 - INFO - engine.game_state - Move: Academic Building
2026-04-17 17:01:11,184 - INFO - engine.game_state - Suggestion: Suggestion(Suspect=Hashem Sir, Weapon=Anti Cutter, Location=Academic Building)
2026-04-17 17:01:11,185 - INFO - engine.game_state - No one could disprove
2026-04-17 17:01:11,185 - INFO - engine.game_state - Accusation Decision: False
2026-04-17 17:01:11,185 - INFO - engine.game_state - --- AI Player 3 (NegamaxAI) Turn ---
2026-04-17 17:01:11,185 - INFO - engine.game_state - Dice: 11
2026-04-17 17:01:11,193 - INFO - engine.game_state - Move: Academic Building
2026-04-17 17:01:11,275 - INFO - engine.game_state - Suggestion: Suggestion(Suspect=Hashem Sir, Weapon=Anti Cutter, Location=Academic Building)
2026-04-17 17:01:11,275 - INFO - engine.game_state - AI Player 2 revealed a card
2026-04-17 17:01:11,275 - INFO - engine.game_state - Accusation Decision: False
2026-04-17 17:01:11,275 - INFO - engine.game_state - --- AI Player 2 (ExpectiminimaxAI) Turn ---
2026-04-17 17:01:11,276 - INFO - engine.game_state - Dice: 9
2026-04-17 17:01:11,282 - INFO - engine.game_state - Move: Library
2026-04-17 17:01:11,351 - INFO - engine.game_state - Suggestion: Suggestion(Suspect=Hashem Sir, Weapon=Anti Cutter, Location=Library)
2026-04-17 17:01:11,351 - INFO - engine.game_state - AI Player 3 revealed a card
2026-04-17 17:01:11,352 - INFO - engine.game_state - Accusation Decision: False
2026-04-17 17:01:11,352 - INFO - engine.game_state - --- AI Player 3 (NegamaxAI) Turn ---
2026-04-17 17:01:11,352 - INFO - engine.game_state - Dice: 11
2026-04-17 17:01:11,360 - INFO - engine.game_state - Move: Library
2026-04-17 17:01:11,429 - INFO - engine.game_state - Suggestion: Suggestion(Suspect=Hashem Sir, Weapon=Anti Cutter, Location=Library)
2026-04-17 17:01:11,430 - INFO - engine.game_state - AI Player 2 revealed a card
2026-04-17 17:01:11,430 - INFO - engine.game_state - Accusation Decision: False
2026-04-17 17:01:11,431 - INFO - engine.game_state - --- AI Player 2 (ExpectiminimaxAI) Turn ---
2026-04-17 17:01:11,431 - INFO - engine.game_state - Dice: 8
2026-04-17 17:01:11,436 - INFO - engine.game_state - Move: Academic Building
2026-04-17 17:01:11,517 - INFO - engine.game_state - Suggestion: Suggestion(Suspect=Hashem Sir, Weapon=Anti Cutter, Location=Academic Building)
2026-04-17 17:01:11,518 - INFO - engine.game_state - No one could disprove
2026-04-17 17:01:11,518 - INFO - engine.game_state - Accusation Decision: False
2026-04-17 17:01:11,518 - INFO - engine.game_state - --- AI Player 3 (NegamaxAI) Turn ---
2026-04-17 17:01:11,518 - INFO - engine.game_state - Dice: 5
2026-04-17 17:01:11,525 - INFO - engine.game_state - Move: Academic Building
2026-04-17 17:01:11,611 - INFO - engine.game_state - Suggestion: Suggestion(Suspect=Hashem Sir, Weapon=Anti Cutter, Location=Academic Building)
2026-04-17 17:01:11,612 - INFO - engine.game_state - AI Player 2 revealed a card
2026-04-17 17:01:11,612 - INFO - engine.game_state - Accusation Decision: False
2026-04-17 17:01:11,612 - INFO - engine.game_state - --- AI Player 2 (ExpectiminimaxAI) Turn ---
2026-04-17 17:01:11,612 - INFO - engine.game_state - Dice: 2
2026-04-17 17:01:11,614 - INFO - engine.game_state - Move: VC Room
2026-04-17 17:01:11,683 - INFO - engine.game_state - Suggestion: Suggestion(Suspect=Hashem Sir, Weapon=Anti Cutter, Location=VC Room)
2026-04-17 17:01:11,683 - INFO - engine.game_state - AI Player 3 revealed a card
2026-04-17 17:01:11,683 - INFO - engine.game_state - Accusation Decision: False
2026-04-17 17:01:11,684 - INFO - engine.game_state - --- AI Player 3 (NegamaxAI) Turn ---
2026-04-17 17:01:11,684 - INFO - engine.game_state - Dice: 11
2026-04-17 17:01:11,694 - INFO - engine.game_state - Move: Library
2026-04-17 17:01:11,799 - INFO - engine.game_state - Suggestion: Suggestion(Suspect=Hashem Sir, Weapon=Anti Cutter, Location=Library)
2026-04-17 17:01:11,799 - INFO - engine.game_state - AI Player 2 revealed a card
2026-04-17 17:01:11,799 - INFO - engine.game_state - Accusation Decision: False
2026-04-17 17:01:11,799 - INFO - engine.game_state - --- AI Player 2 (ExpectiminimaxAI) Turn ---
2026-04-17 17:01:11,799 - INFO - engine.game_state - Dice: 9
2026-04-17 17:01:11,807 - INFO - engine.game_state - Move: Academic Building
2026-04-17 17:01:11,930 - INFO - engine.game_state - Suggestion: Suggestion(Suspect=Hashem Sir, Weapon=Anti Cutter, Location=Academic Building)
2026-04-17 17:01:11,930 - INFO - engine.game_state - No one could disprove
2026-04-17 17:01:11,931 - INFO - engine.game_state - Accusation Decision: False
2026-04-17 17:01:11,931 - INFO - engine.game_state - --- AI Player 3 (NegamaxAI) Turn ---
2026-04-17 17:01:11,931 - INFO - engine.game_state - Dice: 5
2026-04-17 17:01:11,942 - INFO - engine.game_state - Move: Academic Building
2026-04-17 17:01:12,063 - INFO - engine.game_state - Suggestion: Suggestion(Suspect=Hashem Sir, Weapon=Anti Cutter, Location=Academic Building)
2026-04-17 17:01:12,063 - INFO - engine.game_state - AI Player 2 revealed a card
2026-04-17 17:01:12,063 - INFO - engine.game_state - Accusation Decision: False
2026-04-17 17:01:12,064 - INFO - engine.game_state - --- AI Player 2 (ExpectiminimaxAI) Turn ---
2026-04-17 17:01:12,064 - INFO - engine.game_state - Dice: 10
2026-04-17 17:01:12,075 - INFO - engine.game_state - Move: Library
2026-04-17 17:01:12,160 - INFO - engine.game_state - Suggestion: Suggestion(Suspect=Hashem Sir, Weapon=Anti Cutter, Location=Library)
2026-04-17 17:01:12,161 - INFO - engine.game_state - AI Player 3 revealed a card
2026-04-17 17:01:12,161 - INFO - engine.game_state - Accusation Decision: False
2026-04-17 17:01:12,161 - INFO - engine.game_state - --- AI Player 3 (NegamaxAI) Turn ---
2026-04-17 17:01:12,161 - INFO - engine.game_state - Dice: 9
2026-04-17 17:01:12,170 - INFO - engine.game_state - Move: Library
2026-04-17 17:01:12,276 - INFO - engine.game_state - Suggestion: Suggestion(Suspect=Hashem Sir, Weapon=Anti Cutter, Location=Library)
2026-04-17 17:01:12,276 - INFO - engine.game_state - AI Player 2 revealed a card
2026-04-17 17:01:12,277 - INFO - engine.game_state - Accusation Decision: False
2026-04-17 17:01:12,277 - INFO - engine.game_state - --- AI Player 2 (ExpectiminimaxAI) Turn ---
2026-04-17 17:01:12,277 - INFO - engine.game_state - Dice: 11
2026-04-17 17:01:12,284 - INFO - engine.game_state - Move: Academic Building
2026-04-17 17:01:12,419 - INFO - engine.game_state - Suggestion: Suggestion(Suspect=Hashem Sir, Weapon=Anti Cutter, Location=Academic Building)
2026-04-17 17:01:12,420 - INFO - engine.game_state - No one could disprove
2026-04-17 17:01:12,420 - INFO - engine.game_state - Accusation Decision: False
2026-04-17 17:01:12,420 - INFO - engine.game_state - --- AI Player 3 (NegamaxAI) Turn ---
2026-04-17 17:01:12,420 - INFO - engine.game_state - Dice: 4
2026-04-17 17:01:12,429 - INFO - engine.game_state - Move: Academic Building
2026-04-17 17:01:12,550 - INFO - engine.game_state - Suggestion: Suggestion(Suspect=Hashem Sir, Weapon=Anti Cutter, Location=Academic Building)
2026-04-17 17:01:12,550 - INFO - engine.game_state - AI Player 2 revealed a card
2026-04-17 17:01:12,551 - INFO - engine.game_state - Accusation Decision: False
2026-04-17 17:01:12,551 - INFO - engine.game_state - --- AI Player 2 (ExpectiminimaxAI) Turn ---
2026-04-17 17:01:12,551 - INFO - engine.game_state - Dice: 5
2026-04-17 17:01:12,566 - INFO - engine.game_state - Move: Library
2026-04-17 17:01:12,663 - INFO - engine.game_state - Suggestion: Suggestion(Suspect=Hashem Sir, Weapon=Anti Cutter, Location=Library)
2026-04-17 17:01:12,663 - INFO - engine.game_state - AI Player 3 revealed a card
2026-04-17 17:01:12,663 - INFO - engine.game_state - Accusation Decision: False
2026-04-17 17:01:12,664 - INFO - engine.game_state - --- AI Player 3 (NegamaxAI) Turn ---
2026-04-17 17:01:12,664 - INFO - engine.game_state - Dice: 12
2026-04-17 17:01:12,676 - INFO - engine.game_state - Move: Library
2026-04-17 17:01:12,787 - INFO - engine.game_state - Suggestion: Suggestion(Suspect=Hashem Sir, Weapon=Anti Cutter, Location=Library)
2026-04-17 17:01:12,787 - INFO - engine.game_state - AI Player 2 revealed a card
2026-04-17 17:01:12,787 - INFO - engine.game_state - Accusation Decision: False
2026-04-17 17:01:12,787 - INFO - engine.game_state - --- AI Player 2 (ExpectiminimaxAI) Turn ---
2026-04-17 17:01:12,788 - INFO - engine.game_state - Dice: 6
2026-04-17 17:01:12,796 - INFO - engine.game_state - Move: Academic Building
2026-04-17 17:01:12,911 - INFO - engine.game_state - Suggestion: Suggestion(Suspect=Hashem Sir, Weapon=Anti Cutter, Location=Academic Building)
2026-04-17 17:01:12,912 - INFO - engine.game_state - No one could disprove
2026-04-17 17:01:12,912 - INFO - engine.game_state - Accusation Decision: False
2026-04-17 17:01:12,912 - INFO - engine.game_state - --- AI Player 3 (NegamaxAI) Turn ---
2026-04-17 17:01:12,912 - INFO - engine.game_state - Dice: 10
2026-04-17 17:01:12,926 - INFO - engine.game_state - Move: Academic Building
2026-04-17 17:01:13,053 - INFO - engine.game_state - Suggestion: Suggestion(Suspect=Hashem Sir, Weapon=Anti Cutter, Location=Academic Building)
2026-04-17 17:01:13,053 - INFO - engine.game_state - AI Player 2 revealed a card
2026-04-17 17:01:13,054 - INFO - engine.game_state - Accusation Decision: False
2026-04-17 17:01:13,054 - INFO - engine.game_state - --- AI Player 2 (ExpectiminimaxAI) Turn ---
2026-04-17 17:01:13,054 - INFO - engine.game_state - Dice: 7
2026-04-17 17:01:13,067 - INFO - engine.game_state - Move: Library
2026-04-17 17:01:13,190 - INFO - engine.game_state - Suggestion: Suggestion(Suspect=Hashem Sir, Weapon=Anti Cutter, Location=Library)
2026-04-17 17:01:13,190 - INFO - engine.game_state - AI Player 3 revealed a card
2026-04-17 17:01:13,190 - INFO - engine.game_state - Accusation Decision: False
2026-04-17 17:01:13,191 - INFO - engine.game_state - --- AI Player 3 (NegamaxAI) Turn ---
2026-04-17 17:01:13,191 - INFO - engine.game_state - Dice: 7
2026-04-17 17:01:13,203 - INFO - engine.game_state - Move: Library
2026-04-17 17:01:13,344 - INFO - engine.game_state - Suggestion: Suggestion(Suspect=Hashem Sir, Weapon=Anti Cutter, Location=Library)
2026-04-17 17:01:13,345 - INFO - engine.game_state - AI Player 2 revealed a card
2026-04-17 17:01:13,345 - INFO - engine.game_state - Accusation Decision: False
2026-04-17 17:01:13,345 - INFO - engine.game_state - --- AI Player 2 (ExpectiminimaxAI) Turn ---
2026-04-17 17:01:13,345 - INFO - engine.game_state - Dice: 8
2026-04-17 17:01:13,352 - INFO - engine.game_state - Move: Academic Building
2026-04-17 17:01:13,516 - INFO - engine.game_state - Suggestion: Suggestion(Suspect=Hashem Sir, Weapon=Anti Cutter, Location=Academic Building)
2026-04-17 17:01:13,516 - INFO - engine.game_state - No one could disprove
2026-04-17 17:01:13,516 - INFO - engine.game_state - Accusation Decision: False
2026-04-17 17:01:13,517 - INFO - engine.game_state - --- AI Player 3 (NegamaxAI) Turn ---
2026-04-17 17:01:13,517 - INFO - engine.game_state - Dice: 6
2026-04-17 17:01:13,524 - INFO - engine.game_state - Move: Academic Building
2026-04-17 17:01:13,648 - INFO - engine.game_state - Suggestion: Suggestion(Suspect=Hashem Sir, Weapon=Anti Cutter, Location=Academic Building)
2026-04-17 17:01:13,648 - INFO - engine.game_state - AI Player 2 revealed a card
2026-04-17 17:01:13,649 - INFO - engine.game_state - Accusation Decision: False
2026-04-17 17:01:13,649 - INFO - engine.game_state - --- AI Player 2 (ExpectiminimaxAI) Turn ---
2026-04-17 17:01:13,649 - INFO - engine.game_state - Dice: 2
2026-04-17 17:01:13,653 - INFO - engine.game_state - Move: VC Room
2026-04-17 17:01:13,768 - INFO - engine.game_state - Suggestion: Suggestion(Suspect=Hashem Sir, Weapon=Anti Cutter, Location=VC Room)
2026-04-17 17:01:13,769 - INFO - engine.game_state - AI Player 3 revealed a card
2026-04-17 17:01:13,769 - INFO - engine.game_state - Accusation Decision: False
2026-04-17 17:01:13,769 - INFO - engine.game_state - --- AI Player 3 (NegamaxAI) Turn ---
2026-04-17 17:01:13,770 - INFO - engine.game_state - Dice: 9
2026-04-17 17:01:13,781 - INFO - engine.game_state - Move: Library
2026-04-17 17:01:13,904 - INFO - engine.game_state - Suggestion: Suggestion(Suspect=Hashem Sir, Weapon=Anti Cutter, Location=Library)
2026-04-17 17:01:13,905 - INFO - engine.game_state - AI Player 2 revealed a card
2026-04-17 17:01:13,905 - INFO - engine.game_state - Accusation Decision: False
2026-04-17 17:01:13,905 - INFO - engine.game_state - --- AI Player 2 (ExpectiminimaxAI) Turn ---
2026-04-17 17:01:13,905 - INFO - engine.game_state - Dice: 7
2026-04-17 17:01:13,911 - INFO - engine.game_state - Move: Academic Building
2026-04-17 17:01:14,036 - INFO - engine.game_state - Suggestion: Suggestion(Suspect=Hashem Sir, Weapon=Anti Cutter, Location=Academic Building)
2026-04-17 17:01:14,036 - INFO - engine.game_state - No one could disprove
2026-04-17 17:01:14,037 - INFO - engine.game_state - Accusation Decision: False
2026-04-17 17:01:14,037 - INFO - engine.game_state - --- AI Player 3 (NegamaxAI) Turn ---
2026-04-17 17:01:14,037 - INFO - engine.game_state - Dice: 3
2026-04-17 17:01:14,043 - INFO - engine.game_state - Move: VC Room
2026-04-17 17:01:14,120 - INFO - engine.game_state - Suggestion: Suggestion(Suspect=Hashem Sir, Weapon=Anti Cutter, Location=VC Room)
2026-04-17 17:01:14,120 - INFO - engine.game_state - AI Player 2 revealed a card
2026-04-17 17:01:14,120 - INFO - engine.game_state - Accusation Decision: False
2026-04-17 17:01:14,121 - INFO - engine.game_state - --- AI Player 2 (ExpectiminimaxAI) Turn ---
2026-04-17 17:01:14,121 - INFO - engine.game_state - Dice: 8
2026-04-17 17:01:14,128 - INFO - engine.game_state - Move: Library
2026-04-17 17:01:14,206 - INFO - engine.game_state - Suggestion: Suggestion(Suspect=Hashem Sir, Weapon=Anti Cutter, Location=Library)
2026-04-17 17:01:14,207 - INFO - engine.game_state - AI Player 3 revealed a card
2026-04-17 17:01:14,207 - INFO - engine.game_state - Accusation Decision: False
2026-04-17 17:01:14,207 - INFO - engine.game_state - --- AI Player 3 (NegamaxAI) Turn ---
2026-04-17 17:01:14,207 - INFO - engine.game_state - Dice: 3
2026-04-17 17:01:14,215 - INFO - engine.game_state - Move: Library
2026-04-17 17:01:14,276 - INFO - engine.game_state - Suggestion: Suggestion(Suspect=Hashem Sir, Weapon=Anti Cutter, Location=Library)
2026-04-17 17:01:14,276 - INFO - engine.game_state - AI Player 2 revealed a card
2026-04-17 17:01:14,276 - INFO - engine.game_state - Accusation Decision: False
2026-04-17 17:01:14,277 - INFO - engine.game_state - --- AI Player 2 (ExpectiminimaxAI) Turn ---
2026-04-17 17:01:14,277 - INFO - engine.game_state - Dice: 11
2026-04-17 17:01:14,282 - INFO - engine.game_state - Move: Academic Building
2026-04-17 17:01:14,403 - INFO - engine.game_state - Suggestion: Suggestion(Suspect=Hashem Sir, Weapon=Anti Cutter, Location=Academic Building)
2026-04-17 17:01:14,403 - INFO - engine.game_state - No one could disprove
2026-04-17 17:01:14,403 - INFO - engine.game_state - Accusation Decision: False
2026-04-17 17:01:14,403 - INFO - engine.game_state - --- AI Player 3 (NegamaxAI) Turn ---
2026-04-17 17:01:14,404 - INFO - engine.game_state - Dice: 9
2026-04-17 17:01:14,411 - INFO - engine.game_state - Move: Academic Building
2026-04-17 17:01:14,519 - INFO - engine.game_state - Suggestion: Suggestion(Suspect=Hashem Sir, Weapon=Anti Cutter, Location=Academic Building)
2026-04-17 17:01:14,519 - INFO - engine.game_state - AI Player 2 revealed a card
2026-04-17 17:01:14,519 - INFO - engine.game_state - Accusation Decision: False
2026-04-17 17:01:14,520 - INFO - engine.game_state - --- AI Player 2 (ExpectiminimaxAI) Turn ---
2026-04-17 17:01:14,520 - INFO - engine.game_state - Dice: 7
2026-04-17 17:01:14,528 - INFO - engine.game_state - Move: Library
2026-04-17 17:01:14,611 - INFO - engine.game_state - Suggestion: Suggestion(Suspect=Hashem Sir, Weapon=Anti Cutter, Location=Library)
2026-04-17 17:01:14,611 - INFO - engine.game_state - AI Player 3 revealed a card
2026-04-17 17:01:14,611 - INFO - engine.game_state - Accusation Decision: False
2026-04-17 17:01:14,611 - INFO - engine.game_state - --- AI Player 3 (NegamaxAI) Turn ---
2026-04-17 17:01:14,612 - INFO - engine.game_state - Dice: 7
2026-04-17 17:01:14,621 - INFO - engine.game_state - Move: Library
2026-04-17 17:01:14,711 - INFO - engine.game_state - Suggestion: Suggestion(Suspect=Hashem Sir, Weapon=Anti Cutter, Location=Library)
2026-04-17 17:01:14,712 - INFO - engine.game_state - AI Player 2 revealed a card
2026-04-17 17:01:14,712 - INFO - engine.game_state - Accusation Decision: False
2026-04-17 17:01:14,712 - INFO - engine.game_state - --- AI Player 2 (ExpectiminimaxAI) Turn ---
2026-04-17 17:01:14,712 - INFO - engine.game_state - Dice: 5
2026-04-17 17:01:14,718 - INFO - engine.game_state - Move: Academic Building
2026-04-17 17:01:14,813 - INFO - engine.game_state - Suggestion: Suggestion(Suspect=Hashem Sir, Weapon=Anti Cutter, Location=Academic Building)
2026-04-17 17:01:14,814 - INFO - engine.game_state - No one could disprove
2026-04-17 17:01:14,814 - INFO - engine.game_state - Accusation Decision: False
2026-04-17 17:01:14,814 - INFO - engine.game_state - --- AI Player 3 (NegamaxAI) Turn ---
2026-04-17 17:01:14,814 - INFO - engine.game_state - Dice: 8
2026-04-17 17:01:14,825 - INFO - engine.game_state - Move: Academic Building
2026-04-17 17:01:14,950 - INFO - engine.game_state - Suggestion: Suggestion(Suspect=Hashem Sir, Weapon=Anti Cutter, Location=Academic Building)
2026-04-17 17:01:14,951 - INFO - engine.game_state - AI Player 2 revealed a card
2026-04-17 17:01:14,951 - INFO - engine.game_state - Accusation Decision: False
2026-04-17 17:01:14,951 - INFO - engine.game_state - --- AI Player 2 (ExpectiminimaxAI) Turn ---
2026-04-17 17:01:14,951 - INFO - engine.game_state - Dice: 8
2026-04-17 17:01:14,966 - INFO - engine.game_state - Move: Library
2026-04-17 17:01:15,074 - INFO - engine.game_state - Suggestion: Suggestion(Suspect=Hashem Sir, Weapon=Anti Cutter, Location=Library)
2026-04-17 17:01:15,074 - INFO - engine.game_state - AI Player 3 revealed a card
2026-04-17 17:01:15,075 - INFO - engine.game_state - Accusation Decision: False
2026-04-17 17:01:15,075 - INFO - engine.game_state - --- AI Player 3 (NegamaxAI) Turn ---
2026-04-17 17:01:15,075 - INFO - engine.game_state - Dice: 6
2026-04-17 17:01:15,088 - INFO - engine.game_state - Move: Library
2026-04-17 17:01:15,197 - INFO - engine.game_state - Suggestion: Suggestion(Suspect=Hashem Sir, Weapon=Anti Cutter, Location=Library)
2026-04-17 17:01:15,197 - INFO - engine.game_state - AI Player 2 revealed a card
2026-04-17 17:01:15,197 - INFO - engine.game_state - Accusation Decision: False
2026-04-17 17:01:15,198 - INFO - engine.game_state - --- AI Player 2 (ExpectiminimaxAI) Turn ---
2026-04-17 17:01:15,198 - INFO - engine.game_state - Dice: 5
2026-04-17 17:01:15,205 - INFO - engine.game_state - Move: Academic Building
2026-04-17 17:01:15,311 - INFO - engine.game_state - Suggestion: Suggestion(Suspect=Hashem Sir, Weapon=Anti Cutter, Location=Academic Building)
2026-04-17 17:01:15,312 - INFO - engine.game_state - No one could disprove
2026-04-17 17:01:15,312 - INFO - engine.game_state - Accusation Decision: False
2026-04-17 17:01:15,312 - INFO - engine.game_state - --- AI Player 3 (NegamaxAI) Turn ---
2026-04-17 17:01:15,312 - INFO - engine.game_state - Dice: 5
2026-04-17 17:01:15,320 - INFO - engine.game_state - Move: Academic Building
2026-04-17 17:01:15,428 - INFO - engine.game_state - Suggestion: Suggestion(Suspect=Hashem Sir, Weapon=Anti Cutter, Location=Academic Building)
2026-04-17 17:01:15,428 - INFO - engine.game_state - AI Player 2 revealed a card
2026-04-17 17:01:15,428 - INFO - engine.game_state - Accusation Decision: False
2026-04-17 17:01:15,428 - INFO - engine.game_state - --- AI Player 2 (ExpectiminimaxAI) Turn ---
2026-04-17 17:01:15,428 - INFO - engine.game_state - Dice: 4
2026-04-17 17:01:15,436 - INFO - engine.game_state - Move: Library
2026-04-17 17:01:15,529 - INFO - engine.game_state - Suggestion: Suggestion(Suspect=Hashem Sir, Weapon=Anti Cutter, Location=Library)
2026-04-17 17:01:15,529 - INFO - engine.game_state - AI Player 3 revealed a card
2026-04-17 17:01:15,529 - INFO - engine.game_state - Accusation Decision: False
2026-04-17 17:01:15,529 - INFO - engine.game_state - --- AI Player 3 (NegamaxAI) Turn ---
2026-04-17 17:01:15,529 - INFO - engine.game_state - Dice: 2
2026-04-17 17:01:15,532 - INFO - engine.game_state - Move: VC Room
2026-04-17 17:01:15,621 - INFO - engine.game_state - Suggestion: Suggestion(Suspect=Hashem Sir, Weapon=Anti Cutter, Location=VC Room)
2026-04-17 17:01:15,621 - INFO - engine.game_state - AI Player 2 revealed a card
2026-04-17 17:01:15,622 - INFO - engine.game_state - Accusation Decision: False
2026-04-17 17:01:15,622 - INFO - engine.game_state - --- AI Player 2 (ExpectiminimaxAI) Turn ---
2026-04-17 17:01:15,622 - INFO - engine.game_state - Dice: 9
2026-04-17 17:01:15,630 - INFO - engine.game_state - Move: Academic Building
2026-04-17 17:01:15,741 - INFO - engine.game_state - Suggestion: Suggestion(Suspect=Hashem Sir, Weapon=Anti Cutter, Location=Academic Building)
2026-04-17 17:01:15,742 - INFO - engine.game_state - No one could disprove
2026-04-17 17:01:15,742 - INFO - engine.game_state - Accusation Decision: False
2026-04-17 17:01:15,742 - INFO - engine.game_state - --- AI Player 3 (NegamaxAI) Turn ---
2026-04-17 17:01:15,742 - INFO - engine.game_state - Dice: 7
2026-04-17 17:01:15,752 - INFO - engine.game_state - Move: Library
2026-04-17 17:01:15,841 - INFO - engine.game_state - Suggestion: Suggestion(Suspect=Hashem Sir, Weapon=Anti Cutter, Location=Library)
2026-04-17 17:01:15,841 - INFO - engine.game_state - AI Player 2 revealed a card
2026-04-17 17:01:15,842 - INFO - engine.game_state - Accusation Decision: False
2026-04-17 17:01:15,842 - INFO - engine.game_state - --- AI Player 2 (ExpectiminimaxAI) Turn ---
2026-04-17 17:01:15,842 - INFO - engine.game_state - Dice: 5
2026-04-17 17:01:15,849 - INFO - engine.game_state - Move: Library
2026-04-17 17:01:15,946 - INFO - engine.game_state - Suggestion: Suggestion(Suspect=Hashem Sir, Weapon=Anti Cutter, Location=Library)
2026-04-17 17:01:15,947 - INFO - engine.game_state - AI Player 3 revealed a card
2026-04-17 17:01:15,947 - INFO - engine.game_state - Accusation Decision: False
2026-04-17 17:01:15,947 - INFO - engine.game_state - --- AI Player 3 (NegamaxAI) Turn ---
2026-04-17 17:01:15,947 - INFO - engine.game_state - Dice: 10
2026-04-17 17:01:15,958 - INFO - engine.game_state - Move: Academic Building
2026-04-17 17:01:16,083 - INFO - engine.game_state - Suggestion: Suggestion(Suspect=Hashem Sir, Weapon=Anti Cutter, Location=Academic Building)
2026-04-17 17:01:16,083 - INFO - engine.game_state - AI Player 2 revealed a card
2026-04-17 17:01:16,083 - INFO - engine.game_state - Accusation Decision: False
2026-04-17 17:01:16,084 - INFO - engine.game_state - --- AI Player 2 (ExpectiminimaxAI) Turn ---
2026-04-17 17:01:16,084 - INFO - engine.game_state - Dice: 7
2026-04-17 17:01:16,089 - INFO - engine.game_state - Move: Academic Building
2026-04-17 17:01:16,229 - INFO - engine.game_state - Suggestion: Suggestion(Suspect=Hashem Sir, Weapon=Anti Cutter, Location=Academic Building)
2026-04-17 17:01:16,233 - INFO - engine.game_state - No one could disprove
2026-04-17 17:01:16,233 - INFO - engine.game_state - Accusation Decision: False
2026-04-17 17:01:16,233 - INFO - engine.game_state - --- AI Player 3 (NegamaxAI) Turn ---
2026-04-17 17:01:16,233 - INFO - engine.game_state - Dice: 7
2026-04-17 17:01:16,248 - INFO - engine.game_state - Move: Library
2026-04-17 17:01:16,358 - INFO - engine.game_state - Suggestion: Suggestion(Suspect=Hashem Sir, Weapon=Anti Cutter, Location=Library)
2026-04-17 17:01:16,358 - INFO - engine.game_state - AI Player 2 revealed a card
2026-04-17 17:01:16,358 - INFO - engine.game_state - Accusation Decision: False
2026-04-17 17:01:16,358 - INFO - engine.game_state - --- AI Player 2 (ExpectiminimaxAI) Turn ---
2026-04-17 17:01:16,359 - INFO - engine.game_state - Dice: 8
2026-04-17 17:01:16,366 - INFO - engine.game_state - Move: Library
2026-04-17 17:01:16,466 - INFO - engine.game_state - Suggestion: Suggestion(Suspect=Hashem Sir, Weapon=Anti Cutter, Location=Library)
2026-04-17 17:01:16,466 - INFO - engine.game_state - AI Player 3 revealed a card
2026-04-17 17:01:16,467 - INFO - engine.game_state - Accusation Decision: False
2026-04-17 17:01:16,467 - INFO - engine.game_state - --- AI Player 3 (NegamaxAI) Turn ---
2026-04-17 17:01:16,467 - INFO - engine.game_state - Dice: 7
2026-04-17 17:01:16,480 - INFO - engine.game_state - Move: Academic Building
2026-04-17 17:01:16,598 - INFO - engine.game_state - Suggestion: Suggestion(Suspect=Hashem Sir, Weapon=Anti Cutter, Location=Academic Building)
2026-04-17 17:01:16,598 - INFO - engine.game_state - AI Player 2 revealed a card
2026-04-17 17:01:16,599 - INFO - engine.game_state - Accusation Decision: False
2026-04-17 17:01:16,599 - INFO - engine.game_state - --- AI Player 2 (ExpectiminimaxAI) Turn ---
2026-04-17 17:01:16,599 - INFO - engine.game_state - Dice: 9
2026-04-17 17:01:16,607 - INFO - engine.game_state - Move: Academic Building
2026-04-17 17:01:16,707 - INFO - engine.game_state - Suggestion: Suggestion(Suspect=Hashem Sir, Weapon=Anti Cutter, Location=Academic Building)
2026-04-17 17:01:16,708 - INFO - engine.game_state - No one could disprove
2026-04-17 17:01:16,708 - INFO - engine.game_state - Accusation Decision: False
2026-04-17 17:01:16,708 - INFO - engine.game_state - --- AI Player 3 (NegamaxAI) Turn ---
2026-04-17 17:01:16,708 - INFO - engine.game_state - Dice: 3
2026-04-17 17:01:16,712 - INFO - engine.game_state - Move: Cafeteria
2026-04-17 17:01:16,763 - INFO - engine.game_state - Suggestion: Suggestion(Suspect=Hashem Sir, Weapon=Anti Cutter, Location=Cafeteria)
2026-04-17 17:01:16,763 - INFO - engine.game_state - AI Player 1 revealed a card
2026-04-17 17:01:16,764 - INFO - engine.game_state - Accusation Decision: False
2026-04-17 17:01:16,764 - INFO - engine.game_state - --- AI Player 2 (ExpectiminimaxAI) Turn ---
2026-04-17 17:01:16,764 - INFO - engine.game_state - Dice: 7
2026-04-17 17:01:16,771 - INFO - engine.game_state - Move: Library
2026-04-17 17:01:16,860 - INFO - engine.game_state - Suggestion: Suggestion(Suspect=Hashem Sir, Weapon=Anti Cutter, Location=Library)
2026-04-17 17:01:16,860 - INFO - engine.game_state - AI Player 3 revealed a card
2026-04-17 17:01:16,860 - INFO - engine.game_state - Accusation Decision: False
2026-04-17 17:01:16,860 - INFO - engine.game_state - --- AI Player 3 (NegamaxAI) Turn ---
2026-04-17 17:01:16,860 - INFO - engine.game_state - Dice: 10
2026-04-17 17:01:16,867 - INFO - engine.game_state - Move: Academic Building
2026-04-17 17:01:16,985 - INFO - engine.game_state - Suggestion: Suggestion(Suspect=Hashem Sir, Weapon=Anti Cutter, Location=Academic Building)
2026-04-17 17:01:16,985 - INFO - engine.game_state - AI Player 2 revealed a card
2026-04-17 17:01:16,985 - INFO - engine.game_state - Accusation Decision: False
2026-04-17 17:01:16,986 - INFO - engine.game_state - --- AI Player 2 (ExpectiminimaxAI) Turn ---
2026-04-17 17:01:16,986 - INFO - engine.game_state - Dice: 10
2026-04-17 17:01:16,995 - INFO - engine.game_state - Move: Academic Building
2026-04-17 17:01:17,095 - INFO - engine.game_state - Suggestion: Suggestion(Suspect=Hashem Sir, Weapon=Anti Cutter, Location=Academic Building)
2026-04-17 17:01:17,095 - INFO - engine.game_state - No one could disprove
2026-04-17 17:01:17,095 - INFO - engine.game_state - Accusation Decision: False
2026-04-17 17:01:17,095 - INFO - engine.game_state - --- AI Player 3 (NegamaxAI) Turn ---
2026-04-17 17:01:17,095 - INFO - engine.game_state - Dice: 7
2026-04-17 17:01:17,103 - INFO - engine.game_state - Move: Library
2026-04-17 17:01:17,229 - INFO - engine.game_state - Suggestion: Suggestion(Suspect=Hashem Sir, Weapon=Anti Cutter, Location=Library)
2026-04-17 17:01:17,230 - INFO - engine.game_state - AI Player 2 revealed a card
2026-04-17 17:01:17,230 - INFO - engine.game_state - Accusation Decision: False
2026-04-17 17:01:17,230 - INFO - engine.game_state - --- AI Player 2 (ExpectiminimaxAI) Turn ---
2026-04-17 17:01:17,230 - INFO - engine.game_state - Dice: 11
2026-04-17 17:01:17,243 - INFO - engine.game_state - Move: Library
2026-04-17 17:01:17,342 - INFO - engine.game_state - Suggestion: Suggestion(Suspect=Hashem Sir, Weapon=Anti Cutter, Location=Library)
2026-04-17 17:01:17,342 - INFO - engine.game_state - AI Player 3 revealed a card
2026-04-17 17:01:17,342 - INFO - engine.game_state - Accusation Decision: False
2026-04-17 17:01:17,343 - INFO - engine.game_state - --- AI Player 3 (NegamaxAI) Turn ---
2026-04-17 17:01:17,343 - INFO - engine.game_state - Dice: 7
2026-04-17 17:01:17,352 - INFO - engine.game_state - Move: Academic Building
2026-04-17 17:01:17,487 - INFO - engine.game_state - Suggestion: Suggestion(Suspect=Hashem Sir, Weapon=Anti Cutter, Location=Academic Building)
2026-04-17 17:01:17,487 - INFO - engine.game_state - AI Player 2 revealed a card
2026-04-17 17:01:17,487 - INFO - engine.game_state - Accusation Decision: False
2026-04-17 17:01:17,487 - INFO - engine.game_state - --- AI Player 2 (ExpectiminimaxAI) Turn ---
2026-04-17 17:01:17,488 - INFO - engine.game_state - Dice: 8
2026-04-17 17:01:17,495 - INFO - engine.game_state - Move: Academic Building
2026-04-17 17:01:17,607 - INFO - engine.game_state - Suggestion: Suggestion(Suspect=Hashem Sir, Weapon=Anti Cutter, Location=Academic Building)
2026-04-17 17:01:17,607 - INFO - engine.game_state - No one could disprove
2026-04-17 17:01:17,608 - INFO - engine.game_state - Accusation Decision: False
2026-04-17 17:01:17,608 - INFO - engine.game_state - --- AI Player 3 (NegamaxAI) Turn ---
2026-04-17 17:01:17,608 - INFO - engine.game_state - Dice: 7
2026-04-17 17:01:17,618 - INFO - engine.game_state - Move: Library
2026-04-17 17:01:17,721 - INFO - engine.game_state - Suggestion: Suggestion(Suspect=Hashem Sir, Weapon=Anti Cutter, Location=Library)
2026-04-17 17:01:17,722 - INFO - engine.game_state - AI Player 2 revealed a card
2026-04-17 17:01:17,722 - INFO - engine.game_state - Accusation Decision: False
2026-04-17 17:01:17,722 - INFO - engine.game_state - --- AI Player 2 (ExpectiminimaxAI) Turn ---
2026-04-17 17:01:17,722 - INFO - engine.game_state - Dice: 9
2026-04-17 17:01:17,733 - INFO - engine.game_state - Move: Library
2026-04-17 17:01:17,839 - INFO - engine.game_state - Suggestion: Suggestion(Suspect=Hashem Sir, Weapon=Anti Cutter, Location=Library)
2026-04-17 17:01:17,839 - INFO - engine.game_state - AI Player 3 revealed a card
2026-04-17 17:01:17,839 - INFO - engine.game_state - Accusation Decision: False
2026-04-17 17:01:17,839 - INFO - engine.game_state - --- AI Player 3 (NegamaxAI) Turn ---
2026-04-17 17:01:17,840 - INFO - engine.game_state - Dice: 7
2026-04-17 17:01:17,850 - INFO - engine.game_state - Move: Academic Building
2026-04-17 17:01:17,972 - INFO - engine.game_state - Suggestion: Suggestion(Suspect=Hashem Sir, Weapon=Anti Cutter, Location=Academic Building)
2026-04-17 17:01:17,972 - INFO - engine.game_state - AI Player 2 revealed a card
2026-04-17 17:01:17,972 - INFO - engine.game_state - Accusation Decision: False
2026-04-17 17:01:17,973 - INFO - engine.game_state - --- AI Player 2 (ExpectiminimaxAI) Turn ---
2026-04-17 17:01:17,973 - INFO - engine.game_state - Dice: 5
2026-04-17 17:01:17,983 - INFO - engine.game_state - Move: Academic Building
2026-04-17 17:01:18,118 - INFO - engine.game_state - Suggestion: Suggestion(Suspect=Hashem Sir, Weapon=Anti Cutter, Location=Academic Building)
2026-04-17 17:01:18,118 - INFO - engine.game_state - No one could disprove
2026-04-17 17:01:18,119 - INFO - engine.game_state - Accusation Decision: False
2026-04-17 17:01:18,119 - INFO - engine.game_state - --- AI Player 3 (NegamaxAI) Turn ---
2026-04-17 17:01:18,119 - INFO - engine.game_state - Dice: 7
2026-04-17 17:01:18,131 - INFO - engine.game_state - Move: Library
2026-04-17 17:01:18,265 - INFO - engine.game_state - Suggestion: Suggestion(Suspect=Hashem Sir, Weapon=Anti Cutter, Location=Library)
2026-04-17 17:01:18,265 - INFO - engine.game_state - AI Player 2 revealed a card
2026-04-17 17:01:18,266 - INFO - engine.game_state - Accusation Decision: False
2026-04-17 17:01:18,266 - INFO - engine.game_state - --- AI Player 2 (ExpectiminimaxAI) Turn ---
2026-04-17 17:01:18,266 - INFO - engine.game_state - Dice: 7
2026-04-17 17:01:18,276 - INFO - engine.game_state - Move: Library
2026-04-17 17:01:18,362 - INFO - engine.game_state - Suggestion: Suggestion(Suspect=Hashem Sir, Weapon=Anti Cutter, Location=Library)
2026-04-17 17:01:18,362 - INFO - engine.game_state - AI Player 3 revealed a card
2026-04-17 17:01:18,362 - INFO - engine.game_state - Accusation Decision: False
2026-04-17 17:01:18,363 - INFO - engine.game_state - --- AI Player 3 (NegamaxAI) Turn ---
2026-04-17 17:01:18,363 - INFO - engine.game_state - Dice: 5
2026-04-17 17:01:18,372 - INFO - engine.game_state - Move: Academic Building
2026-04-17 17:01:18,492 - INFO - engine.game_state - Suggestion: Suggestion(Suspect=Hashem Sir, Weapon=Anti Cutter, Location=Academic Building)
2026-04-17 17:01:18,492 - INFO - engine.game_state - AI Player 2 revealed a card
2026-04-17 17:01:18,492 - INFO - engine.game_state - Accusation Decision: False
2026-04-17 17:01:18,493 - INFO - engine.game_state - --- AI Player 2 (ExpectiminimaxAI) Turn ---
2026-04-17 17:01:18,493 - INFO - engine.game_state - Dice: 5
2026-04-17 17:01:18,500 - INFO - engine.game_state - Move: Academic Building
2026-04-17 17:01:18,617 - INFO - engine.game_state - Suggestion: Suggestion(Suspect=Hashem Sir, Weapon=Anti Cutter, Location=Academic Building)
2026-04-17 17:01:18,617 - INFO - engine.game_state - No one could disprove
2026-04-17 17:01:18,617 - INFO - engine.game_state - Accusation Decision: False
2026-04-17 17:01:18,617 - INFO - engine.game_state - --- AI Player 3 (NegamaxAI) Turn ---
2026-04-17 17:01:18,618 - INFO - engine.game_state - Dice: 10
2026-04-17 17:01:18,628 - INFO - engine.game_state - Move: Library
2026-04-17 17:01:18,730 - INFO - engine.game_state - Suggestion: Suggestion(Suspect=Hashem Sir, Weapon=Anti Cutter, Location=Library)
2026-04-17 17:01:18,731 - INFO - engine.game_state - AI Player 2 revealed a card
2026-04-17 17:01:18,731 - INFO - engine.game_state - Accusation Decision: False
2026-04-17 17:01:18,731 - INFO - engine.game_state - --- AI Player 2 (ExpectiminimaxAI) Turn ---
2026-04-17 17:01:18,731 - INFO - engine.game_state - Dice: 3
2026-04-17 17:01:18,735 - INFO - engine.game_state - Move: Cafeteria
2026-04-17 17:01:18,802 - INFO - engine.game_state - Suggestion: Suggestion(Suspect=Hashem Sir, Weapon=Anti Cutter, Location=Cafeteria)
2026-04-17 17:01:18,802 - INFO - engine.game_state - AI Player 1 revealed a card
2026-04-17 17:01:18,802 - INFO - engine.game_state - Accusation Decision: False
2026-04-17 17:01:18,803 - INFO - engine.game_state - --- AI Player 3 (NegamaxAI) Turn ---
2026-04-17 17:01:18,803 - INFO - engine.game_state - Dice: 2
2026-04-17 17:01:18,806 - INFO - engine.game_state - Move: VC Room
2026-04-17 17:01:18,882 - INFO - engine.game_state - Suggestion: Suggestion(Suspect=Hashem Sir, Weapon=Anti Cutter, Location=VC Room)
2026-04-17 17:01:18,883 - INFO - engine.game_state - AI Player 2 revealed a card
2026-04-17 17:01:18,883 - INFO - engine.game_state - Accusation Decision: False
2026-04-17 17:01:18,883 - INFO - engine.game_state - --- AI Player 2 (ExpectiminimaxAI) Turn ---
2026-04-17 17:01:18,883 - INFO - engine.game_state - Dice: 9
2026-04-17 17:01:18,888 - INFO - engine.game_state - Move: Academic Building
2026-04-17 17:01:19,017 - INFO - engine.game_state - Suggestion: Suggestion(Suspect=Hashem Sir, Weapon=Anti Cutter, Location=Academic Building)
2026-04-17 17:01:19,018 - INFO - engine.game_state - No one could disprove
2026-04-17 17:01:19,018 - INFO - engine.game_state - Accusation Decision: False
2026-04-17 17:01:19,018 - INFO - engine.game_state - --- AI Player 3 (NegamaxAI) Turn ---
2026-04-17 17:01:19,018 - INFO - engine.game_state - Dice: 9
2026-04-17 17:01:19,033 - INFO - engine.game_state - Move: Library
2026-04-17 17:01:19,151 - INFO - engine.game_state - Suggestion: Suggestion(Suspect=Hashem Sir, Weapon=Anti Cutter, Location=Library)
2026-04-17 17:01:19,152 - INFO - engine.game_state - AI Player 2 revealed a card
2026-04-17 17:01:19,152 - INFO - engine.game_state - Accusation Decision: False
2026-04-17 17:01:19,152 - INFO - engine.game_state - --- AI Player 2 (ExpectiminimaxAI) Turn ---
2026-04-17 17:01:19,152 - INFO - engine.game_state - Dice: 4
2026-04-17 17:01:19,165 - INFO - engine.game_state - Move: Library
2026-04-17 17:01:19,267 - INFO - engine.game_state - Suggestion: Suggestion(Suspect=Hashem Sir, Weapon=Anti Cutter, Location=Library)
2026-04-17 17:01:19,267 - INFO - engine.game_state - AI Player 3 revealed a card
2026-04-17 17:01:19,267 - INFO - engine.game_state - Accusation Decision: False
2026-04-17 17:01:19,267 - INFO - engine.game_state - --- AI Player 3 (NegamaxAI) Turn ---
2026-04-17 17:01:19,267 - INFO - engine.game_state - Dice: 8
2026-04-17 17:01:19,277 - INFO - engine.game_state - Move: Academic Building
2026-04-17 17:01:19,385 - INFO - engine.game_state - Suggestion: Suggestion(Suspect=Hashem Sir, Weapon=Anti Cutter, Location=Academic Building)
2026-04-17 17:01:19,386 - INFO - engine.game_state - AI Player 2 revealed a card
2026-04-17 17:01:19,386 - INFO - engine.game_state - Accusation Decision: False
2026-04-17 17:01:19,386 - INFO - engine.game_state - --- AI Player 2 (ExpectiminimaxAI) Turn ---
2026-04-17 17:01:19,386 - INFO - engine.game_state - Dice: 6
2026-04-17 17:01:19,393 - INFO - engine.game_state - Move: Academic Building
2026-04-17 17:01:19,525 - INFO - engine.game_state - Suggestion: Suggestion(Suspect=Hashem Sir, Weapon=Anti Cutter, Location=Academic Building)
2026-04-17 17:01:19,526 - INFO - engine.game_state - No one could disprove
2026-04-17 17:01:19,526 - INFO - engine.game_state - Accusation Decision: False
2026-04-17 17:01:19,526 - INFO - engine.game_state - --- AI Player 3 (NegamaxAI) Turn ---
2026-04-17 17:01:19,526 - INFO - engine.game_state - Dice: 9
2026-04-17 17:01:19,537 - INFO - engine.game_state - Move: Library
2026-04-17 17:01:19,655 - INFO - engine.game_state - Suggestion: Suggestion(Suspect=Hashem Sir, Weapon=Anti Cutter, Location=Library)
2026-04-17 17:01:19,659 - INFO - engine.game_state - AI Player 2 revealed a card
2026-04-17 17:01:19,659 - INFO - engine.game_state - Accusation Decision: False
2026-04-17 17:01:19,659 - INFO - engine.game_state - --- AI Player 2 (ExpectiminimaxAI) Turn ---
2026-04-17 17:01:19,659 - INFO - engine.game_state - Dice: 8
2026-04-17 17:01:19,670 - INFO - engine.game_state - Move: Library
2026-04-17 17:01:19,780 - INFO - engine.game_state - Suggestion: Suggestion(Suspect=Hashem Sir, Weapon=Anti Cutter, Location=Library)
2026-04-17 17:01:19,780 - INFO - engine.game_state - AI Player 3 revealed a card
2026-04-17 17:01:19,780 - INFO - engine.game_state - Accusation Decision: False
2026-04-17 17:01:19,780 - INFO - engine.game_state - --- AI Player 3 (NegamaxAI) Turn ---
2026-04-17 17:01:19,781 - INFO - engine.game_state - Dice: 11
2026-04-17 17:01:19,791 - INFO - engine.game_state - Move: Academic Building
2026-04-17 17:01:19,932 - INFO - engine.game_state - Suggestion: Suggestion(Suspect=Hashem Sir, Weapon=Anti Cutter, Location=Academic Building)
2026-04-17 17:01:19,932 - INFO - engine.game_state - AI Player 2 revealed a card
2026-04-17 17:01:19,932 - INFO - engine.game_state - Accusation Decision: False
2026-04-17 17:01:19,932 - INFO - engine.game_state - --- AI Player 2 (ExpectiminimaxAI) Turn ---
2026-04-17 17:01:19,933 - INFO - engine.game_state - Dice: 4
2026-04-17 17:01:19,940 - INFO - engine.game_state - Move: Academic Building
2026-04-17 17:01:20,069 - INFO - engine.game_state - Suggestion: Suggestion(Suspect=Hashem Sir, Weapon=Anti Cutter, Location=Academic Building)
2026-04-17 17:01:20,070 - INFO - engine.game_state - No one could disprove
2026-04-17 17:01:20,070 - INFO - engine.game_state - Accusation Decision: False
2026-04-17 17:01:20,070 - INFO - engine.game_state - --- AI Player 3 (NegamaxAI) Turn ---
2026-04-17 17:01:20,070 - INFO - engine.game_state - Dice: 5
2026-04-17 17:01:20,079 - INFO - engine.game_state - Move: Library
2026-04-17 17:01:20,195 - INFO - engine.game_state - Suggestion: Suggestion(Suspect=Hashem Sir, Weapon=Anti Cutter, Location=Library)
2026-04-17 17:01:20,196 - INFO - engine.game_state - AI Player 2 revealed a card
2026-04-17 17:01:20,196 - INFO - engine.game_state - Accusation Decision: False
2026-04-17 17:01:20,196 - INFO - engine.game_state - --- AI Player 2 (ExpectiminimaxAI) Turn ---
2026-04-17 17:01:20,196 - INFO - engine.game_state - Dice: 7
2026-04-17 17:01:20,207 - INFO - engine.game_state - Move: Library
2026-04-17 17:01:20,301 - INFO - engine.game_state - Suggestion: Suggestion(Suspect=Hashem Sir, Weapon=Anti Cutter, Location=Library)
2026-04-17 17:01:20,301 - INFO - engine.game_state - AI Player 3 revealed a card
2026-04-17 17:01:20,301 - INFO - engine.game_state - Accusation Decision: False
2026-04-17 17:01:20,301 - INFO - engine.game_state - --- AI Player 3 (NegamaxAI) Turn ---
2026-04-17 17:01:20,301 - INFO - engine.game_state - Dice: 9
2026-04-17 17:01:20,311 - INFO - engine.game_state - Move: Academic Building
2026-04-17 17:01:20,441 - INFO - engine.game_state - Suggestion: Suggestion(Suspect=Hashem Sir, Weapon=Anti Cutter, Location=Academic Building)
2026-04-17 17:01:20,441 - INFO - engine.game_state - AI Player 2 revealed a card
2026-04-17 17:01:20,441 - INFO - engine.game_state - Accusation Decision: False
2026-04-17 17:01:20,441 - INFO - engine.game_state - --- AI Player 2 (ExpectiminimaxAI) Turn ---
2026-04-17 17:01:20,442 - INFO - engine.game_state - Dice: 12
2026-04-17 17:01:20,447 - INFO - engine.game_state - Move: Academic Building
2026-04-17 17:01:20,580 - INFO - engine.game_state - Suggestion: Suggestion(Suspect=Hashem Sir, Weapon=Anti Cutter, Location=Academic Building)
2026-04-17 17:01:20,580 - INFO - engine.game_state - No one could disprove
2026-04-17 17:01:20,581 - INFO - engine.game_state - Accusation Decision: False
2026-04-17 17:01:20,581 - INFO - engine.game_state - --- AI Player 3 (NegamaxAI) Turn ---
2026-04-17 17:01:20,581 - INFO - engine.game_state - Dice: 6
2026-04-17 17:01:20,594 - INFO - engine.game_state - Move: Library
2026-04-17 17:01:20,682 - INFO - engine.game_state - Suggestion: Suggestion(Suspect=Hashem Sir, Weapon=Anti Cutter, Location=Library)
2026-04-17 17:01:20,682 - INFO - engine.game_state - AI Player 2 revealed a card
2026-04-17 17:01:20,682 - INFO - engine.game_state - Accusation Decision: False
2026-04-17 17:01:20,682 - INFO - engine.game_state - --- AI Player 2 (ExpectiminimaxAI) Turn ---
2026-04-17 17:01:20,682 - INFO - engine.game_state - Dice: 8
2026-04-17 17:01:20,693 - INFO - engine.game_state - Move: Library
2026-04-17 17:01:20,808 - INFO - engine.game_state - Suggestion: Suggestion(Suspect=Hashem Sir, Weapon=Anti Cutter, Location=Library)
2026-04-17 17:01:20,808 - INFO - engine.game_state - AI Player 3 revealed a card
2026-04-17 17:01:20,808 - INFO - engine.game_state - Accusation Decision: False
2026-04-17 17:01:20,808 - INFO - engine.game_state - --- AI Player 3 (NegamaxAI) Turn ---
2026-04-17 17:01:20,809 - INFO - engine.game_state - Dice: 6
2026-04-17 17:01:20,821 - INFO - engine.game_state - Move: Academic Building
2026-04-17 17:01:20,939 - INFO - engine.game_state - Suggestion: Suggestion(Suspect=Hashem Sir, Weapon=Anti Cutter, Location=Academic Building)
2026-04-17 17:01:20,939 - INFO - engine.game_state - AI Player 2 revealed a card
2026-04-17 17:01:20,939 - INFO - engine.game_state - Accusation Decision: False
2026-04-17 17:01:20,939 - INFO - engine.game_state - --- AI Player 2 (ExpectiminimaxAI) Turn ---
2026-04-17 17:01:20,940 - INFO - engine.game_state - Dice: 6
2026-04-17 17:01:20,947 - INFO - engine.game_state - Move: Academic Building
2026-04-17 17:01:21,090 - INFO - engine.game_state - Suggestion: Suggestion(Suspect=Hashem Sir, Weapon=Anti Cutter, Location=Academic Building)
2026-04-17 17:01:21,091 - INFO - engine.game_state - No one could disprove
2026-04-17 17:01:21,091 - INFO - engine.game_state - Accusation Decision: False
2026-04-17 17:01:21,091 - INFO - engine.game_state - --- AI Player 3 (NegamaxAI) Turn ---
2026-04-17 17:01:21,091 - INFO - engine.game_state - Dice: 2
2026-04-17 17:01:21,094 - INFO - engine.game_state - Move: VC Room
2026-04-17 17:01:21,160 - INFO - engine.game_state - Suggestion: Suggestion(Suspect=Hashem Sir, Weapon=Anti Cutter, Location=VC Room)
2026-04-17 17:01:21,160 - INFO - engine.game_state - AI Player 2 revealed a card
2026-04-17 17:01:21,161 - INFO - engine.game_state - Accusation Decision: False
2026-04-17 17:01:21,161 - INFO - engine.game_state - --- AI Player 2 (ExpectiminimaxAI) Turn ---
2026-04-17 17:01:21,161 - INFO - engine.game_state - Dice: 7
2026-04-17 17:01:21,169 - INFO - engine.game_state - Move: Library
2026-04-17 17:01:21,260 - INFO - engine.game_state - Suggestion: Suggestion(Suspect=Hashem Sir, Weapon=Anti Cutter, Location=Library)
2026-04-17 17:01:21,261 - INFO - engine.game_state - AI Player 3 revealed a card
2026-04-17 17:01:21,261 - INFO - engine.game_state - Accusation Decision: False
2026-04-17 17:01:21,261 - INFO - engine.game_state - --- AI Player 3 (NegamaxAI) Turn ---
2026-04-17 17:01:21,261 - INFO - engine.game_state - Dice: 2
2026-04-17 17:01:21,265 - INFO - engine.game_state - Move: Library
2026-04-17 17:01:21,347 - INFO - engine.game_state - Suggestion: Suggestion(Suspect=Hashem Sir, Weapon=Anti Cutter, Location=Library)
2026-04-17 17:01:21,347 - INFO - engine.game_state - AI Player 2 revealed a card
2026-04-17 17:01:21,347 - INFO - engine.game_state - Accusation Decision: False
2026-04-17 17:01:21,347 - INFO - engine.game_state - --- AI Player 2 (ExpectiminimaxAI) Turn ---
2026-04-17 17:01:21,347 - INFO - engine.game_state - Dice: 4
2026-04-17 17:01:21,354 - INFO - engine.game_state - Move: Academic Building
2026-04-17 17:01:21,497 - INFO - engine.game_state - Suggestion: Suggestion(Suspect=Hashem Sir, Weapon=Anti Cutter, Location=Academic Building)
2026-04-17 17:01:21,497 - INFO - engine.game_state - No one could disprove
2026-04-17 17:01:21,497 - INFO - engine.game_state - Accusation Decision: False
2026-04-17 17:01:21,497 - INFO - engine.game_state - --- AI Player 3 (NegamaxAI) Turn ---
2026-04-17 17:01:21,497 - INFO - engine.game_state - Dice: 2
2026-04-17 17:01:21,501 - INFO - engine.game_state - Move: VC Room
2026-04-17 17:01:21,576 - INFO - engine.game_state - Suggestion: Suggestion(Suspect=Hashem Sir, Weapon=Anti Cutter, Location=VC Room)
2026-04-17 17:01:21,576 - INFO - engine.game_state - AI Player 2 revealed a card
2026-04-17 17:01:21,577 - INFO - engine.game_state - Accusation Decision: False
2026-04-17 17:01:21,577 - INFO - engine.game_state - --- AI Player 2 (ExpectiminimaxAI) Turn ---
2026-04-17 17:01:21,577 - INFO - engine.game_state - Dice: 7
2026-04-17 17:01:21,587 - INFO - engine.game_state - Move: Library
2026-04-17 17:01:21,675 - INFO - engine.game_state - Suggestion: Suggestion(Suspect=Hashem Sir, Weapon=Anti Cutter, Location=Library)
2026-04-17 17:01:21,675 - INFO - engine.game_state - AI Player 3 revealed a card
2026-04-17 17:01:21,675 - INFO - engine.game_state - Accusation Decision: False
2026-04-17 17:01:21,675 - INFO - engine.game_state - --- AI Player 3 (NegamaxAI) Turn ---
2026-04-17 17:01:21,675 - INFO - engine.game_state - Dice: 7
2026-04-17 17:01:21,686 - INFO - engine.game_state - Move: Library
2026-04-17 17:01:21,783 - INFO - engine.game_state - Suggestion: Suggestion(Suspect=Hashem Sir, Weapon=Anti Cutter, Location=Library)
2026-04-17 17:01:21,783 - INFO - engine.game_state - AI Player 2 revealed a card
2026-04-17 17:01:21,783 - INFO - engine.game_state - Accusation Decision: False
2026-04-17 17:01:21,783 - INFO - engine.game_state - --- AI Player 2 (ExpectiminimaxAI) Turn ---
2026-04-17 17:01:21,784 - INFO - engine.game_state - Dice: 9
2026-04-17 17:01:21,791 - INFO - engine.game_state - Move: Academic Building
2026-04-17 17:01:21,933 - INFO - engine.game_state - Suggestion: Suggestion(Suspect=Hashem Sir, Weapon=Anti Cutter, Location=Academic Building)
2026-04-17 17:01:21,933 - INFO - engine.game_state - No one could disprove
2026-04-17 17:01:21,933 - INFO - engine.game_state - Accusation Decision: False
2026-04-17 17:01:21,934 - INFO - engine.game_state - --- AI Player 3 (NegamaxAI) Turn ---
2026-04-17 17:01:21,934 - INFO - engine.game_state - Dice: 10
2026-04-17 17:01:21,947 - INFO - engine.game_state - Move: Academic Building
2026-04-17 17:01:22,097 - INFO - engine.game_state - Suggestion: Suggestion(Suspect=Hashem Sir, Weapon=Anti Cutter, Location=Academic Building)
2026-04-17 17:01:22,097 - INFO - engine.game_state - AI Player 2 revealed a card
2026-04-17 17:01:22,097 - INFO - engine.game_state - Accusation Decision: False
2026-04-17 17:01:22,098 - INFO - engine.game_state - --- AI Player 2 (ExpectiminimaxAI) Turn ---
2026-04-17 17:01:22,098 - INFO - engine.game_state - Dice: 9
2026-04-17 17:01:22,107 - INFO - engine.game_state - Move: Library
2026-04-17 17:01:22,205 - INFO - engine.game_state - Suggestion: Suggestion(Suspect=Hashem Sir, Weapon=Anti Cutter, Location=Library)
2026-04-17 17:01:22,206 - INFO - engine.game_state - AI Player 3 revealed a card
2026-04-17 17:01:22,206 - INFO - engine.game_state - Accusation Decision: False
2026-04-17 17:01:22,206 - INFO - engine.game_state - --- AI Player 3 (NegamaxAI) Turn ---
2026-04-17 17:01:22,206 - INFO - engine.game_state - Dice: 7
2026-04-17 17:01:22,216 - INFO - engine.game_state - Move: Library
2026-04-17 17:01:22,305 - INFO - engine.game_state - Suggestion: Suggestion(Suspect=Hashem Sir, Weapon=Anti Cutter, Location=Library)
2026-04-17 17:01:22,306 - INFO - engine.game_state - AI Player 2 revealed a card
2026-04-17 17:01:22,306 - INFO - engine.game_state - Accusation Decision: False
2026-04-17 17:01:22,306 - INFO - engine.game_state - --- AI Player 2 (ExpectiminimaxAI) Turn ---
2026-04-17 17:01:22,306 - INFO - engine.game_state - Dice: 7
2026-04-17 17:01:22,313 - INFO - engine.game_state - Move: Academic Building
2026-04-17 17:01:22,434 - INFO - engine.game_state - Suggestion: Suggestion(Suspect=Hashem Sir, Weapon=Anti Cutter, Location=Academic Building)
2026-04-17 17:01:22,434 - INFO - engine.game_state - No one could disprove
2026-04-17 17:01:22,434 - INFO - engine.game_state - Accusation Decision: False
2026-04-17 17:01:22,434 - INFO - engine.game_state - --- AI Player 3 (NegamaxAI) Turn ---
2026-04-17 17:01:22,435 - INFO - engine.game_state - Dice: 10
2026-04-17 17:01:22,445 - INFO - engine.game_state - Move: Academic Building
2026-04-17 17:01:22,560 - INFO - engine.game_state - Suggestion: Suggestion(Suspect=Hashem Sir, Weapon=Anti Cutter, Location=Academic Building)
2026-04-17 17:01:22,561 - INFO - engine.game_state - AI Player 2 revealed a card
2026-04-17 17:01:22,561 - INFO - engine.game_state - Accusation Decision: False
2026-04-17 17:01:22,561 - INFO - engine.game_state - --- AI Player 2 (ExpectiminimaxAI) Turn ---
2026-04-17 17:01:22,561 - INFO - engine.game_state - Dice: 9
2026-04-17 17:01:22,569 - INFO - engine.game_state - Move: Library
2026-04-17 17:01:22,662 - INFO - engine.game_state - Suggestion: Suggestion(Suspect=Hashem Sir, Weapon=Anti Cutter, Location=Library)
2026-04-17 17:01:22,663 - INFO - engine.game_state - AI Player 3 revealed a card
2026-04-17 17:01:22,663 - INFO - engine.game_state - Accusation Decision: False
2026-04-17 17:01:22,663 - INFO - engine.game_state - --- AI Player 3 (NegamaxAI) Turn ---
2026-04-17 17:01:22,663 - INFO - engine.game_state - Dice: 9
2026-04-17 17:01:22,672 - INFO - engine.game_state - Move: Library
2026-04-17 17:01:22,768 - INFO - engine.game_state - Suggestion: Suggestion(Suspect=Hashem Sir, Weapon=Anti Cutter, Location=Library)
2026-04-17 17:01:22,769 - INFO - engine.game_state - AI Player 2 revealed a card
2026-04-17 17:01:22,769 - INFO - engine.game_state - Accusation Decision: False
2026-04-17 17:01:22,769 - INFO - engine.game_state - --- AI Player 2 (ExpectiminimaxAI) Turn ---
2026-04-17 17:01:22,769 - INFO - engine.game_state - Dice: 7
2026-04-17 17:01:22,776 - INFO - engine.game_state - Move: Academic Building
2026-04-17 17:01:22,892 - INFO - engine.game_state - Suggestion: Suggestion(Suspect=Hashem Sir, Weapon=Anti Cutter, Location=Academic Building)
2026-04-17 17:01:22,892 - INFO - engine.game_state - No one could disprove
2026-04-17 17:01:22,892 - INFO - engine.game_state - Accusation Decision: False
2026-04-17 17:01:22,892 - INFO - engine.game_state - --- AI Player 3 (NegamaxAI) Turn ---
2026-04-17 17:01:22,892 - INFO - engine.game_state - Dice: 8
2026-04-17 17:01:22,902 - INFO - engine.game_state - Move: Academic Building
2026-04-17 17:01:23,035 - INFO - engine.game_state - Suggestion: Suggestion(Suspect=Hashem Sir, Weapon=Anti Cutter, Location=Academic Building)
2026-04-17 17:01:23,036 - INFO - engine.game_state - AI Player 2 revealed a card
2026-04-17 17:01:23,036 - INFO - engine.game_state - Accusation Decision: False
2026-04-17 17:01:23,036 - INFO - engine.game_state - --- AI Player 2 (ExpectiminimaxAI) Turn ---
2026-04-17 17:01:23,036 - INFO - engine.game_state - Dice: 8
2026-04-17 17:01:23,048 - INFO - engine.game_state - Move: Library
2026-04-17 17:01:23,142 - INFO - engine.game_state - Suggestion: Suggestion(Suspect=Hashem Sir, Weapon=Anti Cutter, Location=Library)
2026-04-17 17:01:23,143 - INFO - engine.game_state - AI Player 3 revealed a card
2026-04-17 17:01:23,143 - INFO - engine.game_state - Accusation Decision: False
2026-04-17 17:01:23,143 - INFO - engine.game_state - --- AI Player 3 (NegamaxAI) Turn ---
2026-04-17 17:01:23,143 - INFO - engine.game_state - Dice: 6
2026-04-17 17:01:23,155 - INFO - engine.game_state - Move: Library
2026-04-17 17:01:23,263 - INFO - engine.game_state - Suggestion: Suggestion(Suspect=Hashem Sir, Weapon=Anti Cutter, Location=Library)
2026-04-17 17:01:23,263 - INFO - engine.game_state - AI Player 2 revealed a card
2026-04-17 17:01:23,263 - INFO - engine.game_state - Accusation Decision: False
2026-04-17 17:01:23,264 - INFO - engine.game_state - --- AI Player 2 (ExpectiminimaxAI) Turn ---
2026-04-17 17:01:23,264 - INFO - engine.game_state - Dice: 7
2026-04-17 17:01:23,271 - INFO - engine.game_state - Move: Academic Building
2026-04-17 17:01:23,397 - INFO - engine.game_state - Suggestion: Suggestion(Suspect=Hashem Sir, Weapon=Anti Cutter, Location=Academic Building)
2026-04-17 17:01:23,397 - INFO - engine.game_state - No one could disprove
2026-04-17 17:01:23,398 - INFO - engine.game_state - Accusation Decision: False
2026-04-17 17:01:23,398 - INFO - engine.game_state - --- AI Player 3 (NegamaxAI) Turn ---
2026-04-17 17:01:23,398 - INFO - engine.game_state - Dice: 2
2026-04-17 17:01:23,401 - INFO - engine.game_state - Move: VC Room
2026-04-17 17:01:23,483 - INFO - engine.game_state - Suggestion: Suggestion(Suspect=Hashem Sir, Weapon=Anti Cutter, Location=VC Room)
2026-04-17 17:01:23,483 - INFO - engine.game_state - AI Player 2 revealed a card
2026-04-17 17:01:23,483 - INFO - engine.game_state - Accusation Decision: False
2026-04-17 17:01:23,483 - INFO - engine.game_state - --- AI Player 2 (ExpectiminimaxAI) Turn ---
2026-04-17 17:01:23,484 - INFO - engine.game_state - Dice: 7
2026-04-17 17:01:23,491 - INFO - engine.game_state - Move: Library
2026-04-17 17:01:23,576 - INFO - engine.game_state - Suggestion: Suggestion(Suspect=Hashem Sir, Weapon=Anti Cutter, Location=Library)
2026-04-17 17:01:23,577 - INFO - engine.game_state - AI Player 3 revealed a card
2026-04-17 17:01:23,577 - INFO - engine.game_state - Accusation Decision: False
2026-04-17 17:01:23,577 - INFO - engine.game_state - --- AI Player 3 (NegamaxAI) Turn ---
2026-04-17 17:01:23,577 - INFO - engine.game_state - Dice: 11
2026-04-17 17:01:23,586 - INFO - engine.game_state - Move: Library
2026-04-17 17:01:23,697 - INFO - engine.game_state - Suggestion: Suggestion(Suspect=Hashem Sir, Weapon=Anti Cutter, Location=Library)
2026-04-17 17:01:23,698 - INFO - engine.game_state - AI Player 2 revealed a card
2026-04-17 17:01:23,698 - INFO - engine.game_state - Accusation Decision: False
2026-04-17 17:01:23,698 - INFO - engine.game_state - --- AI Player 2 (ExpectiminimaxAI) Turn ---
2026-04-17 17:01:23,698 - INFO - engine.game_state - Dice: 5
2026-04-17 17:01:23,704 - INFO - engine.game_state - Move: Academic Building
2026-04-17 17:01:23,819 - INFO - engine.game_state - Suggestion: Suggestion(Suspect=Hashem Sir, Weapon=Anti Cutter, Location=Academic Building)
2026-04-17 17:01:23,820 - INFO - engine.game_state - No one could disprove
2026-04-17 17:01:23,820 - INFO - engine.game_state - Accusation Decision: False
2026-04-17 17:01:23,820 - INFO - engine.game_state - --- AI Player 3 (NegamaxAI) Turn ---
2026-04-17 17:01:23,820 - INFO - engine.game_state - Dice: 7
2026-04-17 17:01:23,830 - INFO - engine.game_state - Move: Academic Building
2026-04-17 17:01:23,933 - INFO - engine.game_state - Suggestion: Suggestion(Suspect=Hashem Sir, Weapon=Anti Cutter, Location=Academic Building)
2026-04-17 17:01:23,933 - INFO - engine.game_state - AI Player 2 revealed a card
2026-04-17 17:01:23,933 - INFO - engine.game_state - Accusation Decision: False
2026-04-17 17:01:23,934 - INFO - engine.game_state - --- AI Player 2 (ExpectiminimaxAI) Turn ---
2026-04-17 17:01:23,934 - INFO - engine.game_state - Dice: 8
2026-04-17 17:01:23,942 - INFO - engine.game_state - Move: Library
2026-04-17 17:01:24,043 - INFO - engine.game_state - Suggestion: Suggestion(Suspect=Hashem Sir, Weapon=Anti Cutter, Location=Library)
2026-04-17 17:01:24,043 - INFO - engine.game_state - AI Player 3 revealed a card
2026-04-17 17:01:24,044 - INFO - engine.game_state - Accusation Decision: False
2026-04-17 17:01:24,044 - INFO - engine.game_state - --- AI Player 3 (NegamaxAI) Turn ---
2026-04-17 17:01:24,044 - INFO - engine.game_state - Dice: 6
2026-04-17 17:01:24,054 - INFO - engine.game_state - Move: Library
2026-04-17 17:01:24,148 - INFO - engine.game_state - Suggestion: Suggestion(Suspect=Hashem Sir, Weapon=Anti Cutter, Location=Library)
2026-04-17 17:01:24,149 - INFO - engine.game_state - AI Player 2 revealed a card
2026-04-17 17:01:24,149 - INFO - engine.game_state - Accusation Decision: False
2026-04-17 17:01:24,149 - INFO - engine.game_state - --- AI Player 2 (ExpectiminimaxAI) Turn ---
2026-04-17 17:01:24,149 - INFO - engine.game_state - Dice: 4
2026-04-17 17:01:24,155 - INFO - engine.game_state - Move: Academic Building
2026-04-17 17:01:24,262 - INFO - engine.game_state - Suggestion: Suggestion(Suspect=Hashem Sir, Weapon=Anti Cutter, Location=Academic Building)
2026-04-17 17:01:24,262 - INFO - engine.game_state - No one could disprove
2026-04-17 17:01:24,262 - INFO - engine.game_state - Accusation Decision: False
2026-04-17 17:01:24,262 - INFO - engine.game_state - --- AI Player 3 (NegamaxAI) Turn ---
2026-04-17 17:01:24,262 - INFO - engine.game_state - Dice: 6
2026-04-17 17:01:24,273 - INFO - engine.game_state - Move: Academic Building
2026-04-17 17:01:24,398 - INFO - engine.game_state - Suggestion: Suggestion(Suspect=Hashem Sir, Weapon=Anti Cutter, Location=Academic Building)
2026-04-17 17:01:24,398 - INFO - engine.game_state - AI Player 2 revealed a card
2026-04-17 17:01:24,399 - INFO - engine.game_state - Accusation Decision: False
2026-04-17 17:01:24,399 - INFO - engine.game_state - --- AI Player 2 (ExpectiminimaxAI) Turn ---
2026-04-17 17:01:24,399 - INFO - engine.game_state - Dice: 5
2026-04-17 17:01:24,412 - INFO - engine.game_state - Move: Library
2026-04-17 17:01:24,509 - INFO - engine.game_state - Suggestion: Suggestion(Suspect=Hashem Sir, Weapon=Anti Cutter, Location=Library)
2026-04-17 17:01:24,509 - INFO - engine.game_state - AI Player 3 revealed a card
2026-04-17 17:01:24,509 - INFO - engine.game_state - Accusation Decision: False
2026-04-17 17:01:24,509 - INFO - engine.game_state - --- AI Player 3 (NegamaxAI) Turn ---
2026-04-17 17:01:24,510 - INFO - engine.game_state - Dice: 2
2026-04-17 17:01:24,512 - INFO - engine.game_state - Move: VC Room
2026-04-17 17:01:24,586 - INFO - engine.game_state - Suggestion: Suggestion(Suspect=Hashem Sir, Weapon=Anti Cutter, Location=VC Room)
2026-04-17 17:01:24,587 - INFO - engine.game_state - AI Player 2 revealed a card
2026-04-17 17:01:24,587 - INFO - engine.game_state - Accusation Decision: False
2026-04-17 17:01:24,587 - INFO - engine.game_state - --- AI Player 2 (ExpectiminimaxAI) Turn ---
2026-04-17 17:01:24,588 - INFO - engine.game_state - Dice: 9
2026-04-17 17:01:24,595 - INFO - engine.game_state - Move: Academic Building
2026-04-17 17:01:24,702 - INFO - engine.game_state - Suggestion: Suggestion(Suspect=Hashem Sir, Weapon=Anti Cutter, Location=Academic Building)
2026-04-17 17:01:24,702 - INFO - engine.game_state - No one could disprove
2026-04-17 17:01:24,702 - INFO - engine.game_state - Accusation Decision: False
2026-04-17 17:01:24,703 - INFO - engine.game_state - --- AI Player 3 (NegamaxAI) Turn ---
2026-04-17 17:01:24,703 - INFO - engine.game_state - Dice: 7
2026-04-17 17:01:24,711 - INFO - engine.game_state - Move: Library
2026-04-17 17:01:24,814 - INFO - engine.game_state - Suggestion: Suggestion(Suspect=Hashem Sir, Weapon=Anti Cutter, Location=Library)
2026-04-17 17:01:24,814 - INFO - engine.game_state - AI Player 2 revealed a card
2026-04-17 17:01:24,814 - INFO - engine.game_state - Accusation Decision: False
2026-04-17 17:01:24,814 - INFO - engine.game_state - --- AI Player 2 (ExpectiminimaxAI) Turn ---
2026-04-17 17:01:24,814 - INFO - engine.game_state - Dice: 8
2026-04-17 17:01:24,822 - INFO - engine.game_state - Move: Library
2026-04-17 17:01:24,902 - INFO - engine.game_state - Suggestion: Suggestion(Suspect=Hashem Sir, Weapon=Anti Cutter, Location=Library)
2026-04-17 17:01:24,902 - INFO - engine.game_state - AI Player 3 revealed a card
2026-04-17 17:01:24,902 - INFO - engine.game_state - Accusation Decision: False
2026-04-17 17:01:24,903 - INFO - engine.game_state - --- AI Player 3 (NegamaxAI) Turn ---
2026-04-17 17:01:24,903 - INFO - engine.game_state - Dice: 7
2026-04-17 17:01:24,911 - INFO - engine.game_state - Move: Academic Building
2026-04-17 17:01:25,052 - INFO - engine.game_state - Suggestion: Suggestion(Suspect=Hashem Sir, Weapon=Anti Cutter, Location=Academic Building)
2026-04-17 17:01:25,052 - INFO - engine.game_state - AI Player 2 revealed a card
2026-04-17 17:01:25,052 - INFO - engine.game_state - Accusation Decision: False
2026-04-17 17:01:25,052 - INFO - engine.game_state - --- AI Player 2 (ExpectiminimaxAI) Turn ---
2026-04-17 17:01:25,052 - INFO - engine.game_state - Dice: 11
2026-04-17 17:01:25,062 - INFO - engine.game_state - Move: Academic Building
2026-04-17 17:01:25,201 - INFO - engine.game_state - Suggestion: Suggestion(Suspect=Hashem Sir, Weapon=Anti Cutter, Location=Academic Building)
2026-04-17 17:01:25,201 - INFO - engine.game_state - No one could disprove
2026-04-17 17:01:25,201 - INFO - engine.game_state - Accusation Decision: False
2026-04-17 17:01:25,201 - INFO - engine.game_state - --- AI Player 3 (NegamaxAI) Turn ---
2026-04-17 17:01:25,202 - INFO - engine.game_state - Dice: 6
2026-04-17 17:01:25,212 - INFO - engine.game_state - Move: Library
2026-04-17 17:01:25,322 - INFO - engine.game_state - Suggestion: Suggestion(Suspect=Hashem Sir, Weapon=Anti Cutter, Location=Library)
2026-04-17 17:01:25,322 - INFO - engine.game_state - AI Player 2 revealed a card
2026-04-17 17:01:25,322 - INFO - engine.game_state - Accusation Decision: False
2026-04-17 17:01:25,323 - INFO - engine.game_state - --- AI Player 2 (ExpectiminimaxAI) Turn ---
2026-04-17 17:01:25,323 - INFO - engine.game_state - Dice: 7
2026-04-17 17:01:25,333 - INFO - engine.game_state - Move: Library
2026-04-17 17:01:25,420 - INFO - engine.game_state - Suggestion: Suggestion(Suspect=Hashem Sir, Weapon=Anti Cutter, Location=Library)
2026-04-17 17:01:25,420 - INFO - engine.game_state - AI Player 3 revealed a card
2026-04-17 17:01:25,420 - INFO - engine.game_state - Accusation Decision: False
2026-04-17 17:01:25,420 - INFO - engine.game_state - --- AI Player 3 (NegamaxAI) Turn ---
2026-04-17 17:01:25,421 - INFO - engine.game_state - Dice: 8
2026-04-17 17:01:25,429 - INFO - engine.game_state - Move: Academic Building
2026-04-17 17:01:25,566 - INFO - engine.game_state - Suggestion: Suggestion(Suspect=Hashem Sir, Weapon=Anti Cutter, Location=Academic Building)
2026-04-17 17:01:25,566 - INFO - engine.game_state - AI Player 2 revealed a card
2026-04-17 17:01:25,566 - INFO - engine.game_state - Accusation Decision: False
2026-04-17 17:01:25,566 - INFO - engine.game_state - --- AI Player 2 (ExpectiminimaxAI) Turn ---
2026-04-17 17:01:25,567 - INFO - engine.game_state - Dice: 3
2026-04-17 17:01:25,570 - INFO - engine.game_state - Move: Pocket Gate
2026-04-17 17:01:25,668 - INFO - engine.game_state - Suggestion: Suggestion(Suspect=Hashem Sir, Weapon=Anti Cutter, Location=Pocket Gate)
2026-04-17 17:01:25,668 - INFO - engine.game_state - No one could disprove
2026-04-17 17:01:25,668 - INFO - engine.game_state - Accusation Decision: False
2026-04-17 17:01:25,669 - INFO - engine.game_state - --- AI Player 3 (NegamaxAI) Turn ---
2026-04-17 17:01:25,669 - INFO - engine.game_state - Dice: 11
2026-04-17 17:01:25,680 - INFO - engine.game_state - Move: Library
2026-04-17 17:01:25,790 - INFO - engine.game_state - Suggestion: Suggestion(Suspect=Hashem Sir, Weapon=Anti Cutter, Location=Library)
2026-04-17 17:01:25,791 - INFO - engine.game_state - AI Player 2 revealed a card
2026-04-17 17:01:25,791 - INFO - engine.game_state - Accusation Decision: False
2026-04-17 17:01:25,791 - INFO - engine.game_state - --- AI Player 2 (ExpectiminimaxAI) Turn ---
2026-04-17 17:01:25,791 - INFO - engine.game_state - Dice: 10
2026-04-17 17:01:25,801 - INFO - engine.game_state - Move: Central Field
2026-04-17 17:01:25,958 - INFO - engine.game_state - Suggestion: Suggestion(Suspect=Hashem Sir, Weapon=Anti Cutter, Location=Central Field)
2026-04-17 17:01:25,959 - INFO - engine.game_state - AI Player 1 revealed a card
2026-04-17 17:01:25,959 - INFO - engine.game_state - Accusation Decision: False
2026-04-17 17:01:25,959 - INFO - engine.game_state - --- AI Player 3 (NegamaxAI) Turn ---
2026-04-17 17:01:25,959 - INFO - engine.game_state - Dice: 7
2026-04-17 17:01:25,968 - INFO - engine.game_state - Move: Academic Building
2026-04-17 17:01:26,095 - INFO - engine.game_state - Suggestion: Suggestion(Suspect=Hashem Sir, Weapon=Anti Cutter, Location=Academic Building)
2026-04-17 17:01:26,095 - INFO - engine.game_state - AI Player 2 revealed a card
2026-04-17 17:01:26,095 - INFO - engine.game_state - Accusation Decision: False
2026-04-17 17:01:26,095 - INFO - engine.game_state - --- AI Player 2 (ExpectiminimaxAI) Turn ---
2026-04-17 17:01:26,095 - INFO - engine.game_state - Dice: 5
2026-04-17 17:01:26,107 - INFO - engine.game_state - Move: Amar Ekushey Hall
2026-04-17 17:01:26,186 - INFO - engine.game_state - Suggestion: Suggestion(Suspect=Hashem Sir, Weapon=Anti Cutter, Location=Amar Ekushey Hall)
2026-04-17 17:01:26,186 - INFO - engine.game_state - AI Player 3 revealed a card
2026-04-17 17:01:26,186 - INFO - engine.game_state - Accusation Decision: False
2026-04-17 17:01:26,186 - INFO - engine.game_state - --- AI Player 3 (NegamaxAI) Turn ---
2026-04-17 17:01:26,186 - INFO - engine.game_state - Dice: 7
2026-04-17 17:01:26,194 - INFO - engine.game_state - Move: Library
2026-04-17 17:01:26,296 - INFO - engine.game_state - Suggestion: Suggestion(Suspect=Hashem Sir, Weapon=Anti Cutter, Location=Library)
2026-04-17 17:01:26,296 - INFO - engine.game_state - AI Player 2 revealed a card
2026-04-17 17:01:26,296 - INFO - engine.game_state - Accusation Decision: False
2026-04-17 17:01:26,296 - INFO - engine.game_state - --- AI Player 2 (ExpectiminimaxAI) Turn ---
2026-04-17 17:01:26,296 - INFO - engine.game_state - Dice: 9
2026-04-17 17:01:26,302 - INFO - engine.game_state - Move: Rokeya Hall
2026-04-17 17:01:26,434 - INFO - engine.game_state - Suggestion: Suggestion(Suspect=Hashem Sir, Weapon=Anti Cutter, Location=Rokeya Hall)
2026-04-17 17:01:26,434 - INFO - engine.game_state - AI Player 3 revealed a card
2026-04-17 17:01:26,435 - INFO - engine.game_state - Accusation Decision: False
2026-04-17 17:01:26,435 - INFO - engine.game_state - --- AI Player 3 (NegamaxAI) Turn ---
2026-04-17 17:01:26,435 - INFO - engine.game_state - Dice: 4
2026-04-17 17:01:26,448 - INFO - engine.game_state - Move: Academic Building
2026-04-17 17:01:26,555 - INFO - engine.game_state - Suggestion: Suggestion(Suspect=Hashem Sir, Weapon=Anti Cutter, Location=Academic Building)
2026-04-17 17:01:26,555 - INFO - engine.game_state - AI Player 2 revealed a card
2026-04-17 17:01:26,556 - INFO - engine.game_state - Accusation Decision: False
2026-04-17 17:01:26,556 - INFO - engine.game_state - --- AI Player 2 (ExpectiminimaxAI) Turn ---
2026-04-17 17:01:26,556 - INFO - engine.game_state - Dice: 6
2026-04-17 17:01:26,565 - INFO - engine.game_state - Move: Pocket Gate
2026-04-17 17:01:26,647 - INFO - engine.game_state - Suggestion: Suggestion(Suspect=Hashem Sir, Weapon=Anti Cutter, Location=Pocket Gate)
2026-04-17 17:01:26,648 - INFO - engine.game_state - No one could disprove
2026-04-17 17:01:26,648 - INFO - engine.game_state - Accusation Decision: False
2026-04-17 17:01:26,648 - INFO - engine.game_state - --- AI Player 3 (NegamaxAI) Turn ---
2026-04-17 17:01:26,648 - INFO - engine.game_state - Dice: 4
2026-04-17 17:01:26,660 - INFO - engine.game_state - Move: Library
2026-04-17 17:01:26,758 - INFO - engine.game_state - Suggestion: Suggestion(Suspect=Hashem Sir, Weapon=Anti Cutter, Location=Library)
2026-04-17 17:01:26,759 - INFO - engine.game_state - AI Player 2 revealed a card
2026-04-17 17:01:26,759 - INFO - engine.game_state - Accusation Decision: False
2026-04-17 17:01:26,759 - INFO - engine.game_state - --- AI Player 2 (ExpectiminimaxAI) Turn ---
2026-04-17 17:01:26,759 - INFO - engine.game_state - Dice: 7
2026-04-17 17:01:26,767 - INFO - engine.game_state - Move: Central Field
2026-04-17 17:01:26,910 - INFO - engine.game_state - Suggestion: Suggestion(Suspect=Hashem Sir, Weapon=Anti Cutter, Location=Central Field)
2026-04-17 17:01:26,910 - INFO - engine.game_state - AI Player 1 revealed a card
2026-04-17 17:01:26,910 - INFO - engine.game_state - Accusation Decision: False
2026-04-17 17:01:26,911 - INFO - engine.game_state - --- AI Player 3 (NegamaxAI) Turn ---
2026-04-17 17:01:26,911 - INFO - engine.game_state - Dice: 4
2026-04-17 17:01:26,921 - INFO - engine.game_state - Move: Academic Building
2026-04-17 17:01:27,040 - INFO - engine.game_state - Suggestion: Suggestion(Suspect=Hashem Sir, Weapon=Anti Cutter, Location=Academic Building)
2026-04-17 17:01:27,041 - INFO - engine.game_state - AI Player 2 revealed a card
2026-04-17 17:01:27,041 - INFO - engine.game_state - Accusation Decision: False
2026-04-17 17:01:27,041 - INFO - engine.game_state - --- AI Player 2 (ExpectiminimaxAI) Turn ---
2026-04-17 17:01:27,041 - INFO - engine.game_state - Dice: 11
2026-04-17 17:01:27,056 - INFO - engine.game_state - Move: Pocket Gate
2026-04-17 17:01:27,132 - INFO - engine.game_state - Suggestion: Suggestion(Suspect=Hashem Sir, Weapon=Anti Cutter, Location=Pocket Gate)
2026-04-17 17:01:27,133 - INFO - engine.game_state - No one could disprove
2026-04-17 17:01:27,133 - INFO - engine.game_state - Accusation Decision: False
2026-04-17 17:01:27,133 - INFO - engine.game_state - --- AI Player 3 (NegamaxAI) Turn ---
2026-04-17 17:01:27,133 - INFO - engine.game_state - Dice: 5
2026-04-17 17:01:27,143 - INFO - engine.game_state - Move: Library
2026-04-17 17:01:27,239 - INFO - engine.game_state - Suggestion: Suggestion(Suspect=Hashem Sir, Weapon=Anti Cutter, Location=Library)
2026-04-17 17:01:27,239 - INFO - engine.game_state - AI Player 2 revealed a card
2026-04-17 17:01:27,239 - INFO - engine.game_state - Accusation Decision: False
2026-04-17 17:01:27,239 - INFO - engine.game_state - --- AI Player 2 (ExpectiminimaxAI) Turn ---
2026-04-17 17:01:27,239 - INFO - engine.game_state - Dice: 6
2026-04-17 17:01:27,247 - INFO - engine.game_state - Move: Central Field
2026-04-17 17:01:27,407 - INFO - engine.game_state - Suggestion: Suggestion(Suspect=Hashem Sir, Weapon=Anti Cutter, Location=Central Field)
2026-04-17 17:01:27,407 - INFO - engine.game_state - AI Player 1 revealed a card
2026-04-17 17:01:27,407 - INFO - engine.game_state - Accusation Decision: False
2026-04-17 17:01:27,408 - INFO - engine.game_state - --- AI Player 3 (NegamaxAI) Turn ---
2026-04-17 17:01:27,408 - INFO - engine.game_state - Dice: 11
2026-04-17 17:01:27,418 - INFO - engine.game_state - Move: Academic Building
2026-04-17 17:01:27,536 - INFO - engine.game_state - Suggestion: Suggestion(Suspect=Hashem Sir, Weapon=Anti Cutter, Location=Academic Building)
2026-04-17 17:01:27,536 - INFO - engine.game_state - AI Player 2 revealed a card
2026-04-17 17:01:27,536 - INFO - engine.game_state - Accusation Decision: False
2026-04-17 17:01:27,537 - INFO - engine.game_state - --- AI Player 2 (ExpectiminimaxAI) Turn ---
2026-04-17 17:01:27,537 - INFO - engine.game_state - Dice: 6
2026-04-17 17:01:27,548 - INFO - engine.game_state - Move: Pocket Gate
2026-04-17 17:01:27,620 - INFO - engine.game_state - Suggestion: Suggestion(Suspect=Hashem Sir, Weapon=Anti Cutter, Location=Pocket Gate)
2026-04-17 17:01:27,621 - INFO - engine.game_state - No one could disprove
2026-04-17 17:01:27,621 - INFO - engine.game_state - Accusation Decision: False
2026-04-17 17:01:27,621 - INFO - engine.game_state - --- AI Player 3 (NegamaxAI) Turn ---
2026-04-17 17:01:27,621 - INFO - engine.game_state - Dice: 8
2026-04-17 17:01:27,632 - INFO - engine.game_state - Move: Library
2026-04-17 17:01:27,718 - INFO - engine.game_state - Suggestion: Suggestion(Suspect=Hashem Sir, Weapon=Anti Cutter, Location=Library)
2026-04-17 17:01:27,718 - INFO - engine.game_state - AI Player 2 revealed a card
2026-04-17 17:01:27,718 - INFO - engine.game_state - Accusation Decision: False
2026-04-17 17:01:27,718 - INFO - engine.game_state - --- AI Player 2 (ExpectiminimaxAI) Turn ---
2026-04-17 17:01:27,719 - INFO - engine.game_state - Dice: 6
2026-04-17 17:01:27,732 - INFO - engine.game_state - Move: Central Field
2026-04-17 17:01:27,872 - INFO - engine.game_state - Suggestion: Suggestion(Suspect=Hashem Sir, Weapon=Anti Cutter, Location=Central Field)
2026-04-17 17:01:27,873 - INFO - engine.game_state - AI Player 1 revealed a card
2026-04-17 17:01:27,873 - INFO - engine.game_state - Accusation Decision: False
2026-04-17 17:01:27,873 - INFO - engine.game_state - --- AI Player 3 (NegamaxAI) Turn ---
2026-04-17 17:01:27,873 - INFO - engine.game_state - Dice: 8
2026-04-17 17:01:27,881 - INFO - engine.game_state - Move: Academic Building
2026-04-17 17:01:27,995 - INFO - engine.game_state - Suggestion: Suggestion(Suspect=Hashem Sir, Weapon=Anti Cutter, Location=Academic Building)
2026-04-17 17:01:27,995 - INFO - engine.game_state - AI Player 2 revealed a card
2026-04-17 17:01:27,995 - INFO - engine.game_state - Accusation Decision: False
2026-04-17 17:01:27,996 - INFO - engine.game_state - --- AI Player 2 (ExpectiminimaxAI) Turn ---
2026-04-17 17:01:27,996 - INFO - engine.game_state - Dice: 8
2026-04-17 17:01:28,010 - INFO - engine.game_state - Move: Pocket Gate
2026-04-17 17:01:28,088 - INFO - engine.game_state - Suggestion: Suggestion(Suspect=Hashem Sir, Weapon=Anti Cutter, Location=Pocket Gate)
2026-04-17 17:01:28,088 - INFO - engine.game_state - No one could disprove
2026-04-17 17:01:28,089 - INFO - engine.game_state - Accusation Decision: False
2026-04-17 17:01:28,089 - INFO - engine.game_state - --- AI Player 3 (NegamaxAI) Turn ---
2026-04-17 17:01:28,089 - INFO - engine.game_state - Dice: 6
2026-04-17 17:01:28,100 - INFO - engine.game_state - Move: Library
2026-04-17 17:01:28,202 - INFO - engine.game_state - Suggestion: Suggestion(Suspect=Hashem Sir, Weapon=Anti Cutter, Location=Library)
2026-04-17 17:01:28,202 - INFO - engine.game_state - AI Player 2 revealed a card
2026-04-17 17:01:28,202 - INFO - engine.game_state - Accusation Decision: False
2026-04-17 17:01:28,202 - INFO - engine.game_state - --- AI Player 2 (ExpectiminimaxAI) Turn ---
2026-04-17 17:01:28,203 - INFO - engine.game_state - Dice: 11
2026-04-17 17:01:28,210 - INFO - engine.game_state - Move: Central Field
2026-04-17 17:01:28,318 - INFO - engine.game_state - Suggestion: Suggestion(Suspect=Hashem Sir, Weapon=Anti Cutter, Location=Central Field)
2026-04-17 17:01:28,318 - INFO - engine.game_state - AI Player 1 revealed a card
2026-04-17 17:01:28,318 - INFO - engine.game_state - Accusation Decision: False
2026-04-17 17:01:28,318 - INFO - engine.game_state - --- AI Player 3 (NegamaxAI) Turn ---
2026-04-17 17:01:28,318 - INFO - engine.game_state - Dice: 5
2026-04-17 17:01:28,326 - INFO - engine.game_state - Move: Academic Building
2026-04-17 17:01:28,429 - INFO - engine.game_state - Suggestion: Suggestion(Suspect=Hashem Sir, Weapon=Anti Cutter, Location=Academic Building)
2026-04-17 17:01:28,429 - INFO - engine.game_state - AI Player 2 revealed a card
2026-04-17 17:01:28,429 - INFO - engine.game_state - Accusation Decision: False
2026-04-17 17:01:28,429 - INFO - engine.game_state - --- AI Player 2 (ExpectiminimaxAI) Turn ---
2026-04-17 17:01:28,429 - INFO - engine.game_state - Dice: 8
2026-04-17 17:01:28,446 - INFO - engine.game_state - Move: Pocket Gate
2026-04-17 17:01:28,526 - INFO - engine.game_state - Suggestion: Suggestion(Suspect=Hashem Sir, Weapon=Anti Cutter, Location=Pocket Gate)
2026-04-17 17:01:28,526 - INFO - engine.game_state - No one could disprove
2026-04-17 17:01:28,527 - INFO - engine.game_state - Accusation Decision: False
2026-04-17 17:01:28,527 - INFO - engine.game_state - --- AI Player 3 (NegamaxAI) Turn ---
2026-04-17 17:01:28,527 - INFO - engine.game_state - Dice: 5
2026-04-17 17:01:28,536 - INFO - engine.game_state - Move: Library
2026-04-17 17:01:28,664 - INFO - engine.game_state - Suggestion: Suggestion(Suspect=Hashem Sir, Weapon=Anti Cutter, Location=Library)
2026-04-17 17:01:28,665 - INFO - engine.game_state - AI Player 2 revealed a card
2026-04-17 17:01:28,665 - INFO - engine.game_state - Accusation Decision: False
2026-04-17 17:01:28,665 - INFO - engine.game_state - --- AI Player 2 (ExpectiminimaxAI) Turn ---
2026-04-17 17:01:28,665 - INFO - engine.game_state - Dice: 8
2026-04-17 17:01:28,676 - INFO - engine.game_state - Move: Central Field
2026-04-17 17:01:28,802 - INFO - engine.game_state - Suggestion: Suggestion(Suspect=Hashem Sir, Weapon=Anti Cutter, Location=Central Field)
2026-04-17 17:01:28,802 - INFO - engine.game_state - AI Player 1 revealed a card
2026-04-17 17:01:28,803 - INFO - engine.game_state - Accusation Decision: False
2026-04-17 17:01:28,803 - INFO - engine.game_state - --- AI Player 3 (NegamaxAI) Turn ---
2026-04-17 17:01:28,803 - INFO - engine.game_state - Dice: 11
2026-04-17 17:01:28,816 - INFO - engine.game_state - Move: Academic Building
2026-04-17 17:01:28,943 - INFO - engine.game_state - Suggestion: Suggestion(Suspect=Hashem Sir, Weapon=Anti Cutter, Location=Academic Building)
2026-04-17 17:01:28,943 - INFO - engine.game_state - AI Player 2 revealed a card
2026-04-17 17:01:28,944 - INFO - engine.game_state - Accusation Decision: False
2026-04-17 17:01:28,944 - INFO - engine.game_state - --- AI Player 2 (ExpectiminimaxAI) Turn ---
2026-04-17 17:01:28,944 - INFO - engine.game_state - Dice: 7
2026-04-17 17:01:28,956 - INFO - engine.game_state - Move: Pocket Gate
2026-04-17 17:01:29,023 - INFO - engine.game_state - Suggestion: Suggestion(Suspect=Hashem Sir, Weapon=Anti Cutter, Location=Pocket Gate)
2026-04-17 17:01:29,024 - INFO - engine.game_state - No one could disprove
2026-04-17 17:01:29,024 - INFO - engine.game_state - Accusation Decision: False
2026-04-17 17:01:29,024 - INFO - engine.game_state - --- AI Player 3 (NegamaxAI) Turn ---
2026-04-17 17:01:29,024 - INFO - engine.game_state - Dice: 7
2026-04-17 17:01:29,036 - INFO - engine.game_state - Move: Library
2026-04-17 17:01:29,157 - INFO - engine.game_state - Suggestion: Suggestion(Suspect=Hashem Sir, Weapon=Anti Cutter, Location=Library)
2026-04-17 17:01:29,158 - INFO - engine.game_state - AI Player 2 revealed a card
2026-04-17 17:01:29,158 - INFO - engine.game_state - Accusation Decision: False
2026-04-17 17:01:29,158 - INFO - engine.game_state - --- AI Player 2 (ExpectiminimaxAI) Turn ---
2026-04-17 17:01:29,159 - INFO - engine.game_state - Dice: 5
2026-04-17 17:01:29,171 - INFO - engine.game_state - Move: Central Field
2026-04-17 17:01:29,335 - INFO - engine.game_state - Suggestion: Suggestion(Suspect=Hashem Sir, Weapon=Anti Cutter, Location=Central Field)
2026-04-17 17:01:29,335 - INFO - engine.game_state - AI Player 1 revealed a card
2026-04-17 17:01:29,335 - INFO - engine.game_state - Accusation Decision: False
2026-04-17 17:01:29,335 - INFO - engine.game_state - --- AI Player 3 (NegamaxAI) Turn ---
2026-04-17 17:01:29,335 - INFO - engine.game_state - Dice: 3
2026-04-17 17:01:29,339 - INFO - engine.game_state - Move: VC Room
2026-04-17 17:01:29,437 - INFO - engine.game_state - Suggestion: Suggestion(Suspect=Hashem Sir, Weapon=Anti Cutter, Location=VC Room)
2026-04-17 17:01:29,437 - INFO - engine.game_state - AI Player 2 revealed a card
2026-04-17 17:01:29,437 - INFO - engine.game_state - Accusation Decision: False
2026-04-17 17:01:29,437 - INFO - engine.game_state - --- AI Player 2 (ExpectiminimaxAI) Turn ---
2026-04-17 17:01:29,437 - INFO - engine.game_state - Dice: 11
2026-04-17 17:01:29,454 - INFO - engine.game_state - Move: Pocket Gate
2026-04-17 17:01:29,524 - INFO - engine.game_state - Suggestion: Suggestion(Suspect=Hashem Sir, Weapon=Anti Cutter, Location=Pocket Gate)
2026-04-17 17:01:29,524 - INFO - engine.game_state - No one could disprove
2026-04-17 17:01:29,524 - INFO - engine.game_state - Accusation Decision: False
2026-04-17 17:01:29,525 - INFO - engine.game_state - --- AI Player 3 (NegamaxAI) Turn ---
2026-04-17 17:01:29,525 - INFO - engine.game_state - Dice: 12
2026-04-17 17:01:29,535 - INFO - engine.game_state - Move: Library
2026-04-17 17:01:29,639 - INFO - engine.game_state - Suggestion: Suggestion(Suspect=Hashem Sir, Weapon=Anti Cutter, Location=Library)
2026-04-17 17:01:29,639 - INFO - engine.game_state - AI Player 2 revealed a card
2026-04-17 17:01:29,639 - INFO - engine.game_state - Accusation Decision: False
2026-04-17 17:01:29,639 - INFO - engine.game_state - --- AI Player 2 (ExpectiminimaxAI) Turn ---
2026-04-17 17:01:29,639 - INFO - engine.game_state - Dice: 4
2026-04-17 17:01:29,652 - INFO - engine.game_state - Move: Central Field
2026-04-17 17:01:29,827 - INFO - engine.game_state - Suggestion: Suggestion(Suspect=Hashem Sir, Weapon=Anti Cutter, Location=Central Field)
2026-04-17 17:01:29,827 - INFO - engine.game_state - AI Player 1 revealed a card
2026-04-17 17:01:29,827 - INFO - engine.game_state - Accusation Decision: False
2026-04-17 17:01:29,827 - INFO - engine.game_state - --- AI Player 3 (NegamaxAI) Turn ---
2026-04-17 17:01:29,828 - INFO - engine.game_state - Dice: 5
2026-04-17 17:01:29,839 - INFO - engine.game_state - Move: Academic Building
2026-04-17 17:01:29,982 - INFO - engine.game_state - Suggestion: Suggestion(Suspect=Hashem Sir, Weapon=Anti Cutter, Location=Academic Building)
2026-04-17 17:01:29,983 - INFO - engine.game_state - AI Player 2 revealed a card
2026-04-17 17:01:29,983 - INFO - engine.game_state - Accusation Decision: False
2026-04-17 17:01:29,983 - INFO - engine.game_state - --- AI Player 2 (ExpectiminimaxAI) Turn ---
2026-04-17 17:01:29,983 - INFO - engine.game_state - Dice: 10
2026-04-17 17:01:29,995 - INFO - engine.game_state - Move: Pocket Gate
2026-04-17 17:01:30,075 - INFO - engine.game_state - Suggestion: Suggestion(Suspect=Hashem Sir, Weapon=Anti Cutter, Location=Pocket Gate)
2026-04-17 17:01:30,076 - INFO - engine.game_state - No one could disprove
2026-04-17 17:01:30,076 - INFO - engine.game_state - Accusation Decision: False
2026-04-17 17:01:30,076 - INFO - engine.game_state - --- AI Player 3 (NegamaxAI) Turn ---
2026-04-17 17:01:30,076 - INFO - engine.game_state - Dice: 4
2026-04-17 17:01:30,087 - INFO - engine.game_state - Move: Library
2026-04-17 17:01:30,209 - INFO - engine.game_state - Suggestion: Suggestion(Suspect=Hashem Sir, Weapon=Anti Cutter, Location=Library)
2026-04-17 17:01:30,209 - INFO - engine.game_state - AI Player 2 revealed a card
2026-04-17 17:01:30,210 - INFO - engine.game_state - Accusation Decision: False
2026-04-17 17:01:30,210 - INFO - engine.game_state - --- AI Player 2 (ExpectiminimaxAI) Turn ---
2026-04-17 17:01:30,210 - INFO - engine.game_state - Dice: 7
2026-04-17 17:01:30,218 - INFO - engine.game_state - Move: Central Field
2026-04-17 17:01:30,395 - INFO - engine.game_state - Suggestion: Suggestion(Suspect=Hashem Sir, Weapon=Anti Cutter, Location=Central Field)
2026-04-17 17:01:30,395 - INFO - engine.game_state - AI Player 1 revealed a card
2026-04-17 17:01:30,395 - INFO - engine.game_state - Accusation Decision: False
2026-04-17 17:01:30,396 - INFO - engine.game_state - --- AI Player 3 (NegamaxAI) Turn ---
2026-04-17 17:01:30,396 - INFO - engine.game_state - Dice: 7
2026-04-17 17:01:30,403 - INFO - engine.game_state - Move: Academic Building
2026-04-17 17:01:30,527 - INFO - engine.game_state - Suggestion: Suggestion(Suspect=Hashem Sir, Weapon=Anti Cutter, Location=Academic Building)
2026-04-17 17:01:30,527 - INFO - engine.game_state - AI Player 2 revealed a card
2026-04-17 17:01:30,527 - INFO - engine.game_state - Accusation Decision: False
2026-04-17 17:01:30,527 - INFO - engine.game_state - --- AI Player 2 (ExpectiminimaxAI) Turn ---
2026-04-17 17:01:30,528 - INFO - engine.game_state - Dice: 8
2026-04-17 17:01:30,539 - INFO - engine.game_state - Move: Pocket Gate
2026-04-17 17:01:30,601 - INFO - engine.game_state - Suggestion: Suggestion(Suspect=Hashem Sir, Weapon=Anti Cutter, Location=Pocket Gate)
2026-04-17 17:01:30,602 - INFO - engine.game_state - No one could disprove
2026-04-17 17:01:30,602 - INFO - engine.game_state - Accusation Decision: False
2026-04-17 17:01:30,602 - INFO - engine.game_state - --- AI Player 3 (NegamaxAI) Turn ---
2026-04-17 17:01:30,602 - INFO - engine.game_state - Dice: 9
2026-04-17 17:01:30,610 - INFO - engine.game_state - Move: Library
2026-04-17 17:01:30,714 - INFO - engine.game_state - Suggestion: Suggestion(Suspect=Hashem Sir, Weapon=Anti Cutter, Location=Library)
2026-04-17 17:01:30,714 - INFO - engine.game_state - AI Player 2 revealed a card
2026-04-17 17:01:30,714 - INFO - engine.game_state - Accusation Decision: False
2026-04-17 17:01:30,714 - INFO - engine.game_state - --- AI Player 2 (ExpectiminimaxAI) Turn ---
2026-04-17 17:01:30,714 - INFO - engine.game_state - Dice: 7
2026-04-17 17:01:30,723 - INFO - engine.game_state - Move: Central Field
2026-04-17 17:01:30,844 - INFO - engine.game_state - Suggestion: Suggestion(Suspect=Hashem Sir, Weapon=Anti Cutter, Location=Central Field)
2026-04-17 17:01:30,845 - INFO - engine.game_state - AI Player 1 revealed a card
2026-04-17 17:01:30,845 - INFO - engine.game_state - Accusation Decision: False
2026-04-17 17:01:30,845 - INFO - engine.game_state - --- AI Player 3 (NegamaxAI) Turn ---
2026-04-17 17:01:30,845 - INFO - engine.game_state - Dice: 6
2026-04-17 17:01:30,853 - INFO - engine.game_state - Move: Academic Building
2026-04-17 17:01:30,948 - INFO - engine.game_state - Suggestion: Suggestion(Suspect=Hashem Sir, Weapon=Anti Cutter, Location=Academic Building)
2026-04-17 17:01:30,948 - INFO - engine.game_state - AI Player 2 revealed a card
2026-04-17 17:01:30,949 - INFO - engine.game_state - Accusation Decision: False
2026-04-17 17:01:30,949 - INFO - engine.game_state - --- AI Player 2 (ExpectiminimaxAI) Turn ---
2026-04-17 17:01:30,949 - INFO - engine.game_state - Dice: 9
2026-04-17 17:01:30,958 - INFO - engine.game_state - Move: Pocket Gate
2026-04-17 17:01:31,017 - INFO - engine.game_state - Suggestion: Suggestion(Suspect=Hashem Sir, Weapon=Anti Cutter, Location=Pocket Gate)
2026-04-17 17:01:31,018 - INFO - engine.game_state - No one could disprove
2026-04-17 17:01:31,018 - INFO - engine.game_state - Accusation Decision: False
2026-04-17 17:01:31,018 - INFO - engine.game_state - --- AI Player 3 (NegamaxAI) Turn ---
2026-04-17 17:01:31,018 - INFO - engine.game_state - Dice: 9
2026-04-17 17:01:31,028 - INFO - engine.game_state - Move: Library
2026-04-17 17:01:31,126 - INFO - engine.game_state - Suggestion: Suggestion(Suspect=Hashem Sir, Weapon=Anti Cutter, Location=Library)
2026-04-17 17:01:31,127 - INFO - engine.game_state - AI Player 2 revealed a card
2026-04-17 17:01:31,127 - INFO - engine.game_state - Accusation Decision: False
2026-04-17 17:01:31,127 - INFO - engine.game_state - --- AI Player 2 (ExpectiminimaxAI) Turn ---
2026-04-17 17:01:31,128 - INFO - engine.game_state - Dice: 2
2026-04-17 17:01:31,131 - INFO - engine.game_state - Move: Central Field
2026-04-17 17:01:31,175 - INFO - engine.game_state - Suggestion: Suggestion(Suspect=Hashem Sir, Weapon=Anti Cutter, Location=Central Field)
2026-04-17 17:01:31,176 - INFO - engine.game_state - AI Player 1 revealed a card
2026-04-17 17:01:31,176 - INFO - engine.game_state - Accusation Decision: False
2026-04-17 17:01:31,176 - INFO - engine.game_state - --- AI Player 3 (NegamaxAI) Turn ---
2026-04-17 17:01:31,176 - INFO - engine.game_state - Dice: 7
2026-04-17 17:01:31,185 - INFO - engine.game_state - Move: Academic Building
2026-04-17 17:01:31,281 - INFO - engine.game_state - Suggestion: Suggestion(Suspect=Hashem Sir, Weapon=Anti Cutter, Location=Academic Building)
2026-04-17 17:01:31,282 - INFO - engine.game_state - AI Player 2 revealed a card
2026-04-17 17:01:31,282 - INFO - engine.game_state - Accusation Decision: False
2026-04-17 17:01:31,282 - INFO - engine.game_state - --- AI Player 2 (ExpectiminimaxAI) Turn ---
2026-04-17 17:01:31,282 - INFO - engine.game_state - Dice: 8
2026-04-17 17:01:31,292 - INFO - engine.game_state - Move: Pocket Gate
2026-04-17 17:01:31,346 - INFO - engine.game_state - Suggestion: Suggestion(Suspect=Hashem Sir, Weapon=Anti Cutter, Location=Pocket Gate)
2026-04-17 17:01:31,346 - INFO - engine.game_state - No one could disprove
2026-04-17 17:01:31,347 - INFO - engine.game_state - Accusation Decision: False
2026-04-17 17:01:31,347 - INFO - engine.game_state - --- AI Player 3 (NegamaxAI) Turn ---
2026-04-17 17:01:31,347 - INFO - engine.game_state - Dice: 5
2026-04-17 17:01:31,358 - INFO - engine.game_state - Move: Library
2026-04-17 17:01:31,493 - INFO - engine.game_state - Suggestion: Suggestion(Suspect=Hashem Sir, Weapon=Anti Cutter, Location=Library)
2026-04-17 17:01:31,494 - INFO - engine.game_state - AI Player 2 revealed a card
2026-04-17 17:01:31,494 - INFO - engine.game_state - Accusation Decision: False
2026-04-17 17:01:31,494 - INFO - engine.game_state - --- AI Player 2 (ExpectiminimaxAI) Turn ---
2026-04-17 17:01:31,494 - INFO - engine.game_state - Dice: 10
2026-04-17 17:01:31,503 - INFO - engine.game_state - Move: Central Field
2026-04-17 17:01:31,670 - INFO - engine.game_state - Suggestion: Suggestion(Suspect=Hashem Sir, Weapon=Anti Cutter, Location=Central Field)
2026-04-17 17:01:31,671 - INFO - engine.game_state - AI Player 1 revealed a card
2026-04-17 17:01:31,671 - INFO - engine.game_state - Accusation Decision: False
2026-04-17 17:01:31,671 - INFO - engine.game_state - --- AI Player 3 (NegamaxAI) Turn ---
2026-04-17 17:01:31,672 - INFO - engine.game_state - Dice: 9
2026-04-17 17:01:31,684 - INFO - engine.game_state - Move: Academic Building
2026-04-17 17:01:31,828 - INFO - engine.game_state - Suggestion: Suggestion(Suspect=Hashem Sir, Weapon=Anti Cutter, Location=Academic Building)
2026-04-17 17:01:31,829 - INFO - engine.game_state - AI Player 2 revealed a card
2026-04-17 17:01:31,829 - INFO - engine.game_state - Accusation Decision: False
2026-04-17 17:01:31,829 - INFO - engine.game_state - --- AI Player 2 (ExpectiminimaxAI) Turn ---
2026-04-17 17:01:31,829 - INFO - engine.game_state - Dice: 7
2026-04-17 17:01:31,843 - INFO - engine.game_state - Move: Pocket Gate
2026-04-17 17:01:31,911 - INFO - engine.game_state - Suggestion: Suggestion(Suspect=Hashem Sir, Weapon=Anti Cutter, Location=Pocket Gate)
2026-04-17 17:01:31,912 - INFO - engine.game_state - No one could disprove
2026-04-17 17:01:31,912 - INFO - engine.game_state - Accusation Decision: False
2026-04-17 17:01:31,912 - INFO - engine.game_state - --- AI Player 3 (NegamaxAI) Turn ---
2026-04-17 17:01:31,912 - INFO - engine.game_state - Dice: 4
2026-04-17 17:01:31,920 - INFO - engine.game_state - Move: Library
2026-04-17 17:01:32,011 - INFO - engine.game_state - Suggestion: Suggestion(Suspect=Hashem Sir, Weapon=Anti Cutter, Location=Library)
2026-04-17 17:01:32,012 - INFO - engine.game_state - AI Player 2 revealed a card
2026-04-17 17:01:32,012 - INFO - engine.game_state - Accusation Decision: False
2026-04-17 17:01:32,012 - INFO - engine.game_state - --- AI Player 2 (ExpectiminimaxAI) Turn ---
2026-04-17 17:01:32,012 - INFO - engine.game_state - Dice: 8
2026-04-17 17:01:32,021 - INFO - engine.game_state - Move: Central Field
2026-04-17 17:01:32,140 - INFO - engine.game_state - Suggestion: Suggestion(Suspect=Hashem Sir, Weapon=Anti Cutter, Location=Central Field)
2026-04-17 17:01:32,140 - INFO - engine.game_state - AI Player 1 revealed a card
2026-04-17 17:01:32,141 - INFO - engine.game_state - Accusation Decision: False
2026-04-17 17:01:32,141 - INFO - engine.game_state - --- AI Player 3 (NegamaxAI) Turn ---
2026-04-17 17:01:32,141 - INFO - engine.game_state - Dice: 7
2026-04-17 17:01:32,149 - INFO - engine.game_state - Move: Academic Building
2026-04-17 17:01:32,289 - INFO - engine.game_state - Suggestion: Suggestion(Suspect=Hashem Sir, Weapon=Anti Cutter, Location=Academic Building)
2026-04-17 17:01:32,289 - INFO - engine.game_state - AI Player 2 revealed a card
2026-04-17 17:01:32,290 - INFO - engine.game_state - Accusation Decision: False
2026-04-17 17:01:32,290 - INFO - engine.game_state - --- AI Player 2 (ExpectiminimaxAI) Turn ---
2026-04-17 17:01:32,290 - INFO - engine.game_state - Dice: 4
2026-04-17 17:01:32,307 - INFO - engine.game_state - Move: Pocket Gate
2026-04-17 17:01:32,364 - INFO - engine.game_state - Suggestion: Suggestion(Suspect=Hashem Sir, Weapon=Anti Cutter, Location=Pocket Gate)
2026-04-17 17:01:32,364 - INFO - engine.game_state - No one could disprove
2026-04-17 17:01:32,365 - INFO - engine.game_state - Accusation Decision: False
2026-04-17 17:01:32,365 - INFO - engine.game_state - --- AI Player 3 (NegamaxAI) Turn ---
2026-04-17 17:01:32,365 - INFO - engine.game_state - Dice: 10
2026-04-17 17:01:32,376 - INFO - engine.game_state - Move: Library
2026-04-17 17:01:32,464 - INFO - engine.game_state - Suggestion: Suggestion(Suspect=Hashem Sir, Weapon=Anti Cutter, Location=Library)
2026-04-17 17:01:32,464 - INFO - engine.game_state - AI Player 2 revealed a card
2026-04-17 17:01:32,465 - INFO - engine.game_state - Accusation Decision: False
2026-04-17 17:01:32,465 - INFO - engine.game_state - --- AI Player 2 (ExpectiminimaxAI) Turn ---
2026-04-17 17:01:32,465 - INFO - engine.game_state - Dice: 7
2026-04-17 17:01:32,473 - INFO - engine.game_state - Move: Central Field
2026-04-17 17:01:32,597 - INFO - engine.game_state - Suggestion: Suggestion(Suspect=Hashem Sir, Weapon=Anti Cutter, Location=Central Field)
2026-04-17 17:01:32,597 - INFO - engine.game_state - AI Player 1 revealed a card
2026-04-17 17:01:32,597 - INFO - engine.game_state - Accusation Decision: False
2026-04-17 17:01:32,598 - INFO - engine.game_state - --- AI Player 3 (NegamaxAI) Turn ---
2026-04-17 17:01:32,598 - INFO - engine.game_state - Dice: 4
2026-04-17 17:01:32,605 - INFO - engine.game_state - Move: Academic Building
2026-04-17 17:01:32,718 - INFO - engine.game_state - Suggestion: Suggestion(Suspect=Hashem Sir, Weapon=Anti Cutter, Location=Academic Building)
2026-04-17 17:01:32,718 - INFO - engine.game_state - AI Player 2 revealed a card
2026-04-17 17:01:32,718 - INFO - engine.game_state - Accusation Decision: False
2026-04-17 17:01:32,719 - INFO - engine.game_state - --- AI Player 2 (ExpectiminimaxAI) Turn ---
2026-04-17 17:01:32,719 - INFO - engine.game_state - Dice: 7
2026-04-17 17:01:32,733 - INFO - engine.game_state - Move: Pocket Gate
2026-04-17 17:01:32,809 - INFO - engine.game_state - Suggestion: Suggestion(Suspect=Hashem Sir, Weapon=Anti Cutter, Location=Pocket Gate)
2026-04-17 17:01:32,810 - INFO - engine.game_state - No one could disprove
2026-04-17 17:01:32,810 - INFO - engine.game_state - Accusation Decision: False
2026-04-17 17:01:32,810 - INFO - engine.game_state - --- AI Player 3 (NegamaxAI) Turn ---
2026-04-17 17:01:32,811 - INFO - engine.game_state - Dice: 7
2026-04-17 17:01:32,819 - INFO - engine.game_state - Move: Library
2026-04-17 17:01:32,907 - INFO - engine.game_state - Suggestion: Suggestion(Suspect=Hashem Sir, Weapon=Anti Cutter, Location=Library)
2026-04-17 17:01:32,907 - INFO - engine.game_state - AI Player 2 revealed a card
2026-04-17 17:01:32,907 - INFO - engine.game_state - Accusation Decision: False
2026-04-17 17:01:32,908 - INFO - engine.game_state - --- AI Player 2 (ExpectiminimaxAI) Turn ---
2026-04-17 17:01:32,908 - INFO - engine.game_state - Dice: 5
2026-04-17 17:01:32,916 - INFO - engine.game_state - Move: Central Field
2026-04-17 17:01:33,047 - INFO - engine.game_state - Suggestion: Suggestion(Suspect=Hashem Sir, Weapon=Anti Cutter, Location=Central Field)
2026-04-17 17:01:33,047 - INFO - engine.game_state - AI Player 1 revealed a card
2026-04-17 17:01:33,048 - INFO - engine.game_state - Accusation Decision: False
2026-04-17 17:01:33,048 - INFO - engine.game_state - --- AI Player 3 (NegamaxAI) Turn ---
2026-04-17 17:01:33,048 - INFO - engine.game_state - Dice: 6
2026-04-17 17:01:33,059 - INFO - engine.game_state - Move: Academic Building
2026-04-17 17:01:33,173 - INFO - engine.game_state - Suggestion: Suggestion(Suspect=Hashem Sir, Weapon=Anti Cutter, Location=Academic Building)
2026-04-17 17:01:33,174 - INFO - engine.game_state - AI Player 2 revealed a card
2026-04-17 17:01:33,174 - INFO - engine.game_state - Accusation Decision: False
2026-04-17 17:01:33,174 - INFO - engine.game_state - --- AI Player 2 (ExpectiminimaxAI) Turn ---
2026-04-17 17:01:33,174 - INFO - engine.game_state - Dice: 8
2026-04-17 17:01:33,184 - INFO - engine.game_state - Move: Pocket Gate
2026-04-17 17:01:33,263 - INFO - engine.game_state - Suggestion: Suggestion(Suspect=Hashem Sir, Weapon=Anti Cutter, Location=Pocket Gate)
2026-04-17 17:01:33,264 - INFO - engine.game_state - No one could disprove
2026-04-17 17:01:33,264 - INFO - engine.game_state - Accusation Decision: False
2026-04-17 17:01:33,264 - INFO - engine.game_state - --- AI Player 3 (NegamaxAI) Turn ---
2026-04-17 17:01:33,264 - INFO - engine.game_state - Dice: 10
2026-04-17 17:01:33,275 - INFO - engine.game_state - Move: Library
2026-04-17 17:01:33,374 - INFO - engine.game_state - Suggestion: Suggestion(Suspect=Hashem Sir, Weapon=Anti Cutter, Location=Library)
2026-04-17 17:01:33,375 - INFO - engine.game_state - AI Player 2 revealed a card
2026-04-17 17:01:33,375 - INFO - engine.game_state - Accusation Decision: False
2026-04-17 17:01:33,375 - INFO - engine.game_state - --- AI Player 2 (ExpectiminimaxAI) Turn ---
2026-04-17 17:01:33,376 - INFO - engine.game_state - Dice: 5
2026-04-17 17:01:33,383 - INFO - engine.game_state - Move: Central Field
2026-04-17 17:01:33,508 - INFO - engine.game_state - Suggestion: Suggestion(Suspect=Hashem Sir, Weapon=Anti Cutter, Location=Central Field)
2026-04-17 17:01:33,508 - INFO - engine.game_state - AI Player 1 revealed a card
2026-04-17 17:01:33,508 - INFO - engine.game_state - Accusation Decision: False
2026-04-17 17:01:33,509 - INFO - engine.game_state - --- AI Player 3 (NegamaxAI) Turn ---
2026-04-17 17:01:33,509 - INFO - engine.game_state - Dice: 10
2026-04-17 17:01:33,521 - INFO - engine.game_state - Move: Academic Building
2026-04-17 17:01:33,644 - INFO - engine.game_state - Suggestion: Suggestion(Suspect=Hashem Sir, Weapon=Anti Cutter, Location=Academic Building)
2026-04-17 17:01:33,645 - INFO - engine.game_state - AI Player 2 revealed a card
2026-04-17 17:01:33,645 - INFO - engine.game_state - Accusation Decision: False
2026-04-17 17:01:33,645 - INFO - engine.game_state - --- AI Player 2 (ExpectiminimaxAI) Turn ---
2026-04-17 17:01:33,646 - INFO - engine.game_state - Dice: 7
2026-04-17 17:01:33,655 - INFO - engine.game_state - Move: Pocket Gate
2026-04-17 17:01:33,707 - INFO - engine.game_state - Suggestion: Suggestion(Suspect=Hashem Sir, Weapon=Anti Cutter, Location=Pocket Gate)
2026-04-17 17:01:33,707 - INFO - engine.game_state - No one could disprove
2026-04-17 17:01:33,707 - INFO - engine.game_state - Accusation Decision: False
2026-04-17 17:01:33,707 - INFO - engine.game_state - --- AI Player 3 (NegamaxAI) Turn ---
2026-04-17 17:01:33,708 - INFO - engine.game_state - Dice: 10
2026-04-17 17:01:33,722 - INFO - engine.game_state - Move: Library
2026-04-17 17:01:33,849 - INFO - engine.game_state - Suggestion: Suggestion(Suspect=Hashem Sir, Weapon=Anti Cutter, Location=Library)
2026-04-17 17:01:33,850 - INFO - engine.game_state - AI Player 2 revealed a card
2026-04-17 17:01:33,850 - INFO - engine.game_state - Accusation Decision: False
2026-04-17 17:01:33,850 - INFO - engine.game_state - --- AI Player 2 (ExpectiminimaxAI) Turn ---
2026-04-17 17:01:33,851 - INFO - engine.game_state - Dice: 7
2026-04-17 17:01:33,864 - INFO - engine.game_state - Move: Central Field
2026-04-17 17:01:33,981 - INFO - engine.game_state - Suggestion: Suggestion(Suspect=Hashem Sir, Weapon=Anti Cutter, Location=Central Field)
2026-04-17 17:01:33,981 - INFO - engine.game_state - AI Player 1 revealed a card
2026-04-17 17:01:33,982 - INFO - engine.game_state - Accusation Decision: False
2026-04-17 17:01:33,982 - INFO - engine.game_state - --- AI Player 3 (NegamaxAI) Turn ---
2026-04-17 17:01:33,982 - INFO - engine.game_state - Dice: 5
2026-04-17 17:01:33,991 - INFO - engine.game_state - Move: Academic Building
2026-04-17 17:01:34,116 - INFO - engine.game_state - Suggestion: Suggestion(Suspect=Hashem Sir, Weapon=Anti Cutter, Location=Academic Building)
2026-04-17 17:01:34,116 - INFO - engine.game_state - AI Player 2 revealed a card
2026-04-17 17:01:34,116 - INFO - engine.game_state - Accusation Decision: False
2026-04-17 17:01:34,116 - INFO - engine.game_state - --- AI Player 2 (ExpectiminimaxAI) Turn ---
2026-04-17 17:01:34,117 - INFO - engine.game_state - Dice: 4
2026-04-17 17:01:34,126 - INFO - engine.game_state - Move: Pocket Gate
2026-04-17 17:01:34,194 - INFO - engine.game_state - Suggestion: Suggestion(Suspect=Hashem Sir, Weapon=Anti Cutter, Location=Pocket Gate)
2026-04-17 17:01:34,195 - INFO - engine.game_state - No one could disprove
2026-04-17 17:01:34,195 - INFO - engine.game_state - Accusation Decision: False
2026-04-17 17:01:34,195 - INFO - engine.game_state - --- AI Player 3 (NegamaxAI) Turn ---
2026-04-17 17:01:34,196 - INFO - engine.game_state - Dice: 11
2026-04-17 17:01:34,204 - INFO - engine.game_state - Move: Library
2026-04-17 17:01:34,303 - INFO - engine.game_state - Suggestion: Suggestion(Suspect=Hashem Sir, Weapon=Anti Cutter, Location=Library)
2026-04-17 17:01:34,304 - INFO - engine.game_state - AI Player 2 revealed a card
2026-04-17 17:01:34,304 - INFO - engine.game_state - Accusation Decision: False
2026-04-17 17:01:34,304 - INFO - engine.game_state - --- AI Player 2 (ExpectiminimaxAI) Turn ---
2026-04-17 17:01:34,304 - INFO - engine.game_state - Dice: 5
2026-04-17 17:01:34,312 - INFO - engine.game_state - Move: Central Field
2026-04-17 17:01:34,437 - INFO - engine.game_state - Suggestion: Suggestion(Suspect=Hashem Sir, Weapon=Anti Cutter, Location=Central Field)
2026-04-17 17:01:34,438 - INFO - engine.game_state - AI Player 1 revealed a card
2026-04-17 17:01:34,438 - INFO - engine.game_state - Accusation Decision: False
2026-04-17 17:01:34,438 - INFO - engine.game_state - --- AI Player 3 (NegamaxAI) Turn ---
2026-04-17 17:01:34,438 - INFO - engine.game_state - Dice: 8
2026-04-17 17:01:34,445 - INFO - engine.game_state - Move: Academic Building
2026-04-17 17:01:34,560 - INFO - engine.game_state - Suggestion: Suggestion(Suspect=Hashem Sir, Weapon=Anti Cutter, Location=Academic Building)
2026-04-17 17:01:34,561 - INFO - engine.game_state - AI Player 2 revealed a card
2026-04-17 17:01:34,561 - INFO - engine.game_state - Accusation Decision: False
2026-04-17 17:01:34,561 - INFO - engine.game_state - --- AI Player 2 (ExpectiminimaxAI) Turn ---
2026-04-17 17:01:34,561 - INFO - engine.game_state - Dice: 2
2026-04-17 17:01:34,563 - INFO - engine.game_state - Move: Pocket Gate
2026-04-17 17:01:34,611 - INFO - engine.game_state - Suggestion: Suggestion(Suspect=Hashem Sir, Weapon=Anti Cutter, Location=Pocket Gate)
2026-04-17 17:01:34,611 - INFO - engine.game_state - No one could disprove
2026-04-17 17:01:34,612 - INFO - engine.game_state - Accusation Decision: False
2026-04-17 17:01:34,612 - INFO - engine.game_state - --- AI Player 3 (NegamaxAI) Turn ---
2026-04-17 17:01:34,612 - INFO - engine.game_state - Dice: 8
2026-04-17 17:01:34,620 - INFO - engine.game_state - Move: Library
2026-04-17 17:01:34,736 - INFO - engine.game_state - Suggestion: Suggestion(Suspect=Hashem Sir, Weapon=Anti Cutter, Location=Library)
2026-04-17 17:01:34,736 - INFO - engine.game_state - AI Player 2 revealed a card
2026-04-17 17:01:34,737 - INFO - engine.game_state - Accusation Decision: False
2026-04-17 17:01:34,737 - INFO - engine.game_state - --- AI Player 2 (ExpectiminimaxAI) Turn ---
2026-04-17 17:01:34,737 - INFO - engine.game_state - Dice: 9
2026-04-17 17:01:34,747 - INFO - engine.game_state - Move: Central Field
2026-04-17 17:01:34,894 - INFO - engine.game_state - Suggestion: Suggestion(Suspect=Hashem Sir, Weapon=Anti Cutter, Location=Central Field)
2026-04-17 17:01:34,894 - INFO - engine.game_state - AI Player 1 revealed a card
2026-04-17 17:01:34,895 - INFO - engine.game_state - Accusation Decision: False
2026-04-17 17:01:34,895 - INFO - engine.game_state - --- AI Player 3 (NegamaxAI) Turn ---
2026-04-17 17:01:34,895 - INFO - engine.game_state - Dice: 3
2026-04-17 17:01:34,900 - INFO - engine.game_state - Move: VC Room
2026-04-17 17:01:34,979 - INFO - engine.game_state - Suggestion: Suggestion(Suspect=Hashem Sir, Weapon=Anti Cutter, Location=VC Room)
2026-04-17 17:01:34,980 - INFO - engine.game_state - AI Player 2 revealed a card
2026-04-17 17:01:34,980 - INFO - engine.game_state - Accusation Decision: False
2026-04-17 17:01:34,981 - INFO - engine.game_state - --- AI Player 2 (ExpectiminimaxAI) Turn ---
2026-04-17 17:01:34,981 - INFO - engine.game_state - Dice: 8
2026-04-17 17:01:34,992 - INFO - engine.game_state - Move: Pocket Gate
2026-04-17 17:01:35,045 - INFO - engine.game_state - Suggestion: Suggestion(Suspect=Hashem Sir, Weapon=Anti Cutter, Location=Pocket Gate)
2026-04-17 17:01:35,045 - INFO - engine.game_state - No one could disprove
2026-04-17 17:01:35,045 - INFO - engine.game_state - Accusation Decision: False
2026-04-17 17:01:35,045 - INFO - engine.game_state - --- AI Player 3 (NegamaxAI) Turn ---
2026-04-17 17:01:35,045 - INFO - engine.game_state - Dice: 11
2026-04-17 17:01:35,054 - INFO - engine.game_state - Move: Library
2026-04-17 17:01:35,149 - INFO - engine.game_state - Suggestion: Suggestion(Suspect=Hashem Sir, Weapon=Anti Cutter, Location=Library)
2026-04-17 17:01:35,149 - INFO - engine.game_state - AI Player 2 revealed a card
2026-04-17 17:01:35,149 - INFO - engine.game_state - Accusation Decision: False
2026-04-17 17:01:35,150 - INFO - engine.game_state - --- AI Player 2 (ExpectiminimaxAI) Turn ---
2026-04-17 17:01:35,150 - INFO - engine.game_state - Dice: 6
2026-04-17 17:01:35,158 - INFO - engine.game_state - Move: Central Field
2026-04-17 17:01:35,292 - INFO - engine.game_state - Suggestion: Suggestion(Suspect=Hashem Sir, Weapon=Anti Cutter, Location=Central Field)
2026-04-17 17:01:35,293 - INFO - engine.game_state - AI Player 1 revealed a card
2026-04-17 17:01:35,293 - INFO - engine.game_state - Accusation Decision: False
2026-04-17 17:01:35,293 - INFO - engine.game_state - --- AI Player 3 (NegamaxAI) Turn ---
2026-04-17 17:01:35,293 - INFO - engine.game_state - Dice: 6
2026-04-17 17:01:35,301 - INFO - engine.game_state - Move: Academic Building
2026-04-17 17:01:35,432 - INFO - engine.game_state - Suggestion: Suggestion(Suspect=Hashem Sir, Weapon=Anti Cutter, Location=Academic Building)
2026-04-17 17:01:35,432 - INFO - engine.game_state - AI Player 2 revealed a card
2026-04-17 17:01:35,432 - INFO - engine.game_state - Accusation Decision: False
2026-04-17 17:01:35,433 - INFO - engine.game_state - --- AI Player 2 (ExpectiminimaxAI) Turn ---
2026-04-17 17:01:35,433 - INFO - engine.game_state - Dice: 5
2026-04-17 17:01:35,449 - INFO - engine.game_state - Move: Pocket Gate
2026-04-17 17:01:35,524 - INFO - engine.game_state - Suggestion: Suggestion(Suspect=Hashem Sir, Weapon=Anti Cutter, Location=Pocket Gate)
2026-04-17 17:01:35,524 - INFO - engine.game_state - No one could disprove
2026-04-17 17:01:35,524 - INFO - engine.game_state - Accusation Decision: False
2026-04-17 17:01:35,524 - INFO - engine.game_state - --- AI Player 3 (NegamaxAI) Turn ---
2026-04-17 17:01:35,525 - INFO - engine.game_state - Dice: 6
2026-04-17 17:01:35,539 - INFO - engine.game_state - Move: Library
2026-04-17 17:01:35,630 - INFO - engine.game_state - Suggestion: Suggestion(Suspect=Hashem Sir, Weapon=Anti Cutter, Location=Library)
2026-04-17 17:01:35,630 - INFO - engine.game_state - AI Player 2 revealed a card
2026-04-17 17:01:35,630 - INFO - engine.game_state - Accusation Decision: False
2026-04-17 17:01:35,631 - INFO - engine.game_state - --- AI Player 2 (ExpectiminimaxAI) Turn ---
2026-04-17 17:01:35,631 - INFO - engine.game_state - Dice: 11
2026-04-17 17:01:35,639 - INFO - engine.game_state - Move: Central Field
2026-04-17 17:01:35,756 - INFO - engine.game_state - Suggestion: Suggestion(Suspect=Hashem Sir, Weapon=Anti Cutter, Location=Central Field)
2026-04-17 17:01:35,756 - INFO - engine.game_state - AI Player 1 revealed a card
2026-04-17 17:01:35,757 - INFO - engine.game_state - Accusation Decision: False
2026-04-17 17:01:35,757 - INFO - engine.game_state - --- AI Player 3 (NegamaxAI) Turn ---
2026-04-17 17:01:35,757 - INFO - engine.game_state - Dice: 9
2026-04-17 17:01:35,766 - INFO - engine.game_state - Move: Academic Building
2026-04-17 17:01:35,873 - INFO - engine.game_state - Suggestion: Suggestion(Suspect=Hashem Sir, Weapon=Anti Cutter, Location=Academic Building)
2026-04-17 17:01:35,874 - INFO - engine.game_state - AI Player 2 revealed a card
2026-04-17 17:01:35,874 - INFO - engine.game_state - Accusation Decision: False
2026-04-17 17:01:35,874 - INFO - engine.game_state - --- AI Player 2 (ExpectiminimaxAI) Turn ---
2026-04-17 17:01:35,874 - INFO - engine.game_state - Dice: 9
2026-04-17 17:01:35,885 - INFO - engine.game_state - Move: Pocket Gate
2026-04-17 17:01:35,942 - INFO - engine.game_state - Suggestion: Suggestion(Suspect=Hashem Sir, Weapon=Anti Cutter, Location=Pocket Gate)
2026-04-17 17:01:35,942 - INFO - engine.game_state - No one could disprove
2026-04-17 17:01:35,943 - INFO - engine.game_state - Accusation Decision: False
2026-04-17 17:01:35,943 - INFO - engine.game_state - --- AI Player 3 (NegamaxAI) Turn ---
2026-04-17 17:01:35,943 - INFO - engine.game_state - Dice: 11
2026-04-17 17:01:35,951 - INFO - engine.game_state - Move: Library
2026-04-17 17:01:36,058 - INFO - engine.game_state - Suggestion: Suggestion(Suspect=Hashem Sir, Weapon=Anti Cutter, Location=Library)
2026-04-17 17:01:36,059 - INFO - engine.game_state - AI Player 2 revealed a card
2026-04-17 17:01:36,059 - INFO - engine.game_state - Accusation Decision: False
2026-04-17 17:01:36,059 - INFO - engine.game_state - --- AI Player 2 (ExpectiminimaxAI) Turn ---
2026-04-17 17:01:36,059 - INFO - engine.game_state - Dice: 2
2026-04-17 17:01:36,062 - INFO - engine.game_state - Move: Central Field
2026-04-17 17:01:36,124 - INFO - engine.game_state - Suggestion: Suggestion(Suspect=Hashem Sir, Weapon=Anti Cutter, Location=Central Field)
2026-04-17 17:01:36,125 - INFO - engine.game_state - AI Player 1 revealed a card
2026-04-17 17:01:36,125 - INFO - engine.game_state - Accusation Decision: False
2026-04-17 17:01:36,125 - INFO - engine.game_state - --- AI Player 3 (NegamaxAI) Turn ---
2026-04-17 17:01:36,125 - INFO - engine.game_state - Dice: 5
2026-04-17 17:01:36,139 - INFO - engine.game_state - Move: Academic Building
2026-04-17 17:01:36,263 - INFO - engine.game_state - Suggestion: Suggestion(Suspect=Hashem Sir, Weapon=Anti Cutter, Location=Academic Building)
2026-04-17 17:01:36,264 - INFO - engine.game_state - AI Player 2 revealed a card
2026-04-17 17:01:36,264 - INFO - engine.game_state - Accusation Decision: False
2026-04-17 17:01:36,264 - INFO - engine.game_state - --- AI Player 2 (ExpectiminimaxAI) Turn ---
2026-04-17 17:01:36,264 - INFO - engine.game_state - Dice: 11
2026-04-17 17:01:36,277 - INFO - engine.game_state - Move: Pocket Gate
2026-04-17 17:01:36,354 - INFO - engine.game_state - Suggestion: Suggestion(Suspect=Hashem Sir, Weapon=Anti Cutter, Location=Pocket Gate)
2026-04-17 17:01:36,355 - INFO - engine.game_state - No one could disprove
2026-04-17 17:01:36,355 - INFO - engine.game_state - Accusation Decision: False
2026-04-17 17:01:36,355 - INFO - engine.game_state - --- AI Player 3 (NegamaxAI) Turn ---
2026-04-17 17:01:36,355 - INFO - engine.game_state - Dice: 7
2026-04-17 17:01:36,368 - INFO - engine.game_state - Move: Library
2026-04-17 17:01:36,492 - INFO - engine.game_state - Suggestion: Suggestion(Suspect=Hashem Sir, Weapon=Anti Cutter, Location=Library)
2026-04-17 17:01:36,493 - INFO - engine.game_state - AI Player 2 revealed a card
2026-04-17 17:01:36,493 - INFO - engine.game_state - Accusation Decision: False
2026-04-17 17:01:36,493 - INFO - engine.game_state - --- AI Player 2 (ExpectiminimaxAI) Turn ---
2026-04-17 17:01:36,493 - INFO - engine.game_state - Dice: 12
2026-04-17 17:01:36,501 - INFO - engine.game_state - Move: Central Field
2026-04-17 17:01:36,670 - INFO - engine.game_state - Suggestion: Suggestion(Suspect=Hashem Sir, Weapon=Anti Cutter, Location=Central Field)
2026-04-17 17:01:36,670 - INFO - engine.game_state - AI Player 1 revealed a card
2026-04-17 17:01:36,671 - INFO - engine.game_state - Accusation Decision: False
2026-04-17 17:01:36,671 - INFO - engine.game_state - --- AI Player 3 (NegamaxAI) Turn ---
2026-04-17 17:01:36,671 - INFO - engine.game_state - Dice: 6
2026-04-17 17:01:36,680 - INFO - engine.game_state - Move: Academic Building
2026-04-17 17:01:36,819 - INFO - engine.game_state - Suggestion: Suggestion(Suspect=Hashem Sir, Weapon=Anti Cutter, Location=Academic Building)
2026-04-17 17:01:36,820 - INFO - engine.game_state - AI Player 2 revealed a card
2026-04-17 17:01:36,820 - INFO - engine.game_state - Accusation Decision: False
2026-04-17 17:01:36,820 - INFO - engine.game_state - --- AI Player 2 (ExpectiminimaxAI) Turn ---
2026-04-17 17:01:36,821 - INFO - engine.game_state - Dice: 9
2026-04-17 17:01:36,835 - INFO - engine.game_state - Move: Pocket Gate
2026-04-17 17:01:36,888 - INFO - engine.game_state - Suggestion: Suggestion(Suspect=Hashem Sir, Weapon=Anti Cutter, Location=Pocket Gate)
2026-04-17 17:01:36,889 - INFO - engine.game_state - No one could disprove
2026-04-17 17:01:36,889 - INFO - engine.game_state - Accusation Decision: False
2026-04-17 17:01:36,889 - INFO - engine.game_state - --- AI Player 3 (NegamaxAI) Turn ---
2026-04-17 17:01:36,889 - INFO - engine.game_state - Dice: 7
2026-04-17 17:01:36,898 - INFO - engine.game_state - Move: Library
2026-04-17 17:01:36,993 - INFO - engine.game_state - Suggestion: Suggestion(Suspect=Hashem Sir, Weapon=Anti Cutter, Location=Library)
2026-04-17 17:01:36,993 - INFO - engine.game_state - AI Player 2 revealed a card
2026-04-17 17:01:36,994 - INFO - engine.game_state - Accusation Decision: False
2026-04-17 17:01:36,994 - INFO - engine.game_state - --- AI Player 2 (ExpectiminimaxAI) Turn ---
2026-04-17 17:01:36,994 - INFO - engine.game_state - Dice: 4
2026-04-17 17:01:37,002 - INFO - engine.game_state - Move: Central Field
2026-04-17 17:01:37,163 - INFO - engine.game_state - Suggestion: Suggestion(Suspect=Hashem Sir, Weapon=Anti Cutter, Location=Central Field)
2026-04-17 17:01:37,163 - INFO - engine.game_state - AI Player 1 revealed a card
2026-04-17 17:01:37,163 - INFO - engine.game_state - Accusation Decision: False
2026-04-17 17:01:37,163 - INFO - engine.game_state - --- AI Player 3 (NegamaxAI) Turn ---
2026-04-17 17:01:37,163 - INFO - engine.game_state - Dice: 3
2026-04-17 17:01:37,170 - INFO - engine.game_state - Move: VC Room
2026-04-17 17:01:37,271 - INFO - engine.game_state - Suggestion: Suggestion(Suspect=Hashem Sir, Weapon=Anti Cutter, Location=VC Room)
2026-04-17 17:01:37,272 - INFO - engine.game_state - AI Player 2 revealed a card
2026-04-17 17:01:37,272 - INFO - engine.game_state - Accusation Decision: False
2026-04-17 17:01:37,272 - INFO - engine.game_state - --- AI Player 2 (ExpectiminimaxAI) Turn ---
2026-04-17 17:01:37,272 - INFO - engine.game_state - Dice: 6
2026-04-17 17:01:37,285 - INFO - engine.game_state - Move: Pocket Gate
2026-04-17 17:01:37,354 - INFO - engine.game_state - Suggestion: Suggestion(Suspect=Hashem Sir, Weapon=Anti Cutter, Location=Pocket Gate)
2026-04-17 17:01:37,354 - INFO - engine.game_state - No one could disprove
2026-04-17 17:01:37,355 - INFO - engine.game_state - Accusation Decision: False
2026-04-17 17:01:37,355 - INFO - engine.game_state - --- AI Player 3 (NegamaxAI) Turn ---
2026-04-17 17:01:37,355 - INFO - engine.game_state - Dice: 6
2026-04-17 17:01:37,365 - INFO - engine.game_state - Move: Library
2026-04-17 17:01:37,476 - INFO - engine.game_state - Suggestion: Suggestion(Suspect=Hashem Sir, Weapon=Anti Cutter, Location=Library)
2026-04-17 17:01:37,476 - INFO - engine.game_state - AI Player 2 revealed a card
2026-04-17 17:01:37,476 - INFO - engine.game_state - Accusation Decision: False
2026-04-17 17:01:37,476 - WARNING - main - Winner: None (turn cap reached)
2026-04-17 17:01:37,477 - INFO - main - ====================================================================
2026-04-17 17:01:37,477 - INFO - main - Final Performance Summary
2026-04-17 17:01:37,477 - INFO - main - ====================================================================
2026-04-17 17:01:37,477 - INFO - main - MinimaxAI:
2026-04-17 17:01:37,477 - INFO - main - Wins: 0
2026-04-17 17:01:37,477 - INFO - main - Win Rate: 0.0%
2026-04-17 17:01:37,478 - INFO - main - Average Moves: 2.00
2026-04-17 17:01:37,478 - INFO - main - Average Decision Time: 0.05223 sec
2026-04-17 17:01:37,478 - INFO - main - ExpectiminimaxAI:
2026-04-17 17:01:37,478 - INFO - main - Wins: 0
2026-04-17 17:01:37,478 - INFO - main - Win Rate: 0.0%
2026-04-17 17:01:37,478 - INFO - main - Average Moves: 124.00
2026-04-17 17:01:37,479 - INFO - main - Average Decision Time: 0.03657 sec
2026-04-17 17:01:37,479 - INFO - main - NegamaxAI:
2026-04-17 17:01:37,479 - INFO - main - Wins: 0
2026-04-17 17:01:37,479 - INFO - main - Win Rate: 0.0%
2026-04-17 17:01:37,479 - INFO - main - Average Moves: 124.00
2026-04-17 17:01:37,479 - INFO - main - Average Decision Time: 0.03833 sec
2026-04-17 17:01:37,479 - INFO - main - No-Winner Games: 1
2026-04-17 17:01:37,480 - INFO - main - Average Game Runtime: 28.5512 sec
2026-04-17 17:01:37,480 - INFO - main - ====================================================================
2026-04-17 17:02:05,758 - INFO - main - ====================================================================
2026-04-17 17:02:05,758 - INFO - main -  Murder in KUET - Minimax vs Expectiminimax vs Negamax Metrics
2026-04-17 17:02:05,758 - INFO - main - ====================================================================
2026-04-17 17:02:05,758 - INFO - main - === Game 1 ===
2026-04-17 17:02:05,759 - INFO - engine.game_state - --- AI Player 1 (MinimaxAI) Turn ---
2026-04-17 17:02:05,759 - INFO - engine.game_state - Dice: 5
2026-04-17 17:02:05,915 - INFO - engine.game_state - Move: Library
2026-04-17 17:02:05,979 - INFO - engine.game_state - Suggestion: Suggestion(Suspect=Hashem Sir, Weapon=Anti Cutter, Location=Library)
2026-04-17 17:02:05,979 - INFO - engine.game_state - AI Player 2 revealed a card
2026-04-17 17:02:05,979 - INFO - engine.game_state - Accusation Decision: False
2026-04-17 17:02:05,980 - INFO - engine.game_state - --- AI Player 2 (ExpectiminimaxAI) Turn ---
2026-04-17 17:02:05,980 - INFO - engine.game_state - Dice: 9
2026-04-17 17:02:05,992 - INFO - engine.game_state - Move: Library
2026-04-17 17:02:06,059 - INFO - engine.game_state - Suggestion: Suggestion(Suspect=Hashem Sir, Weapon=Anti Cutter, Location=Library)
2026-04-17 17:02:06,059 - INFO - engine.game_state - AI Player 3 revealed a card
2026-04-17 17:02:06,060 - INFO - engine.game_state - Accusation Decision: False
2026-04-17 17:02:06,060 - INFO - engine.game_state - --- AI Player 3 (NegamaxAI) Turn ---
2026-04-17 17:02:06,060 - INFO - engine.game_state - Dice: 7
2026-04-17 17:02:06,079 - INFO - engine.game_state - Move: Library
2026-04-17 17:02:06,151 - INFO - engine.game_state - Suggestion: Suggestion(Suspect=Hashem Sir, Weapon=Anti Cutter, Location=Library)
2026-04-17 17:02:06,152 - INFO - engine.game_state - AI Player 2 revealed a card
2026-04-17 17:02:06,152 - INFO - engine.game_state - Accusation Decision: False
2026-04-17 17:02:06,152 - INFO - engine.game_state - --- AI Player 1 (MinimaxAI) Turn ---
2026-04-17 17:02:06,152 - INFO - engine.game_state - Dice: 7
2026-04-17 17:02:06,161 - INFO - engine.game_state - Move: Academic Building
2026-04-17 17:02:06,240 - INFO - engine.game_state - Suggestion: Suggestion(Suspect=Hashem Sir, Weapon=Knife, Location=Academic Building)
2026-04-17 17:02:06,240 - INFO - engine.game_state - No one could disprove
2026-04-17 17:02:06,240 - WARNING - engine.game_state - AI Player 1 eliminated
2026-04-17 17:02:06,240 - INFO - engine.game_state - Accusation Decision: True
2026-04-17 17:02:06,240 - INFO - engine.game_state - --- AI Player 2 (ExpectiminimaxAI) Turn ---
2026-04-17 17:02:06,241 - INFO - engine.game_state - Dice: 11
2026-04-17 17:02:06,245 - INFO - engine.game_state - Move: Academic Building
2026-04-17 17:02:06,330 - INFO - engine.game_state - Suggestion: Suggestion(Suspect=Hashem Sir, Weapon=Anti Cutter, Location=Academic Building)
2026-04-17 17:02:06,330 - INFO - engine.game_state - No one could disprove
2026-04-17 17:02:06,330 - INFO - engine.game_state - Accusation Decision: False
2026-04-17 17:02:06,330 - INFO - engine.game_state - --- AI Player 3 (NegamaxAI) Turn ---
2026-04-17 17:02:06,330 - INFO - engine.game_state - Dice: 7
2026-04-17 17:02:06,337 - INFO - engine.game_state - Move: Academic Building
2026-04-17 17:02:06,417 - INFO - engine.game_state - Suggestion: Suggestion(Suspect=Hashem Sir, Weapon=Anti Cutter, Location=Academic Building)
2026-04-17 17:02:06,417 - INFO - engine.game_state - AI Player 2 revealed a card
2026-04-17 17:02:06,418 - INFO - engine.game_state - Accusation Decision: False
2026-04-17 17:02:06,418 - INFO - engine.game_state - --- AI Player 2 (ExpectiminimaxAI) Turn ---
2026-04-17 17:02:06,418 - INFO - engine.game_state - Dice: 6
2026-04-17 17:02:06,423 - INFO - engine.game_state - Move: IT Park
2026-04-17 17:02:06,473 - INFO - engine.game_state - Suggestion: Suggestion(Suspect=Hashem Sir, Weapon=Anti Cutter, Location=IT Park)
2026-04-17 17:02:06,473 - INFO - engine.game_state - AI Player 1 revealed a card
2026-04-17 17:02:06,474 - INFO - engine.game_state - Accusation Decision: False
2026-04-17 17:02:06,474 - INFO - engine.game_state - --- AI Player 3 (NegamaxAI) Turn ---
2026-04-17 17:02:06,474 - INFO - engine.game_state - Dice: 7
2026-04-17 17:02:06,481 - INFO - engine.game_state - Move: Library
2026-04-17 17:02:06,552 - INFO - engine.game_state - Suggestion: Suggestion(Suspect=Hashem Sir, Weapon=Anti Cutter, Location=Library)
2026-04-17 17:02:06,553 - INFO - engine.game_state - AI Player 2 revealed a card
2026-04-17 17:02:06,553 - INFO - engine.game_state - Accusation Decision: False
2026-04-17 17:02:06,553 - INFO - engine.game_state - --- AI Player 2 (ExpectiminimaxAI) Turn ---
2026-04-17 17:02:06,553 - INFO - engine.game_state - Dice: 12
2026-04-17 17:02:06,557 - INFO - engine.game_state - Move: Academic Building
2026-04-17 17:02:06,637 - INFO - engine.game_state - Suggestion: Suggestion(Suspect=Hashem Sir, Weapon=Anti Cutter, Location=Academic Building)
2026-04-17 17:02:06,637 - INFO - engine.game_state - No one could disprove
2026-04-17 17:02:06,637 - INFO - engine.game_state - Accusation Decision: False
2026-04-17 17:02:06,638 - INFO - engine.game_state - --- AI Player 3 (NegamaxAI) Turn ---
2026-04-17 17:02:06,638 - INFO - engine.game_state - Dice: 11
2026-04-17 17:02:06,645 - INFO - engine.game_state - Move: Academic Building
2026-04-17 17:02:06,724 - INFO - engine.game_state - Suggestion: Suggestion(Suspect=Hashem Sir, Weapon=Anti Cutter, Location=Academic Building)
2026-04-17 17:02:06,725 - INFO - engine.game_state - AI Player 2 revealed a card
2026-04-17 17:02:06,725 - INFO - engine.game_state - Accusation Decision: False
2026-04-17 17:02:06,725 - INFO - engine.game_state - --- AI Player 2 (ExpectiminimaxAI) Turn ---
2026-04-17 17:02:06,725 - INFO - engine.game_state - Dice: 7
2026-04-17 17:02:06,731 - INFO - engine.game_state - Move: Cafeteria
2026-04-17 17:02:06,785 - INFO - engine.game_state - Suggestion: Suggestion(Suspect=Hashem Sir, Weapon=Anti Cutter, Location=Cafeteria)
2026-04-17 17:02:06,786 - INFO - engine.game_state - AI Player 1 revealed a card
2026-04-17 17:02:06,786 - INFO - engine.game_state - Accusation Decision: False
2026-04-17 17:02:06,786 - INFO - engine.game_state - --- AI Player 3 (NegamaxAI) Turn ---
2026-04-17 17:02:06,786 - INFO - engine.game_state - Dice: 7
2026-04-17 17:02:06,794 - INFO - engine.game_state - Move: Library
2026-04-17 17:02:06,877 - INFO - engine.game_state - Suggestion: Suggestion(Suspect=Hashem Sir, Weapon=Anti Cutter, Location=Library)
2026-04-17 17:02:06,877 - INFO - engine.game_state - AI Player 2 revealed a card
2026-04-17 17:02:06,877 - INFO - engine.game_state - Accusation Decision: False
2026-04-17 17:02:06,877 - INFO - engine.game_state - --- AI Player 2 (ExpectiminimaxAI) Turn ---
2026-04-17 17:02:06,878 - INFO - engine.game_state - Dice: 5
2026-04-17 17:02:06,881 - INFO - engine.game_state - Move: Academic Building
2026-04-17 17:02:06,959 - INFO - engine.game_state - Suggestion: Suggestion(Suspect=Hashem Sir, Weapon=Anti Cutter, Location=Academic Building)
2026-04-17 17:02:06,960 - INFO - engine.game_state - No one could disprove
2026-04-17 17:02:06,960 - INFO - engine.game_state - Accusation Decision: False
2026-04-17 17:02:06,960 - INFO - engine.game_state - --- AI Player 3 (NegamaxAI) Turn ---
2026-04-17 17:02:06,960 - INFO - engine.game_state - Dice: 10
2026-04-17 17:02:06,969 - INFO - engine.game_state - Move: Academic Building
2026-04-17 17:02:07,049 - INFO - engine.game_state - Suggestion: Suggestion(Suspect=Hashem Sir, Weapon=Anti Cutter, Location=Academic Building)
2026-04-17 17:02:07,049 - INFO - engine.game_state - AI Player 2 revealed a card
2026-04-17 17:02:07,049 - INFO - engine.game_state - Accusation Decision: False
2026-04-17 17:02:07,049 - INFO - engine.game_state - --- AI Player 2 (ExpectiminimaxAI) Turn ---
2026-04-17 17:02:07,050 - INFO - engine.game_state - Dice: 5
2026-04-17 17:02:07,055 - INFO - engine.game_state - Move: VC Room
2026-04-17 17:02:07,120 - INFO - engine.game_state - Suggestion: Suggestion(Suspect=Hashem Sir, Weapon=Anti Cutter, Location=VC Room)
2026-04-17 17:02:07,121 - INFO - engine.game_state - AI Player 3 revealed a card
2026-04-17 17:02:07,121 - INFO - engine.game_state - Accusation Decision: False
2026-04-17 17:02:07,121 - INFO - engine.game_state - --- AI Player 3 (NegamaxAI) Turn ---
2026-04-17 17:02:07,121 - INFO - engine.game_state - Dice: 9
2026-04-17 17:02:07,129 - INFO - engine.game_state - Move: Library
2026-04-17 17:02:07,204 - INFO - engine.game_state - Suggestion: Suggestion(Suspect=Hashem Sir, Weapon=Anti Cutter, Location=Library)
2026-04-17 17:02:07,204 - INFO - engine.game_state - AI Player 2 revealed a card
2026-04-17 17:02:07,204 - INFO - engine.game_state - Accusation Decision: False
2026-04-17 17:02:07,204 - INFO - engine.game_state - --- AI Player 2 (ExpectiminimaxAI) Turn ---
2026-04-17 17:02:07,204 - INFO - engine.game_state - Dice: 9
2026-04-17 17:02:07,209 - INFO - engine.game_state - Move: Academic Building
2026-04-17 17:02:07,290 - INFO - engine.game_state - Suggestion: Suggestion(Suspect=Hashem Sir, Weapon=Anti Cutter, Location=Academic Building)
2026-04-17 17:02:07,291 - INFO - engine.game_state - No one could disprove
2026-04-17 17:02:07,291 - INFO - engine.game_state - Accusation Decision: False
2026-04-17 17:02:07,291 - INFO - engine.game_state - --- AI Player 3 (NegamaxAI) Turn ---
2026-04-17 17:02:07,291 - INFO - engine.game_state - Dice: 9
2026-04-17 17:02:07,298 - INFO - engine.game_state - Move: Academic Building
2026-04-17 17:02:07,373 - INFO - engine.game_state - Suggestion: Suggestion(Suspect=Hashem Sir, Weapon=Anti Cutter, Location=Academic Building)
2026-04-17 17:02:07,374 - INFO - engine.game_state - AI Player 2 revealed a card
2026-04-17 17:02:07,374 - INFO - engine.game_state - Accusation Decision: False
2026-04-17 17:02:07,374 - INFO - engine.game_state - --- AI Player 2 (ExpectiminimaxAI) Turn ---
2026-04-17 17:02:07,375 - INFO - engine.game_state - Dice: 7
2026-04-17 17:02:07,381 - INFO - engine.game_state - Move: Library
2026-04-17 17:02:07,445 - INFO - engine.game_state - Suggestion: Suggestion(Suspect=Hashem Sir, Weapon=Anti Cutter, Location=Library)
2026-04-17 17:02:07,445 - INFO - engine.game_state - AI Player 3 revealed a card
2026-04-17 17:02:07,445 - INFO - engine.game_state - Accusation Decision: False
2026-04-17 17:02:07,446 - INFO - engine.game_state - --- AI Player 3 (NegamaxAI) Turn ---
2026-04-17 17:02:07,446 - INFO - engine.game_state - Dice: 7
2026-04-17 17:02:07,454 - INFO - engine.game_state - Move: Library
2026-04-17 17:02:07,526 - INFO - engine.game_state - Suggestion: Suggestion(Suspect=Hashem Sir, Weapon=Anti Cutter, Location=Library)
2026-04-17 17:02:07,527 - INFO - engine.game_state - AI Player 2 revealed a card
2026-04-17 17:02:07,527 - INFO - engine.game_state - Accusation Decision: False
2026-04-17 17:02:07,527 - INFO - engine.game_state - --- AI Player 2 (ExpectiminimaxAI) Turn ---
2026-04-17 17:02:07,527 - INFO - engine.game_state - Dice: 11
2026-04-17 17:02:07,532 - INFO - engine.game_state - Move: Academic Building
2026-04-17 17:02:07,614 - INFO - engine.game_state - Suggestion: Suggestion(Suspect=Hashem Sir, Weapon=Anti Cutter, Location=Academic Building)
2026-04-17 17:02:07,614 - INFO - engine.game_state - No one could disprove
2026-04-17 17:02:07,615 - INFO - engine.game_state - Accusation Decision: False
2026-04-17 17:02:07,615 - INFO - engine.game_state - --- AI Player 3 (NegamaxAI) Turn ---
2026-04-17 17:02:07,615 - INFO - engine.game_state - Dice: 8
2026-04-17 17:02:07,622 - INFO - engine.game_state - Move: Academic Building
2026-04-17 17:02:07,701 - INFO - engine.game_state - Suggestion: Suggestion(Suspect=Hashem Sir, Weapon=Anti Cutter, Location=Academic Building)
2026-04-17 17:02:07,701 - INFO - engine.game_state - AI Player 2 revealed a card
2026-04-17 17:02:07,701 - INFO - engine.game_state - Accusation Decision: False
2026-04-17 17:02:07,701 - INFO - engine.game_state - --- AI Player 2 (ExpectiminimaxAI) Turn ---
2026-04-17 17:02:07,702 - INFO - engine.game_state - Dice: 6
2026-04-17 17:02:07,708 - INFO - engine.game_state - Move: Library
2026-04-17 17:02:07,776 - INFO - engine.game_state - Suggestion: Suggestion(Suspect=Hashem Sir, Weapon=Anti Cutter, Location=Library)
2026-04-17 17:02:07,776 - INFO - engine.game_state - AI Player 3 revealed a card
2026-04-17 17:02:07,776 - INFO - engine.game_state - Accusation Decision: False
2026-04-17 17:02:07,777 - INFO - engine.game_state - --- AI Player 3 (NegamaxAI) Turn ---
2026-04-17 17:02:07,777 - INFO - engine.game_state - Dice: 12
2026-04-17 17:02:07,784 - INFO - engine.game_state - Move: Library
2026-04-17 17:02:07,858 - INFO - engine.game_state - Suggestion: Suggestion(Suspect=Hashem Sir, Weapon=Anti Cutter, Location=Library)
2026-04-17 17:02:07,859 - INFO - engine.game_state - AI Player 2 revealed a card
2026-04-17 17:02:07,859 - INFO - engine.game_state - Accusation Decision: False
2026-04-17 17:02:07,859 - INFO - engine.game_state - --- AI Player 2 (ExpectiminimaxAI) Turn ---
2026-04-17 17:02:07,859 - INFO - engine.game_state - Dice: 10
2026-04-17 17:02:07,864 - INFO - engine.game_state - Move: Academic Building
2026-04-17 17:02:07,943 - INFO - engine.game_state - Suggestion: Suggestion(Suspect=Hashem Sir, Weapon=Anti Cutter, Location=Academic Building)
2026-04-17 17:02:07,944 - INFO - engine.game_state - No one could disprove
2026-04-17 17:02:07,944 - INFO - engine.game_state - Accusation Decision: False
2026-04-17 17:02:07,944 - INFO - engine.game_state - --- AI Player 3 (NegamaxAI) Turn ---
2026-04-17 17:02:07,945 - INFO - engine.game_state - Dice: 11
2026-04-17 17:02:07,951 - INFO - engine.game_state - Move: Academic Building
2026-04-17 17:02:08,030 - INFO - engine.game_state - Suggestion: Suggestion(Suspect=Hashem Sir, Weapon=Anti Cutter, Location=Academic Building)
2026-04-17 17:02:08,031 - INFO - engine.game_state - AI Player 2 revealed a card
2026-04-17 17:02:08,031 - INFO - engine.game_state - Accusation Decision: False
2026-04-17 17:02:08,031 - INFO - engine.game_state - --- AI Player 2 (ExpectiminimaxAI) Turn ---
2026-04-17 17:02:08,032 - INFO - engine.game_state - Dice: 9
2026-04-17 17:02:08,039 - INFO - engine.game_state - Move: Library
2026-04-17 17:02:08,103 - INFO - engine.game_state - Suggestion: Suggestion(Suspect=Hashem Sir, Weapon=Anti Cutter, Location=Library)
2026-04-17 17:02:08,103 - INFO - engine.game_state - AI Player 3 revealed a card
2026-04-17 17:02:08,103 - INFO - engine.game_state - Accusation Decision: False
2026-04-17 17:02:08,103 - INFO - engine.game_state - --- AI Player 3 (NegamaxAI) Turn ---
2026-04-17 17:02:08,103 - INFO - engine.game_state - Dice: 11
2026-04-17 17:02:08,110 - INFO - engine.game_state - Move: Library
2026-04-17 17:02:08,182 - INFO - engine.game_state - Suggestion: Suggestion(Suspect=Hashem Sir, Weapon=Anti Cutter, Location=Library)
2026-04-17 17:02:08,182 - INFO - engine.game_state - AI Player 2 revealed a card
2026-04-17 17:02:08,183 - INFO - engine.game_state - Accusation Decision: False
2026-04-17 17:02:08,183 - INFO - engine.game_state - --- AI Player 2 (ExpectiminimaxAI) Turn ---
2026-04-17 17:02:08,183 - INFO - engine.game_state - Dice: 8
2026-04-17 17:02:08,188 - INFO - engine.game_state - Move: Academic Building
2026-04-17 17:02:08,266 - INFO - engine.game_state - Suggestion: Suggestion(Suspect=Hashem Sir, Weapon=Anti Cutter, Location=Academic Building)
2026-04-17 17:02:08,267 - INFO - engine.game_state - No one could disprove
2026-04-17 17:02:08,267 - INFO - engine.game_state - Accusation Decision: False
2026-04-17 17:02:08,267 - INFO - engine.game_state - --- AI Player 3 (NegamaxAI) Turn ---
2026-04-17 17:02:08,267 - INFO - engine.game_state - Dice: 5
2026-04-17 17:02:08,273 - INFO - engine.game_state - Move: Academic Building
2026-04-17 17:02:08,352 - INFO - engine.game_state - Suggestion: Suggestion(Suspect=Hashem Sir, Weapon=Anti Cutter, Location=Academic Building)
2026-04-17 17:02:08,353 - INFO - engine.game_state - AI Player 2 revealed a card
2026-04-17 17:02:08,353 - INFO - engine.game_state - Accusation Decision: False
2026-04-17 17:02:08,353 - INFO - engine.game_state - --- AI Player 2 (ExpectiminimaxAI) Turn ---
2026-04-17 17:02:08,353 - INFO - engine.game_state - Dice: 2
2026-04-17 17:02:08,355 - INFO - engine.game_state - Move: VC Room
2026-04-17 17:02:08,418 - INFO - engine.game_state - Suggestion: Suggestion(Suspect=Hashem Sir, Weapon=Anti Cutter, Location=VC Room)
2026-04-17 17:02:08,418 - INFO - engine.game_state - AI Player 3 revealed a card
2026-04-17 17:02:08,418 - INFO - engine.game_state - Accusation Decision: False
2026-04-17 17:02:08,419 - INFO - engine.game_state - --- AI Player 3 (NegamaxAI) Turn ---
2026-04-17 17:02:08,419 - INFO - engine.game_state - Dice: 11
2026-04-17 17:02:08,426 - INFO - engine.game_state - Move: Library
2026-04-17 17:02:08,498 - INFO - engine.game_state - Suggestion: Suggestion(Suspect=Hashem Sir, Weapon=Anti Cutter, Location=Library)
2026-04-17 17:02:08,499 - INFO - engine.game_state - AI Player 2 revealed a card
2026-04-17 17:02:08,499 - INFO - engine.game_state - Accusation Decision: False
2026-04-17 17:02:08,499 - INFO - engine.game_state - --- AI Player 2 (ExpectiminimaxAI) Turn ---
2026-04-17 17:02:08,499 - INFO - engine.game_state - Dice: 9
2026-04-17 17:02:08,504 - INFO - engine.game_state - Move: Academic Building
2026-04-17 17:02:08,606 - INFO - engine.game_state - Suggestion: Suggestion(Suspect=Hashem Sir, Weapon=Anti Cutter, Location=Academic Building)
2026-04-17 17:02:08,606 - INFO - engine.game_state - No one could disprove
2026-04-17 17:02:08,607 - INFO - engine.game_state - Accusation Decision: False
2026-04-17 17:02:08,607 - INFO - engine.game_state - --- AI Player 3 (NegamaxAI) Turn ---
2026-04-17 17:02:08,607 - INFO - engine.game_state - Dice: 5
2026-04-17 17:02:08,614 - INFO - engine.game_state - Move: Academic Building
2026-04-17 17:02:08,713 - INFO - engine.game_state - Suggestion: Suggestion(Suspect=Hashem Sir, Weapon=Anti Cutter, Location=Academic Building)
2026-04-17 17:02:08,713 - INFO - engine.game_state - AI Player 2 revealed a card
2026-04-17 17:02:08,713 - INFO - engine.game_state - Accusation Decision: False
2026-04-17 17:02:08,714 - INFO - engine.game_state - --- AI Player 2 (ExpectiminimaxAI) Turn ---
2026-04-17 17:02:08,714 - INFO - engine.game_state - Dice: 10
2026-04-17 17:02:08,722 - INFO - engine.game_state - Move: Library
2026-04-17 17:02:08,807 - INFO - engine.game_state - Suggestion: Suggestion(Suspect=Hashem Sir, Weapon=Anti Cutter, Location=Library)
2026-04-17 17:02:08,808 - INFO - engine.game_state - AI Player 3 revealed a card
2026-04-17 17:02:08,808 - INFO - engine.game_state - Accusation Decision: False
2026-04-17 17:02:08,808 - INFO - engine.game_state - --- AI Player 3 (NegamaxAI) Turn ---
2026-04-17 17:02:08,809 - INFO - engine.game_state - Dice: 9
2026-04-17 17:02:08,825 - INFO - engine.game_state - Move: Library
2026-04-17 17:02:08,932 - INFO - engine.game_state - Suggestion: Suggestion(Suspect=Hashem Sir, Weapon=Anti Cutter, Location=Library)
2026-04-17 17:02:08,933 - INFO - engine.game_state - AI Player 2 revealed a card
2026-04-17 17:02:08,933 - INFO - engine.game_state - Accusation Decision: False
2026-04-17 17:02:08,933 - INFO - engine.game_state - --- AI Player 2 (ExpectiminimaxAI) Turn ---
2026-04-17 17:02:08,934 - INFO - engine.game_state - Dice: 11
2026-04-17 17:02:08,942 - INFO - engine.game_state - Move: Academic Building
2026-04-17 17:02:09,042 - INFO - engine.game_state - Suggestion: Suggestion(Suspect=Hashem Sir, Weapon=Anti Cutter, Location=Academic Building)
2026-04-17 17:02:09,042 - INFO - engine.game_state - No one could disprove
2026-04-17 17:02:09,042 - INFO - engine.game_state - Accusation Decision: False
2026-04-17 17:02:09,043 - INFO - engine.game_state - --- AI Player 3 (NegamaxAI) Turn ---
2026-04-17 17:02:09,043 - INFO - engine.game_state - Dice: 4
2026-04-17 17:02:09,050 - INFO - engine.game_state - Move: Academic Building
2026-04-17 17:02:09,146 - INFO - engine.game_state - Suggestion: Suggestion(Suspect=Hashem Sir, Weapon=Anti Cutter, Location=Academic Building)
2026-04-17 17:02:09,146 - INFO - engine.game_state - AI Player 2 revealed a card
2026-04-17 17:02:09,146 - INFO - engine.game_state - Accusation Decision: False
2026-04-17 17:02:09,146 - INFO - engine.game_state - --- AI Player 2 (ExpectiminimaxAI) Turn ---
2026-04-17 17:02:09,146 - INFO - engine.game_state - Dice: 5
2026-04-17 17:02:09,153 - INFO - engine.game_state - Move: Library
2026-04-17 17:02:09,257 - INFO - engine.game_state - Suggestion: Suggestion(Suspect=Hashem Sir, Weapon=Anti Cutter, Location=Library)
2026-04-17 17:02:09,258 - INFO - engine.game_state - AI Player 3 revealed a card
2026-04-17 17:02:09,258 - INFO - engine.game_state - Accusation Decision: False
2026-04-17 17:02:09,258 - INFO - engine.game_state - --- AI Player 3 (NegamaxAI) Turn ---
2026-04-17 17:02:09,258 - INFO - engine.game_state - Dice: 12
2026-04-17 17:02:09,269 - INFO - engine.game_state - Move: Library
2026-04-17 17:02:09,390 - INFO - engine.game_state - Suggestion: Suggestion(Suspect=Hashem Sir, Weapon=Anti Cutter, Location=Library)
2026-04-17 17:02:09,390 - INFO - engine.game_state - AI Player 2 revealed a card
2026-04-17 17:02:09,391 - INFO - engine.game_state - Accusation Decision: False
2026-04-17 17:02:09,391 - INFO - engine.game_state - --- AI Player 2 (ExpectiminimaxAI) Turn ---
2026-04-17 17:02:09,391 - INFO - engine.game_state - Dice: 6
2026-04-17 17:02:09,399 - INFO - engine.game_state - Move: Academic Building
2026-04-17 17:02:09,503 - INFO - engine.game_state - Suggestion: Suggestion(Suspect=Hashem Sir, Weapon=Anti Cutter, Location=Academic Building)
2026-04-17 17:02:09,503 - INFO - engine.game_state - No one could disprove
2026-04-17 17:02:09,503 - INFO - engine.game_state - Accusation Decision: False
2026-04-17 17:02:09,503 - INFO - engine.game_state - --- AI Player 3 (NegamaxAI) Turn ---
2026-04-17 17:02:09,503 - INFO - engine.game_state - Dice: 10
2026-04-17 17:02:09,511 - INFO - engine.game_state - Move: Academic Building
2026-04-17 17:02:09,608 - INFO - engine.game_state - Suggestion: Suggestion(Suspect=Hashem Sir, Weapon=Anti Cutter, Location=Academic Building)
2026-04-17 17:02:09,608 - INFO - engine.game_state - AI Player 2 revealed a card
2026-04-17 17:02:09,608 - INFO - engine.game_state - Accusation Decision: False
2026-04-17 17:02:09,608 - INFO - engine.game_state - --- AI Player 2 (ExpectiminimaxAI) Turn ---
2026-04-17 17:02:09,609 - INFO - engine.game_state - Dice: 7
2026-04-17 17:02:09,617 - INFO - engine.game_state - Move: Library
2026-04-17 17:02:09,713 - INFO - engine.game_state - Suggestion: Suggestion(Suspect=Hashem Sir, Weapon=Anti Cutter, Location=Library)
2026-04-17 17:02:09,713 - INFO - engine.game_state - AI Player 3 revealed a card
2026-04-17 17:02:09,713 - INFO - engine.game_state - Accusation Decision: False
2026-04-17 17:02:09,713 - INFO - engine.game_state - --- AI Player 3 (NegamaxAI) Turn ---
2026-04-17 17:02:09,714 - INFO - engine.game_state - Dice: 7
2026-04-17 17:02:09,722 - INFO - engine.game_state - Move: Library
2026-04-17 17:02:09,831 - INFO - engine.game_state - Suggestion: Suggestion(Suspect=Hashem Sir, Weapon=Anti Cutter, Location=Library)
2026-04-17 17:02:09,831 - INFO - engine.game_state - AI Player 2 revealed a card
2026-04-17 17:02:09,831 - INFO - engine.game_state - Accusation Decision: False
2026-04-17 17:02:09,831 - INFO - engine.game_state - --- AI Player 2 (ExpectiminimaxAI) Turn ---
2026-04-17 17:02:09,831 - INFO - engine.game_state - Dice: 8
2026-04-17 17:02:09,837 - INFO - engine.game_state - Move: Academic Building
2026-04-17 17:02:09,932 - INFO - engine.game_state - Suggestion: Suggestion(Suspect=Hashem Sir, Weapon=Anti Cutter, Location=Academic Building)
2026-04-17 17:02:09,933 - INFO - engine.game_state - No one could disprove
2026-04-17 17:02:09,933 - INFO - engine.game_state - Accusation Decision: False
2026-04-17 17:02:09,933 - INFO - engine.game_state - --- AI Player 3 (NegamaxAI) Turn ---
2026-04-17 17:02:09,933 - INFO - engine.game_state - Dice: 6
2026-04-17 17:02:09,942 - INFO - engine.game_state - Move: Academic Building
2026-04-17 17:02:10,052 - INFO - engine.game_state - Suggestion: Suggestion(Suspect=Hashem Sir, Weapon=Anti Cutter, Location=Academic Building)
2026-04-17 17:02:10,052 - INFO - engine.game_state - AI Player 2 revealed a card
2026-04-17 17:02:10,053 - INFO - engine.game_state - Accusation Decision: False
2026-04-17 17:02:10,053 - INFO - engine.game_state - --- AI Player 2 (ExpectiminimaxAI) Turn ---
2026-04-17 17:02:10,053 - INFO - engine.game_state - Dice: 2
2026-04-17 17:02:10,055 - INFO - engine.game_state - Move: VC Room
2026-04-17 17:02:10,153 - INFO - engine.game_state - Suggestion: Suggestion(Suspect=Hashem Sir, Weapon=Anti Cutter, Location=VC Room)
2026-04-17 17:02:10,153 - INFO - engine.game_state - AI Player 3 revealed a card
2026-04-17 17:02:10,154 - INFO - engine.game_state - Accusation Decision: False
2026-04-17 17:02:10,154 - INFO - engine.game_state - --- AI Player 3 (NegamaxAI) Turn ---
2026-04-17 17:02:10,154 - INFO - engine.game_state - Dice: 9
2026-04-17 17:02:10,162 - INFO - engine.game_state - Move: Library
2026-04-17 17:02:10,258 - INFO - engine.game_state - Suggestion: Suggestion(Suspect=Hashem Sir, Weapon=Anti Cutter, Location=Library)
2026-04-17 17:02:10,259 - INFO - engine.game_state - AI Player 2 revealed a card
2026-04-17 17:02:10,259 - INFO - engine.game_state - Accusation Decision: False
2026-04-17 17:02:10,259 - INFO - engine.game_state - --- AI Player 2 (ExpectiminimaxAI) Turn ---
2026-04-17 17:02:10,259 - INFO - engine.game_state - Dice: 7
2026-04-17 17:02:10,265 - INFO - engine.game_state - Move: Academic Building
2026-04-17 17:02:10,377 - INFO - engine.game_state - Suggestion: Suggestion(Suspect=Hashem Sir, Weapon=Anti Cutter, Location=Academic Building)
2026-04-17 17:02:10,378 - INFO - engine.game_state - No one could disprove
2026-04-17 17:02:10,378 - INFO - engine.game_state - Accusation Decision: False
2026-04-17 17:02:10,378 - INFO - engine.game_state - --- AI Player 3 (NegamaxAI) Turn ---
2026-04-17 17:02:10,379 - INFO - engine.game_state - Dice: 3
2026-04-17 17:02:10,386 - INFO - engine.game_state - Move: VC Room
2026-04-17 17:02:10,461 - INFO - engine.game_state - Suggestion: Suggestion(Suspect=Hashem Sir, Weapon=Anti Cutter, Location=VC Room)
2026-04-17 17:02:10,461 - INFO - engine.game_state - AI Player 2 revealed a card
2026-04-17 17:02:10,462 - INFO - engine.game_state - Accusation Decision: False
2026-04-17 17:02:10,462 - INFO - engine.game_state - --- AI Player 2 (ExpectiminimaxAI) Turn ---
2026-04-17 17:02:10,462 - INFO - engine.game_state - Dice: 8
2026-04-17 17:02:10,470 - INFO - engine.game_state - Move: Library
2026-04-17 17:02:10,565 - INFO - engine.game_state - Suggestion: Suggestion(Suspect=Hashem Sir, Weapon=Anti Cutter, Location=Library)
2026-04-17 17:02:10,566 - INFO - engine.game_state - AI Player 3 revealed a card
2026-04-17 17:02:10,566 - INFO - engine.game_state - Accusation Decision: False
2026-04-17 17:02:10,566 - INFO - engine.game_state - --- AI Player 3 (NegamaxAI) Turn ---
2026-04-17 17:02:10,566 - INFO - engine.game_state - Dice: 3
2026-04-17 17:02:10,572 - INFO - engine.game_state - Move: Library
2026-04-17 17:02:10,646 - INFO - engine.game_state - Suggestion: Suggestion(Suspect=Hashem Sir, Weapon=Anti Cutter, Location=Library)
2026-04-17 17:02:10,646 - INFO - engine.game_state - AI Player 2 revealed a card
2026-04-17 17:02:10,646 - INFO - engine.game_state - Accusation Decision: False
2026-04-17 17:02:10,647 - INFO - engine.game_state - --- AI Player 2 (ExpectiminimaxAI) Turn ---
2026-04-17 17:02:10,647 - INFO - engine.game_state - Dice: 11
2026-04-17 17:02:10,654 - INFO - engine.game_state - Move: Academic Building
2026-04-17 17:02:10,770 - INFO - engine.game_state - Suggestion: Suggestion(Suspect=Hashem Sir, Weapon=Anti Cutter, Location=Academic Building)
2026-04-17 17:02:10,770 - INFO - engine.game_state - No one could disprove
2026-04-17 17:02:10,770 - INFO - engine.game_state - Accusation Decision: False
2026-04-17 17:02:10,771 - INFO - engine.game_state - --- AI Player 3 (NegamaxAI) Turn ---
2026-04-17 17:02:10,771 - INFO - engine.game_state - Dice: 9
2026-04-17 17:02:10,778 - INFO - engine.game_state - Move: Academic Building
2026-04-17 17:02:10,870 - INFO - engine.game_state - Suggestion: Suggestion(Suspect=Hashem Sir, Weapon=Anti Cutter, Location=Academic Building)
2026-04-17 17:02:10,870 - INFO - engine.game_state - AI Player 2 revealed a card
2026-04-17 17:02:10,871 - INFO - engine.game_state - Accusation Decision: False
2026-04-17 17:02:10,871 - INFO - engine.game_state - --- AI Player 2 (ExpectiminimaxAI) Turn ---
2026-04-17 17:02:10,871 - INFO - engine.game_state - Dice: 7
2026-04-17 17:02:10,881 - INFO - engine.game_state - Move: Library
2026-04-17 17:02:10,960 - INFO - engine.game_state - Suggestion: Suggestion(Suspect=Hashem Sir, Weapon=Anti Cutter, Location=Library)
2026-04-17 17:02:10,961 - INFO - engine.game_state - AI Player 3 revealed a card
2026-04-17 17:02:10,961 - INFO - engine.game_state - Accusation Decision: False
2026-04-17 17:02:10,961 - INFO - engine.game_state - --- AI Player 3 (NegamaxAI) Turn ---
2026-04-17 17:02:10,961 - INFO - engine.game_state - Dice: 7
2026-04-17 17:02:10,970 - INFO - engine.game_state - Move: Library
2026-04-17 17:02:11,069 - INFO - engine.game_state - Suggestion: Suggestion(Suspect=Hashem Sir, Weapon=Anti Cutter, Location=Library)
2026-04-17 17:02:11,069 - INFO - engine.game_state - AI Player 2 revealed a card
2026-04-17 17:02:11,070 - INFO - engine.game_state - Accusation Decision: False
2026-04-17 17:02:11,070 - INFO - engine.game_state - --- AI Player 2 (ExpectiminimaxAI) Turn ---
2026-04-17 17:02:11,070 - INFO - engine.game_state - Dice: 5
2026-04-17 17:02:11,076 - INFO - engine.game_state - Move: Academic Building
2026-04-17 17:02:11,176 - INFO - engine.game_state - Suggestion: Suggestion(Suspect=Hashem Sir, Weapon=Anti Cutter, Location=Academic Building)
2026-04-17 17:02:11,176 - INFO - engine.game_state - No one could disprove
2026-04-17 17:02:11,176 - INFO - engine.game_state - Accusation Decision: False
2026-04-17 17:02:11,176 - INFO - engine.game_state - --- AI Player 3 (NegamaxAI) Turn ---
2026-04-17 17:02:11,177 - INFO - engine.game_state - Dice: 8
2026-04-17 17:02:11,186 - INFO - engine.game_state - Move: Academic Building
2026-04-17 17:02:11,302 - INFO - engine.game_state - Suggestion: Suggestion(Suspect=Hashem Sir, Weapon=Anti Cutter, Location=Academic Building)
2026-04-17 17:02:11,303 - INFO - engine.game_state - AI Player 2 revealed a card
2026-04-17 17:02:11,303 - INFO - engine.game_state - Accusation Decision: False
2026-04-17 17:02:11,303 - INFO - engine.game_state - --- AI Player 2 (ExpectiminimaxAI) Turn ---
2026-04-17 17:02:11,303 - INFO - engine.game_state - Dice: 8
2026-04-17 17:02:11,312 - INFO - engine.game_state - Move: Library
2026-04-17 17:02:11,419 - INFO - engine.game_state - Suggestion: Suggestion(Suspect=Hashem Sir, Weapon=Anti Cutter, Location=Library)
2026-04-17 17:02:11,420 - INFO - engine.game_state - AI Player 3 revealed a card
2026-04-17 17:02:11,420 - INFO - engine.game_state - Accusation Decision: False
2026-04-17 17:02:11,420 - INFO - engine.game_state - --- AI Player 3 (NegamaxAI) Turn ---
2026-04-17 17:02:11,420 - INFO - engine.game_state - Dice: 6
2026-04-17 17:02:11,429 - INFO - engine.game_state - Move: Library
2026-04-17 17:02:11,522 - INFO - engine.game_state - Suggestion: Suggestion(Suspect=Hashem Sir, Weapon=Anti Cutter, Location=Library)
2026-04-17 17:02:11,522 - INFO - engine.game_state - AI Player 2 revealed a card
2026-04-17 17:02:11,522 - INFO - engine.game_state - Accusation Decision: False
2026-04-17 17:02:11,522 - INFO - engine.game_state - --- AI Player 2 (ExpectiminimaxAI) Turn ---
2026-04-17 17:02:11,523 - INFO - engine.game_state - Dice: 5
2026-04-17 17:02:11,528 - INFO - engine.game_state - Move: Academic Building
2026-04-17 17:02:11,653 - INFO - engine.game_state - Suggestion: Suggestion(Suspect=Hashem Sir, Weapon=Anti Cutter, Location=Academic Building)
2026-04-17 17:02:11,653 - INFO - engine.game_state - No one could disprove
2026-04-17 17:02:11,654 - INFO - engine.game_state - Accusation Decision: False
2026-04-17 17:02:11,654 - INFO - engine.game_state - --- AI Player 3 (NegamaxAI) Turn ---
2026-04-17 17:02:11,654 - INFO - engine.game_state - Dice: 5
2026-04-17 17:02:11,664 - INFO - engine.game_state - Move: Academic Building
2026-04-17 17:02:11,775 - INFO - engine.game_state - Suggestion: Suggestion(Suspect=Hashem Sir, Weapon=Anti Cutter, Location=Academic Building)
2026-04-17 17:02:11,775 - INFO - engine.game_state - AI Player 2 revealed a card
2026-04-17 17:02:11,775 - INFO - engine.game_state - Accusation Decision: False
2026-04-17 17:02:11,775 - INFO - engine.game_state - --- AI Player 2 (ExpectiminimaxAI) Turn ---
2026-04-17 17:02:11,775 - INFO - engine.game_state - Dice: 4
2026-04-17 17:02:11,782 - INFO - engine.game_state - Move: Library
2026-04-17 17:02:11,858 - INFO - engine.game_state - Suggestion: Suggestion(Suspect=Hashem Sir, Weapon=Anti Cutter, Location=Library)
2026-04-17 17:02:11,859 - INFO - engine.game_state - AI Player 3 revealed a card
2026-04-17 17:02:11,859 - INFO - engine.game_state - Accusation Decision: False
2026-04-17 17:02:11,859 - INFO - engine.game_state - --- AI Player 3 (NegamaxAI) Turn ---
2026-04-17 17:02:11,859 - INFO - engine.game_state - Dice: 2
2026-04-17 17:02:11,861 - INFO - engine.game_state - Move: VC Room
2026-04-17 17:02:11,956 - INFO - engine.game_state - Suggestion: Suggestion(Suspect=Hashem Sir, Weapon=Anti Cutter, Location=VC Room)
2026-04-17 17:02:11,957 - INFO - engine.game_state - AI Player 2 revealed a card
2026-04-17 17:02:11,957 - INFO - engine.game_state - Accusation Decision: False
2026-04-17 17:02:11,957 - INFO - engine.game_state - --- AI Player 2 (ExpectiminimaxAI) Turn ---
2026-04-17 17:02:11,957 - INFO - engine.game_state - Dice: 9
2026-04-17 17:02:11,967 - INFO - engine.game_state - Move: Academic Building
2026-04-17 17:02:12,090 - INFO - engine.game_state - Suggestion: Suggestion(Suspect=Hashem Sir, Weapon=Anti Cutter, Location=Academic Building)
2026-04-17 17:02:12,091 - INFO - engine.game_state - No one could disprove
2026-04-17 17:02:12,091 - INFO - engine.game_state - Accusation Decision: False
2026-04-17 17:02:12,091 - INFO - engine.game_state - --- AI Player 3 (NegamaxAI) Turn ---
2026-04-17 17:02:12,091 - INFO - engine.game_state - Dice: 7
2026-04-17 17:02:12,106 - INFO - engine.game_state - Move: Library
2026-04-17 17:02:12,202 - INFO - engine.game_state - Suggestion: Suggestion(Suspect=Hashem Sir, Weapon=Anti Cutter, Location=Library)
2026-04-17 17:02:12,202 - INFO - engine.game_state - AI Player 2 revealed a card
2026-04-17 17:02:12,202 - INFO - engine.game_state - Accusation Decision: False
2026-04-17 17:02:12,203 - INFO - engine.game_state - --- AI Player 2 (ExpectiminimaxAI) Turn ---
2026-04-17 17:02:12,203 - INFO - engine.game_state - Dice: 5
2026-04-17 17:02:12,211 - INFO - engine.game_state - Move: Library
2026-04-17 17:02:12,317 - INFO - engine.game_state - Suggestion: Suggestion(Suspect=Hashem Sir, Weapon=Anti Cutter, Location=Library)
2026-04-17 17:02:12,318 - INFO - engine.game_state - AI Player 3 revealed a card
2026-04-17 17:02:12,318 - INFO - engine.game_state - Accusation Decision: False
2026-04-17 17:02:12,318 - INFO - engine.game_state - --- AI Player 3 (NegamaxAI) Turn ---
2026-04-17 17:02:12,318 - INFO - engine.game_state - Dice: 10
2026-04-17 17:02:12,328 - INFO - engine.game_state - Move: Academic Building
2026-04-17 17:02:12,471 - INFO - engine.game_state - Suggestion: Suggestion(Suspect=Hashem Sir, Weapon=Anti Cutter, Location=Academic Building)
2026-04-17 17:02:12,471 - INFO - engine.game_state - AI Player 2 revealed a card
2026-04-17 17:02:12,471 - INFO - engine.game_state - Accusation Decision: False
2026-04-17 17:02:12,471 - INFO - engine.game_state - --- AI Player 2 (ExpectiminimaxAI) Turn ---
2026-04-17 17:02:12,471 - INFO - engine.game_state - Dice: 7
2026-04-17 17:02:12,481 - INFO - engine.game_state - Move: Academic Building
2026-04-17 17:02:12,608 - INFO - engine.game_state - Suggestion: Suggestion(Suspect=Hashem Sir, Weapon=Anti Cutter, Location=Academic Building)
2026-04-17 17:02:12,609 - INFO - engine.game_state - No one could disprove
2026-04-17 17:02:12,609 - INFO - engine.game_state - Accusation Decision: False
2026-04-17 17:02:12,609 - INFO - engine.game_state - --- AI Player 3 (NegamaxAI) Turn ---
2026-04-17 17:02:12,609 - INFO - engine.game_state - Dice: 7
2026-04-17 17:02:12,621 - INFO - engine.game_state - Move: Library
2026-04-17 17:02:12,750 - INFO - engine.game_state - Suggestion: Suggestion(Suspect=Hashem Sir, Weapon=Anti Cutter, Location=Library)
2026-04-17 17:02:12,750 - INFO - engine.game_state - AI Player 2 revealed a card
2026-04-17 17:02:12,751 - INFO - engine.game_state - Accusation Decision: False
2026-04-17 17:02:12,751 - INFO - engine.game_state - --- AI Player 2 (ExpectiminimaxAI) Turn ---
2026-04-17 17:02:12,751 - INFO - engine.game_state - Dice: 8
2026-04-17 17:02:12,758 - INFO - engine.game_state - Move: Library
2026-04-17 17:02:12,870 - INFO - engine.game_state - Suggestion: Suggestion(Suspect=Hashem Sir, Weapon=Anti Cutter, Location=Library)
2026-04-17 17:02:12,870 - INFO - engine.game_state - AI Player 3 revealed a card
2026-04-17 17:02:12,871 - INFO - engine.game_state - Accusation Decision: False
2026-04-17 17:02:12,871 - INFO - engine.game_state - --- AI Player 3 (NegamaxAI) Turn ---
2026-04-17 17:02:12,871 - INFO - engine.game_state - Dice: 7
2026-04-17 17:02:12,880 - INFO - engine.game_state - Move: Academic Building
2026-04-17 17:02:13,006 - INFO - engine.game_state - Suggestion: Suggestion(Suspect=Hashem Sir, Weapon=Anti Cutter, Location=Academic Building)
2026-04-17 17:02:13,006 - INFO - engine.game_state - AI Player 2 revealed a card
2026-04-17 17:02:13,007 - INFO - engine.game_state - Accusation Decision: False
2026-04-17 17:02:13,007 - INFO - engine.game_state - --- AI Player 2 (ExpectiminimaxAI) Turn ---
2026-04-17 17:02:13,007 - INFO - engine.game_state - Dice: 9
2026-04-17 17:02:13,013 - INFO - engine.game_state - Move: Academic Building
2026-04-17 17:02:13,119 - INFO - engine.game_state - Suggestion: Suggestion(Suspect=Hashem Sir, Weapon=Anti Cutter, Location=Academic Building)
2026-04-17 17:02:13,119 - INFO - engine.game_state - No one could disprove
2026-04-17 17:02:13,120 - INFO - engine.game_state - Accusation Decision: False
2026-04-17 17:02:13,120 - INFO - engine.game_state - --- AI Player 3 (NegamaxAI) Turn ---
2026-04-17 17:02:13,120 - INFO - engine.game_state - Dice: 3
2026-04-17 17:02:13,123 - INFO - engine.game_state - Move: Cafeteria
2026-04-17 17:02:13,197 - INFO - engine.game_state - Suggestion: Suggestion(Suspect=Hashem Sir, Weapon=Anti Cutter, Location=Cafeteria)
2026-04-17 17:02:13,198 - INFO - engine.game_state - AI Player 1 revealed a card
2026-04-17 17:02:13,198 - INFO - engine.game_state - Accusation Decision: False
2026-04-17 17:02:13,198 - INFO - engine.game_state - --- AI Player 2 (ExpectiminimaxAI) Turn ---
2026-04-17 17:02:13,198 - INFO - engine.game_state - Dice: 7
2026-04-17 17:02:13,214 - INFO - engine.game_state - Move: Library
2026-04-17 17:02:13,310 - INFO - engine.game_state - Suggestion: Suggestion(Suspect=Hashem Sir, Weapon=Anti Cutter, Location=Library)
2026-04-17 17:02:13,310 - INFO - engine.game_state - AI Player 3 revealed a card
2026-04-17 17:02:13,311 - INFO - engine.game_state - Accusation Decision: False
2026-04-17 17:02:13,311 - INFO - engine.game_state - --- AI Player 3 (NegamaxAI) Turn ---
2026-04-17 17:02:13,311 - INFO - engine.game_state - Dice: 10
2026-04-17 17:02:13,320 - INFO - engine.game_state - Move: Academic Building
2026-04-17 17:02:13,451 - INFO - engine.game_state - Suggestion: Suggestion(Suspect=Hashem Sir, Weapon=Anti Cutter, Location=Academic Building)
2026-04-17 17:02:13,451 - INFO - engine.game_state - AI Player 2 revealed a card
2026-04-17 17:02:13,452 - INFO - engine.game_state - Accusation Decision: False
2026-04-17 17:02:13,452 - INFO - engine.game_state - --- AI Player 2 (ExpectiminimaxAI) Turn ---
2026-04-17 17:02:13,452 - INFO - engine.game_state - Dice: 10
2026-04-17 17:02:13,460 - INFO - engine.game_state - Move: Academic Building
2026-04-17 17:02:13,580 - INFO - engine.game_state - Suggestion: Suggestion(Suspect=Hashem Sir, Weapon=Anti Cutter, Location=Academic Building)
2026-04-17 17:02:13,580 - INFO - engine.game_state - No one could disprove
2026-04-17 17:02:13,581 - INFO - engine.game_state - Accusation Decision: False
2026-04-17 17:02:13,581 - INFO - engine.game_state - --- AI Player 3 (NegamaxAI) Turn ---
2026-04-17 17:02:13,581 - INFO - engine.game_state - Dice: 7
2026-04-17 17:02:13,592 - INFO - engine.game_state - Move: Library
2026-04-17 17:02:13,693 - INFO - engine.game_state - Suggestion: Suggestion(Suspect=Hashem Sir, Weapon=Anti Cutter, Location=Library)
2026-04-17 17:02:13,694 - INFO - engine.game_state - AI Player 2 revealed a card
2026-04-17 17:02:13,694 - INFO - engine.game_state - Accusation Decision: False
2026-04-17 17:02:13,694 - INFO - engine.game_state - --- AI Player 2 (ExpectiminimaxAI) Turn ---
2026-04-17 17:02:13,694 - INFO - engine.game_state - Dice: 11
2026-04-17 17:02:13,703 - INFO - engine.game_state - Move: Library
2026-04-17 17:02:13,809 - INFO - engine.game_state - Suggestion: Suggestion(Suspect=Hashem Sir, Weapon=Anti Cutter, Location=Library)
2026-04-17 17:02:13,809 - INFO - engine.game_state - AI Player 3 revealed a card
2026-04-17 17:02:13,810 - INFO - engine.game_state - Accusation Decision: False
2026-04-17 17:02:13,810 - INFO - engine.game_state - --- AI Player 3 (NegamaxAI) Turn ---
2026-04-17 17:02:13,810 - INFO - engine.game_state - Dice: 7
2026-04-17 17:02:13,820 - INFO - engine.game_state - Move: Academic Building
2026-04-17 17:02:13,926 - INFO - engine.game_state - Suggestion: Suggestion(Suspect=Hashem Sir, Weapon=Anti Cutter, Location=Academic Building)
2026-04-17 17:02:13,926 - INFO - engine.game_state - AI Player 2 revealed a card
2026-04-17 17:02:13,927 - INFO - engine.game_state - Accusation Decision: False
2026-04-17 17:02:13,927 - INFO - engine.game_state - --- AI Player 2 (ExpectiminimaxAI) Turn ---
2026-04-17 17:02:13,927 - INFO - engine.game_state - Dice: 8
2026-04-17 17:02:13,934 - INFO - engine.game_state - Move: Academic Building
2026-04-17 17:02:14,041 - INFO - engine.game_state - Suggestion: Suggestion(Suspect=Hashem Sir, Weapon=Anti Cutter, Location=Academic Building)
2026-04-17 17:02:14,041 - INFO - engine.game_state - No one could disprove
2026-04-17 17:02:14,041 - INFO - engine.game_state - Accusation Decision: False
2026-04-17 17:02:14,042 - INFO - engine.game_state - --- AI Player 3 (NegamaxAI) Turn ---
2026-04-17 17:02:14,042 - INFO - engine.game_state - Dice: 7
2026-04-17 17:02:14,056 - INFO - engine.game_state - Move: Library
2026-04-17 17:02:14,161 - INFO - engine.game_state - Suggestion: Suggestion(Suspect=Hashem Sir, Weapon=Anti Cutter, Location=Library)
2026-04-17 17:02:14,161 - INFO - engine.game_state - AI Player 2 revealed a card
2026-04-17 17:02:14,161 - INFO - engine.game_state - Accusation Decision: False
2026-04-17 17:02:14,161 - INFO - engine.game_state - --- AI Player 2 (ExpectiminimaxAI) Turn ---
2026-04-17 17:02:14,162 - INFO - engine.game_state - Dice: 9
2026-04-17 17:02:14,171 - INFO - engine.game_state - Move: Library
2026-04-17 17:02:14,281 - INFO - engine.game_state - Suggestion: Suggestion(Suspect=Hashem Sir, Weapon=Anti Cutter, Location=Library)
2026-04-17 17:02:14,281 - INFO - engine.game_state - AI Player 3 revealed a card
2026-04-17 17:02:14,281 - INFO - engine.game_state - Accusation Decision: False
2026-04-17 17:02:14,282 - INFO - engine.game_state - --- AI Player 3 (NegamaxAI) Turn ---
2026-04-17 17:02:14,282 - INFO - engine.game_state - Dice: 7
2026-04-17 17:02:14,293 - INFO - engine.game_state - Move: Academic Building
2026-04-17 17:02:14,409 - INFO - engine.game_state - Suggestion: Suggestion(Suspect=Hashem Sir, Weapon=Anti Cutter, Location=Academic Building)
2026-04-17 17:02:14,409 - INFO - engine.game_state - AI Player 2 revealed a card
2026-04-17 17:02:14,409 - INFO - engine.game_state - Accusation Decision: False
2026-04-17 17:02:14,410 - INFO - engine.game_state - --- AI Player 2 (ExpectiminimaxAI) Turn ---
2026-04-17 17:02:14,410 - INFO - engine.game_state - Dice: 5
2026-04-17 17:02:14,417 - INFO - engine.game_state - Move: Academic Building
2026-04-17 17:02:14,533 - INFO - engine.game_state - Suggestion: Suggestion(Suspect=Hashem Sir, Weapon=Anti Cutter, Location=Academic Building)
2026-04-17 17:02:14,533 - INFO - engine.game_state - No one could disprove
2026-04-17 17:02:14,533 - INFO - engine.game_state - Accusation Decision: False
2026-04-17 17:02:14,534 - INFO - engine.game_state - --- AI Player 3 (NegamaxAI) Turn ---
2026-04-17 17:02:14,534 - INFO - engine.game_state - Dice: 7
2026-04-17 17:02:14,544 - INFO - engine.game_state - Move: Library
2026-04-17 17:02:14,641 - INFO - engine.game_state - Suggestion: Suggestion(Suspect=Hashem Sir, Weapon=Anti Cutter, Location=Library)
2026-04-17 17:02:14,642 - INFO - engine.game_state - AI Player 2 revealed a card
2026-04-17 17:02:14,642 - INFO - engine.game_state - Accusation Decision: False
2026-04-17 17:02:14,642 - INFO - engine.game_state - --- AI Player 2 (ExpectiminimaxAI) Turn ---
2026-04-17 17:02:14,642 - INFO - engine.game_state - Dice: 7
2026-04-17 17:02:14,652 - INFO - engine.game_state - Move: Library
2026-04-17 17:02:14,747 - INFO - engine.game_state - Suggestion: Suggestion(Suspect=Hashem Sir, Weapon=Anti Cutter, Location=Library)
2026-04-17 17:02:14,747 - INFO - engine.game_state - AI Player 3 revealed a card
2026-04-17 17:02:14,747 - INFO - engine.game_state - Accusation Decision: False
2026-04-17 17:02:14,748 - INFO - engine.game_state - --- AI Player 3 (NegamaxAI) Turn ---
2026-04-17 17:02:14,748 - INFO - engine.game_state - Dice: 5
2026-04-17 17:02:14,755 - INFO - engine.game_state - Move: Academic Building
2026-04-17 17:02:14,852 - INFO - engine.game_state - Suggestion: Suggestion(Suspect=Hashem Sir, Weapon=Anti Cutter, Location=Academic Building)
2026-04-17 17:02:14,853 - INFO - engine.game_state - AI Player 2 revealed a card
2026-04-17 17:02:14,853 - INFO - engine.game_state - Accusation Decision: False
2026-04-17 17:02:14,853 - INFO - engine.game_state - --- AI Player 2 (ExpectiminimaxAI) Turn ---
2026-04-17 17:02:14,853 - INFO - engine.game_state - Dice: 5
2026-04-17 17:02:14,859 - INFO - engine.game_state - Move: Academic Building
2026-04-17 17:02:14,953 - INFO - engine.game_state - Suggestion: Suggestion(Suspect=Hashem Sir, Weapon=Anti Cutter, Location=Academic Building)
2026-04-17 17:02:14,953 - INFO - engine.game_state - No one could disprove
2026-04-17 17:02:14,953 - INFO - engine.game_state - Accusation Decision: False
2026-04-17 17:02:14,953 - INFO - engine.game_state - --- AI Player 3 (NegamaxAI) Turn ---
2026-04-17 17:02:14,953 - INFO - engine.game_state - Dice: 10
2026-04-17 17:02:14,966 - INFO - engine.game_state - Move: Library
2026-04-17 17:02:15,092 - INFO - engine.game_state - Suggestion: Suggestion(Suspect=Hashem Sir, Weapon=Anti Cutter, Location=Library)
2026-04-17 17:02:15,093 - INFO - engine.game_state - AI Player 2 revealed a card
2026-04-17 17:02:15,093 - INFO - engine.game_state - Accusation Decision: False
2026-04-17 17:02:15,093 - INFO - engine.game_state - --- AI Player 2 (ExpectiminimaxAI) Turn ---
2026-04-17 17:02:15,093 - INFO - engine.game_state - Dice: 3
2026-04-17 17:02:15,097 - INFO - engine.game_state - Move: Cafeteria
2026-04-17 17:02:15,171 - INFO - engine.game_state - Suggestion: Suggestion(Suspect=Hashem Sir, Weapon=Anti Cutter, Location=Cafeteria)
2026-04-17 17:02:15,171 - INFO - engine.game_state - AI Player 1 revealed a card
2026-04-17 17:02:15,171 - INFO - engine.game_state - Accusation Decision: False
2026-04-17 17:02:15,171 - INFO - engine.game_state - --- AI Player 3 (NegamaxAI) Turn ---
2026-04-17 17:02:15,171 - INFO - engine.game_state - Dice: 2
2026-04-17 17:02:15,175 - INFO - engine.game_state - Move: VC Room
2026-04-17 17:02:15,251 - INFO - engine.game_state - Suggestion: Suggestion(Suspect=Hashem Sir, Weapon=Anti Cutter, Location=VC Room)
2026-04-17 17:02:15,252 - INFO - engine.game_state - AI Player 2 revealed a card
2026-04-17 17:02:15,252 - INFO - engine.game_state - Accusation Decision: False
2026-04-17 17:02:15,252 - INFO - engine.game_state - --- AI Player 2 (ExpectiminimaxAI) Turn ---
2026-04-17 17:02:15,252 - INFO - engine.game_state - Dice: 9
2026-04-17 17:02:15,255 - INFO - engine.game_state - Move: Academic Building
2026-04-17 17:02:15,360 - INFO - engine.game_state - Suggestion: Suggestion(Suspect=Hashem Sir, Weapon=Anti Cutter, Location=Academic Building)
2026-04-17 17:02:15,361 - INFO - engine.game_state - No one could disprove
2026-04-17 17:02:15,361 - INFO - engine.game_state - Accusation Decision: False
2026-04-17 17:02:15,361 - INFO - engine.game_state - --- AI Player 3 (NegamaxAI) Turn ---
2026-04-17 17:02:15,361 - INFO - engine.game_state - Dice: 9
2026-04-17 17:02:15,371 - INFO - engine.game_state - Move: Library
2026-04-17 17:02:15,468 - INFO - engine.game_state - Suggestion: Suggestion(Suspect=Hashem Sir, Weapon=Anti Cutter, Location=Library)
2026-04-17 17:02:15,469 - INFO - engine.game_state - AI Player 2 revealed a card
2026-04-17 17:02:15,469 - INFO - engine.game_state - Accusation Decision: False
2026-04-17 17:02:15,469 - INFO - engine.game_state - --- AI Player 2 (ExpectiminimaxAI) Turn ---
2026-04-17 17:02:15,469 - INFO - engine.game_state - Dice: 4
2026-04-17 17:02:15,478 - INFO - engine.game_state - Move: Library
2026-04-17 17:02:15,577 - INFO - engine.game_state - Suggestion: Suggestion(Suspect=Hashem Sir, Weapon=Anti Cutter, Location=Library)
2026-04-17 17:02:15,577 - INFO - engine.game_state - AI Player 3 revealed a card
2026-04-17 17:02:15,578 - INFO - engine.game_state - Accusation Decision: False
2026-04-17 17:02:15,578 - INFO - engine.game_state - --- AI Player 3 (NegamaxAI) Turn ---
2026-04-17 17:02:15,578 - INFO - engine.game_state - Dice: 8
2026-04-17 17:02:15,585 - INFO - engine.game_state - Move: Academic Building
2026-04-17 17:02:15,690 - INFO - engine.game_state - Suggestion: Suggestion(Suspect=Hashem Sir, Weapon=Anti Cutter, Location=Academic Building)
2026-04-17 17:02:15,691 - INFO - engine.game_state - AI Player 2 revealed a card
2026-04-17 17:02:15,691 - INFO - engine.game_state - Accusation Decision: False
2026-04-17 17:02:15,691 - INFO - engine.game_state - --- AI Player 2 (ExpectiminimaxAI) Turn ---
2026-04-17 17:02:15,691 - INFO - engine.game_state - Dice: 6
2026-04-17 17:02:15,697 - INFO - engine.game_state - Move: Academic Building
2026-04-17 17:02:15,800 - INFO - engine.game_state - Suggestion: Suggestion(Suspect=Hashem Sir, Weapon=Anti Cutter, Location=Academic Building)
2026-04-17 17:02:15,801 - INFO - engine.game_state - No one could disprove
2026-04-17 17:02:15,801 - INFO - engine.game_state - Accusation Decision: False
2026-04-17 17:02:15,801 - INFO - engine.game_state - --- AI Player 3 (NegamaxAI) Turn ---
2026-04-17 17:02:15,801 - INFO - engine.game_state - Dice: 9
2026-04-17 17:02:15,811 - INFO - engine.game_state - Move: Library
2026-04-17 17:02:15,919 - INFO - engine.game_state - Suggestion: Suggestion(Suspect=Hashem Sir, Weapon=Anti Cutter, Location=Library)
2026-04-17 17:02:15,919 - INFO - engine.game_state - AI Player 2 revealed a card
2026-04-17 17:02:15,920 - INFO - engine.game_state - Accusation Decision: False
2026-04-17 17:02:15,920 - INFO - engine.game_state - --- AI Player 2 (ExpectiminimaxAI) Turn ---
2026-04-17 17:02:15,920 - INFO - engine.game_state - Dice: 8
2026-04-17 17:02:15,927 - INFO - engine.game_state - Move: Library
2026-04-17 17:02:16,023 - INFO - engine.game_state - Suggestion: Suggestion(Suspect=Hashem Sir, Weapon=Anti Cutter, Location=Library)
2026-04-17 17:02:16,023 - INFO - engine.game_state - AI Player 3 revealed a card
2026-04-17 17:02:16,023 - INFO - engine.game_state - Accusation Decision: False
2026-04-17 17:02:16,023 - INFO - engine.game_state - --- AI Player 3 (NegamaxAI) Turn ---
2026-04-17 17:02:16,024 - INFO - engine.game_state - Dice: 11
2026-04-17 17:02:16,031 - INFO - engine.game_state - Move: Academic Building
2026-04-17 17:02:16,131 - INFO - engine.game_state - Suggestion: Suggestion(Suspect=Hashem Sir, Weapon=Anti Cutter, Location=Academic Building)
2026-04-17 17:02:16,131 - INFO - engine.game_state - AI Player 2 revealed a card
2026-04-17 17:02:16,131 - INFO - engine.game_state - Accusation Decision: False
2026-04-17 17:02:16,132 - INFO - engine.game_state - --- AI Player 2 (ExpectiminimaxAI) Turn ---
2026-04-17 17:02:16,132 - INFO - engine.game_state - Dice: 4
2026-04-17 17:02:16,137 - INFO - engine.game_state - Move: Academic Building
2026-04-17 17:02:16,250 - INFO - engine.game_state - Suggestion: Suggestion(Suspect=Hashem Sir, Weapon=Anti Cutter, Location=Academic Building)
2026-04-17 17:02:16,251 - INFO - engine.game_state - No one could disprove
2026-04-17 17:02:16,251 - INFO - engine.game_state - Accusation Decision: False
2026-04-17 17:02:16,251 - INFO - engine.game_state - --- AI Player 3 (NegamaxAI) Turn ---
2026-04-17 17:02:16,251 - INFO - engine.game_state - Dice: 5
2026-04-17 17:02:16,262 - INFO - engine.game_state - Move: Library
2026-04-17 17:02:16,392 - INFO - engine.game_state - Suggestion: Suggestion(Suspect=Hashem Sir, Weapon=Anti Cutter, Location=Library)
2026-04-17 17:02:16,392 - INFO - engine.game_state - AI Player 2 revealed a card
2026-04-17 17:02:16,392 - INFO - engine.game_state - Accusation Decision: False
2026-04-17 17:02:16,392 - INFO - engine.game_state - --- AI Player 2 (ExpectiminimaxAI) Turn ---
2026-04-17 17:02:16,392 - INFO - engine.game_state - Dice: 7
2026-04-17 17:02:16,404 - INFO - engine.game_state - Move: Library
2026-04-17 17:02:16,505 - INFO - engine.game_state - Suggestion: Suggestion(Suspect=Hashem Sir, Weapon=Anti Cutter, Location=Library)
2026-04-17 17:02:16,506 - INFO - engine.game_state - AI Player 3 revealed a card
2026-04-17 17:02:16,506 - INFO - engine.game_state - Accusation Decision: False
2026-04-17 17:02:16,506 - INFO - engine.game_state - --- AI Player 3 (NegamaxAI) Turn ---
2026-04-17 17:02:16,506 - INFO - engine.game_state - Dice: 9
2026-04-17 17:02:16,513 - INFO - engine.game_state - Move: Academic Building
2026-04-17 17:02:16,648 - INFO - engine.game_state - Suggestion: Suggestion(Suspect=Hashem Sir, Weapon=Anti Cutter, Location=Academic Building)
2026-04-17 17:02:16,648 - INFO - engine.game_state - AI Player 2 revealed a card
2026-04-17 17:02:16,649 - INFO - engine.game_state - Accusation Decision: False
2026-04-17 17:02:16,649 - INFO - engine.game_state - --- AI Player 2 (ExpectiminimaxAI) Turn ---
2026-04-17 17:02:16,649 - INFO - engine.game_state - Dice: 12
2026-04-17 17:02:16,657 - INFO - engine.game_state - Move: Academic Building
2026-04-17 17:02:16,784 - INFO - engine.game_state - Suggestion: Suggestion(Suspect=Hashem Sir, Weapon=Anti Cutter, Location=Academic Building)
2026-04-17 17:02:16,784 - INFO - engine.game_state - No one could disprove
2026-04-17 17:02:16,784 - INFO - engine.game_state - Accusation Decision: False
2026-04-17 17:02:16,784 - INFO - engine.game_state - --- AI Player 3 (NegamaxAI) Turn ---
2026-04-17 17:02:16,784 - INFO - engine.game_state - Dice: 6
2026-04-17 17:02:16,795 - INFO - engine.game_state - Move: Library
2026-04-17 17:02:16,880 - INFO - engine.game_state - Suggestion: Suggestion(Suspect=Hashem Sir, Weapon=Anti Cutter, Location=Library)
2026-04-17 17:02:16,880 - INFO - engine.game_state - AI Player 2 revealed a card
2026-04-17 17:02:16,881 - INFO - engine.game_state - Accusation Decision: False
2026-04-17 17:02:16,881 - INFO - engine.game_state - --- AI Player 2 (ExpectiminimaxAI) Turn ---
2026-04-17 17:02:16,881 - INFO - engine.game_state - Dice: 8
2026-04-17 17:02:16,889 - INFO - engine.game_state - Move: Library
2026-04-17 17:02:16,971 - INFO - engine.game_state - Suggestion: Suggestion(Suspect=Hashem Sir, Weapon=Anti Cutter, Location=Library)
2026-04-17 17:02:16,971 - INFO - engine.game_state - AI Player 3 revealed a card
2026-04-17 17:02:16,971 - INFO - engine.game_state - Accusation Decision: False
2026-04-17 17:02:16,972 - INFO - engine.game_state - --- AI Player 3 (NegamaxAI) Turn ---
2026-04-17 17:02:16,972 - INFO - engine.game_state - Dice: 6
2026-04-17 17:02:16,979 - INFO - engine.game_state - Move: Academic Building
2026-04-17 17:02:17,095 - INFO - engine.game_state - Suggestion: Suggestion(Suspect=Hashem Sir, Weapon=Anti Cutter, Location=Academic Building)
2026-04-17 17:02:17,095 - INFO - engine.game_state - AI Player 2 revealed a card
2026-04-17 17:02:17,095 - INFO - engine.game_state - Accusation Decision: False
2026-04-17 17:02:17,095 - INFO - engine.game_state - --- AI Player 2 (ExpectiminimaxAI) Turn ---
2026-04-17 17:02:17,095 - INFO - engine.game_state - Dice: 6
2026-04-17 17:02:17,101 - INFO - engine.game_state - Move: Academic Building
2026-04-17 17:02:17,212 - INFO - engine.game_state - Suggestion: Suggestion(Suspect=Hashem Sir, Weapon=Anti Cutter, Location=Academic Building)
2026-04-17 17:02:17,212 - INFO - engine.game_state - No one could disprove
2026-04-17 17:02:17,212 - INFO - engine.game_state - Accusation Decision: False
2026-04-17 17:02:17,212 - INFO - engine.game_state - --- AI Player 3 (NegamaxAI) Turn ---
2026-04-17 17:02:17,213 - INFO - engine.game_state - Dice: 2
2026-04-17 17:02:17,215 - INFO - engine.game_state - Move: VC Room
2026-04-17 17:02:17,286 - INFO - engine.game_state - Suggestion: Suggestion(Suspect=Hashem Sir, Weapon=Anti Cutter, Location=VC Room)
2026-04-17 17:02:17,287 - INFO - engine.game_state - AI Player 2 revealed a card
2026-04-17 17:02:17,287 - INFO - engine.game_state - Accusation Decision: False
2026-04-17 17:02:17,287 - INFO - engine.game_state - --- AI Player 2 (ExpectiminimaxAI) Turn ---
2026-04-17 17:02:17,287 - INFO - engine.game_state - Dice: 7
2026-04-17 17:02:17,299 - INFO - engine.game_state - Move: Library
2026-04-17 17:02:17,399 - INFO - engine.game_state - Suggestion: Suggestion(Suspect=Hashem Sir, Weapon=Anti Cutter, Location=Library)
2026-04-17 17:02:17,400 - INFO - engine.game_state - AI Player 3 revealed a card
2026-04-17 17:02:17,400 - INFO - engine.game_state - Accusation Decision: False
2026-04-17 17:02:17,400 - INFO - engine.game_state - --- AI Player 3 (NegamaxAI) Turn ---
2026-04-17 17:02:17,401 - INFO - engine.game_state - Dice: 2
2026-04-17 17:02:17,406 - INFO - engine.game_state - Move: Library
2026-04-17 17:02:17,513 - INFO - engine.game_state - Suggestion: Suggestion(Suspect=Hashem Sir, Weapon=Anti Cutter, Location=Library)
2026-04-17 17:02:17,513 - INFO - engine.game_state - AI Player 2 revealed a card
2026-04-17 17:02:17,513 - INFO - engine.game_state - Accusation Decision: False
2026-04-17 17:02:17,513 - INFO - engine.game_state - --- AI Player 2 (ExpectiminimaxAI) Turn ---
2026-04-17 17:02:17,514 - INFO - engine.game_state - Dice: 4
2026-04-17 17:02:17,522 - INFO - engine.game_state - Move: Academic Building
2026-04-17 17:02:17,665 - INFO - engine.game_state - Suggestion: Suggestion(Suspect=Hashem Sir, Weapon=Anti Cutter, Location=Academic Building)
2026-04-17 17:02:17,665 - INFO - engine.game_state - No one could disprove
2026-04-17 17:02:17,665 - INFO - engine.game_state - Accusation Decision: False
2026-04-17 17:02:17,665 - INFO - engine.game_state - --- AI Player 3 (NegamaxAI) Turn ---
2026-04-17 17:02:17,666 - INFO - engine.game_state - Dice: 2
2026-04-17 17:02:17,671 - INFO - engine.game_state - Move: VC Room
2026-04-17 17:02:17,777 - INFO - engine.game_state - Suggestion: Suggestion(Suspect=Hashem Sir, Weapon=Anti Cutter, Location=VC Room)
2026-04-17 17:02:17,778 - INFO - engine.game_state - AI Player 2 revealed a card
2026-04-17 17:02:17,778 - INFO - engine.game_state - Accusation Decision: False
2026-04-17 17:02:17,778 - INFO - engine.game_state - --- AI Player 2 (ExpectiminimaxAI) Turn ---
2026-04-17 17:02:17,778 - INFO - engine.game_state - Dice: 7
2026-04-17 17:02:17,789 - INFO - engine.game_state - Move: Library
2026-04-17 17:02:17,875 - INFO - engine.game_state - Suggestion: Suggestion(Suspect=Hashem Sir, Weapon=Anti Cutter, Location=Library)
2026-04-17 17:02:17,876 - INFO - engine.game_state - AI Player 3 revealed a card
2026-04-17 17:02:17,876 - INFO - engine.game_state - Accusation Decision: False
2026-04-17 17:02:17,876 - INFO - engine.game_state - --- AI Player 3 (NegamaxAI) Turn ---
2026-04-17 17:02:17,876 - INFO - engine.game_state - Dice: 7
2026-04-17 17:02:17,884 - INFO - engine.game_state - Move: Library
2026-04-17 17:02:17,976 - INFO - engine.game_state - Suggestion: Suggestion(Suspect=Hashem Sir, Weapon=Anti Cutter, Location=Library)
2026-04-17 17:02:17,976 - INFO - engine.game_state - AI Player 2 revealed a card
2026-04-17 17:02:17,976 - INFO - engine.game_state - Accusation Decision: False
2026-04-17 17:02:17,976 - INFO - engine.game_state - --- AI Player 2 (ExpectiminimaxAI) Turn ---
2026-04-17 17:02:17,977 - INFO - engine.game_state - Dice: 9
2026-04-17 17:02:17,982 - INFO - engine.game_state - Move: Academic Building
2026-04-17 17:02:18,116 - INFO - engine.game_state - Suggestion: Suggestion(Suspect=Hashem Sir, Weapon=Anti Cutter, Location=Academic Building)
2026-04-17 17:02:18,116 - INFO - engine.game_state - No one could disprove
2026-04-17 17:02:18,116 - INFO - engine.game_state - Accusation Decision: False
2026-04-17 17:02:18,117 - INFO - engine.game_state - --- AI Player 3 (NegamaxAI) Turn ---
2026-04-17 17:02:18,117 - INFO - engine.game_state - Dice: 10
2026-04-17 17:02:18,127 - INFO - engine.game_state - Move: Academic Building
2026-04-17 17:02:18,268 - INFO - engine.game_state - Suggestion: Suggestion(Suspect=Hashem Sir, Weapon=Anti Cutter, Location=Academic Building)
2026-04-17 17:02:18,268 - INFO - engine.game_state - AI Player 2 revealed a card
2026-04-17 17:02:18,268 - INFO - engine.game_state - Accusation Decision: False
2026-04-17 17:02:18,268 - INFO - engine.game_state - --- AI Player 2 (ExpectiminimaxAI) Turn ---
2026-04-17 17:02:18,269 - INFO - engine.game_state - Dice: 9
2026-04-17 17:02:18,277 - INFO - engine.game_state - Move: Library
2026-04-17 17:02:18,358 - INFO - engine.game_state - Suggestion: Suggestion(Suspect=Hashem Sir, Weapon=Anti Cutter, Location=Library)
2026-04-17 17:02:18,359 - INFO - engine.game_state - AI Player 3 revealed a card
2026-04-17 17:02:18,359 - INFO - engine.game_state - Accusation Decision: False
2026-04-17 17:02:18,359 - INFO - engine.game_state - --- AI Player 3 (NegamaxAI) Turn ---
2026-04-17 17:02:18,359 - INFO - engine.game_state - Dice: 7
2026-04-17 17:02:18,367 - INFO - engine.game_state - Move: Library
2026-04-17 17:02:18,486 - INFO - engine.game_state - Suggestion: Suggestion(Suspect=Hashem Sir, Weapon=Anti Cutter, Location=Library)
2026-04-17 17:02:18,486 - INFO - engine.game_state - AI Player 2 revealed a card
2026-04-17 17:02:18,486 - INFO - engine.game_state - Accusation Decision: False
2026-04-17 17:02:18,486 - INFO - engine.game_state - --- AI Player 2 (ExpectiminimaxAI) Turn ---
2026-04-17 17:02:18,487 - INFO - engine.game_state - Dice: 7
2026-04-17 17:02:18,494 - INFO - engine.game_state - Move: Academic Building
2026-04-17 17:02:18,613 - INFO - engine.game_state - Suggestion: Suggestion(Suspect=Hashem Sir, Weapon=Anti Cutter, Location=Academic Building)
2026-04-17 17:02:18,613 - INFO - engine.game_state - No one could disprove
2026-04-17 17:02:18,614 - INFO - engine.game_state - Accusation Decision: False
2026-04-17 17:02:18,614 - INFO - engine.game_state - --- AI Player 3 (NegamaxAI) Turn ---
2026-04-17 17:02:18,614 - INFO - engine.game_state - Dice: 10
2026-04-17 17:02:18,621 - INFO - engine.game_state - Move: Academic Building
2026-04-17 17:02:18,742 - INFO - engine.game_state - Suggestion: Suggestion(Suspect=Hashem Sir, Weapon=Anti Cutter, Location=Academic Building)
2026-04-17 17:02:18,742 - INFO - engine.game_state - AI Player 2 revealed a card
2026-04-17 17:02:18,742 - INFO - engine.game_state - Accusation Decision: False
2026-04-17 17:02:18,743 - INFO - engine.game_state - --- AI Player 2 (ExpectiminimaxAI) Turn ---
2026-04-17 17:02:18,743 - INFO - engine.game_state - Dice: 9
2026-04-17 17:02:18,756 - INFO - engine.game_state - Move: Library
2026-04-17 17:02:18,855 - INFO - engine.game_state - Suggestion: Suggestion(Suspect=Hashem Sir, Weapon=Anti Cutter, Location=Library)
2026-04-17 17:02:18,856 - INFO - engine.game_state - AI Player 3 revealed a card
2026-04-17 17:02:18,856 - INFO - engine.game_state - Accusation Decision: False
2026-04-17 17:02:18,856 - INFO - engine.game_state - --- AI Player 3 (NegamaxAI) Turn ---
2026-04-17 17:02:18,856 - INFO - engine.game_state - Dice: 9
2026-04-17 17:02:18,864 - INFO - engine.game_state - Move: Library
2026-04-17 17:02:18,983 - INFO - engine.game_state - Suggestion: Suggestion(Suspect=Hashem Sir, Weapon=Anti Cutter, Location=Library)
2026-04-17 17:02:18,984 - INFO - engine.game_state - AI Player 2 revealed a card
2026-04-17 17:02:18,984 - INFO - engine.game_state - Accusation Decision: False
2026-04-17 17:02:18,984 - INFO - engine.game_state - --- AI Player 2 (ExpectiminimaxAI) Turn ---
2026-04-17 17:02:18,984 - INFO - engine.game_state - Dice: 7
2026-04-17 17:02:18,989 - INFO - engine.game_state - Move: Academic Building
2026-04-17 17:02:19,098 - INFO - engine.game_state - Suggestion: Suggestion(Suspect=Hashem Sir, Weapon=Anti Cutter, Location=Academic Building)
2026-04-17 17:02:19,099 - INFO - engine.game_state - No one could disprove
2026-04-17 17:02:19,099 - INFO - engine.game_state - Accusation Decision: False
2026-04-17 17:02:19,099 - INFO - engine.game_state - --- AI Player 3 (NegamaxAI) Turn ---
2026-04-17 17:02:19,099 - INFO - engine.game_state - Dice: 8
2026-04-17 17:02:19,110 - INFO - engine.game_state - Move: Academic Building
2026-04-17 17:02:19,239 - INFO - engine.game_state - Suggestion: Suggestion(Suspect=Hashem Sir, Weapon=Anti Cutter, Location=Academic Building)
2026-04-17 17:02:19,239 - INFO - engine.game_state - AI Player 2 revealed a card
2026-04-17 17:02:19,239 - INFO - engine.game_state - Accusation Decision: False
2026-04-17 17:02:19,240 - INFO - engine.game_state - --- AI Player 2 (ExpectiminimaxAI) Turn ---
2026-04-17 17:02:19,240 - INFO - engine.game_state - Dice: 8
2026-04-17 17:02:19,254 - INFO - engine.game_state - Move: Library
2026-04-17 17:02:19,377 - INFO - engine.game_state - Suggestion: Suggestion(Suspect=Hashem Sir, Weapon=Anti Cutter, Location=Library)
2026-04-17 17:02:19,378 - INFO - engine.game_state - AI Player 3 revealed a card
2026-04-17 17:02:19,378 - INFO - engine.game_state - Accusation Decision: False
2026-04-17 17:02:19,378 - INFO - engine.game_state - --- AI Player 3 (NegamaxAI) Turn ---
2026-04-17 17:02:19,378 - INFO - engine.game_state - Dice: 6
2026-04-17 17:02:19,390 - INFO - engine.game_state - Move: Library
2026-04-17 17:02:19,502 - INFO - engine.game_state - Suggestion: Suggestion(Suspect=Hashem Sir, Weapon=Anti Cutter, Location=Library)
2026-04-17 17:02:19,502 - INFO - engine.game_state - AI Player 2 revealed a card
2026-04-17 17:02:19,502 - INFO - engine.game_state - Accusation Decision: False
2026-04-17 17:02:19,502 - INFO - engine.game_state - --- AI Player 2 (ExpectiminimaxAI) Turn ---
2026-04-17 17:02:19,502 - INFO - engine.game_state - Dice: 7
2026-04-17 17:02:19,507 - INFO - engine.game_state - Move: Academic Building
2026-04-17 17:02:19,606 - INFO - engine.game_state - Suggestion: Suggestion(Suspect=Hashem Sir, Weapon=Anti Cutter, Location=Academic Building)
2026-04-17 17:02:19,606 - INFO - engine.game_state - No one could disprove
2026-04-17 17:02:19,606 - INFO - engine.game_state - Accusation Decision: False
2026-04-17 17:02:19,606 - INFO - engine.game_state - --- AI Player 3 (NegamaxAI) Turn ---
2026-04-17 17:02:19,606 - INFO - engine.game_state - Dice: 2
2026-04-17 17:02:19,609 - INFO - engine.game_state - Move: VC Room
2026-04-17 17:02:19,704 - INFO - engine.game_state - Suggestion: Suggestion(Suspect=Hashem Sir, Weapon=Anti Cutter, Location=VC Room)
2026-04-17 17:02:19,705 - INFO - engine.game_state - AI Player 2 revealed a card
2026-04-17 17:02:19,705 - INFO - engine.game_state - Accusation Decision: False
2026-04-17 17:02:19,705 - INFO - engine.game_state - --- AI Player 2 (ExpectiminimaxAI) Turn ---
2026-04-17 17:02:19,705 - INFO - engine.game_state - Dice: 7
2026-04-17 17:02:19,716 - INFO - engine.game_state - Move: Library
2026-04-17 17:02:19,810 - INFO - engine.game_state - Suggestion: Suggestion(Suspect=Hashem Sir, Weapon=Anti Cutter, Location=Library)
2026-04-17 17:02:19,810 - INFO - engine.game_state - AI Player 3 revealed a card
2026-04-17 17:02:19,810 - INFO - engine.game_state - Accusation Decision: False
2026-04-17 17:02:19,811 - INFO - engine.game_state - --- AI Player 3 (NegamaxAI) Turn ---
2026-04-17 17:02:19,811 - INFO - engine.game_state - Dice: 11
2026-04-17 17:02:19,821 - INFO - engine.game_state - Move: Library
2026-04-17 17:02:19,917 - INFO - engine.game_state - Suggestion: Suggestion(Suspect=Hashem Sir, Weapon=Anti Cutter, Location=Library)
2026-04-17 17:02:19,917 - INFO - engine.game_state - AI Player 2 revealed a card
2026-04-17 17:02:19,917 - INFO - engine.game_state - Accusation Decision: False
2026-04-17 17:02:19,917 - INFO - engine.game_state - --- AI Player 2 (ExpectiminimaxAI) Turn ---
2026-04-17 17:02:19,918 - INFO - engine.game_state - Dice: 5
2026-04-17 17:02:19,927 - INFO - engine.game_state - Move: Academic Building
2026-04-17 17:02:20,024 - INFO - engine.game_state - Suggestion: Suggestion(Suspect=Hashem Sir, Weapon=Anti Cutter, Location=Academic Building)
2026-04-17 17:02:20,025 - INFO - engine.game_state - No one could disprove
2026-04-17 17:02:20,025 - INFO - engine.game_state - Accusation Decision: False
2026-04-17 17:02:20,025 - INFO - engine.game_state - --- AI Player 3 (NegamaxAI) Turn ---
2026-04-17 17:02:20,025 - INFO - engine.game_state - Dice: 7
2026-04-17 17:02:20,034 - INFO - engine.game_state - Move: Academic Building
2026-04-17 17:02:20,130 - INFO - engine.game_state - Suggestion: Suggestion(Suspect=Hashem Sir, Weapon=Anti Cutter, Location=Academic Building)
2026-04-17 17:02:20,130 - INFO - engine.game_state - AI Player 2 revealed a card
2026-04-17 17:02:20,130 - INFO - engine.game_state - Accusation Decision: False
2026-04-17 17:02:20,130 - INFO - engine.game_state - --- AI Player 2 (ExpectiminimaxAI) Turn ---
2026-04-17 17:02:20,130 - INFO - engine.game_state - Dice: 8
2026-04-17 17:02:20,143 - INFO - engine.game_state - Move: Library
2026-04-17 17:02:20,223 - INFO - engine.game_state - Suggestion: Suggestion(Suspect=Hashem Sir, Weapon=Anti Cutter, Location=Library)
2026-04-17 17:02:20,223 - INFO - engine.game_state - AI Player 3 revealed a card
2026-04-17 17:02:20,223 - INFO - engine.game_state - Accusation Decision: False
2026-04-17 17:02:20,223 - INFO - engine.game_state - --- AI Player 3 (NegamaxAI) Turn ---
2026-04-17 17:02:20,224 - INFO - engine.game_state - Dice: 6
2026-04-17 17:02:20,232 - INFO - engine.game_state - Move: Library
2026-04-17 17:02:20,333 - INFO - engine.game_state - Suggestion: Suggestion(Suspect=Hashem Sir, Weapon=Anti Cutter, Location=Library)
2026-04-17 17:02:20,333 - INFO - engine.game_state - AI Player 2 revealed a card
2026-04-17 17:02:20,333 - INFO - engine.game_state - Accusation Decision: False
2026-04-17 17:02:20,333 - INFO - engine.game_state - --- AI Player 2 (ExpectiminimaxAI) Turn ---
2026-04-17 17:02:20,333 - INFO - engine.game_state - Dice: 4
2026-04-17 17:02:20,341 - INFO - engine.game_state - Move: Academic Building
2026-04-17 17:02:20,465 - INFO - engine.game_state - Suggestion: Suggestion(Suspect=Hashem Sir, Weapon=Anti Cutter, Location=Academic Building)
2026-04-17 17:02:20,465 - INFO - engine.game_state - No one could disprove
2026-04-17 17:02:20,465 - INFO - engine.game_state - Accusation Decision: False
2026-04-17 17:02:20,465 - INFO - engine.game_state - --- AI Player 3 (NegamaxAI) Turn ---
2026-04-17 17:02:20,465 - INFO - engine.game_state - Dice: 6
2026-04-17 17:02:20,473 - INFO - engine.game_state - Move: Academic Building
2026-04-17 17:02:20,618 - INFO - engine.game_state - Suggestion: Suggestion(Suspect=Hashem Sir, Weapon=Anti Cutter, Location=Academic Building)
2026-04-17 17:02:20,618 - INFO - engine.game_state - AI Player 2 revealed a card
2026-04-17 17:02:20,618 - INFO - engine.game_state - Accusation Decision: False
2026-04-17 17:02:20,619 - INFO - engine.game_state - --- AI Player 2 (ExpectiminimaxAI) Turn ---
2026-04-17 17:02:20,619 - INFO - engine.game_state - Dice: 5
2026-04-17 17:02:20,632 - INFO - engine.game_state - Move: Library
2026-04-17 17:02:20,731 - INFO - engine.game_state - Suggestion: Suggestion(Suspect=Hashem Sir, Weapon=Anti Cutter, Location=Library)
2026-04-17 17:02:20,731 - INFO - engine.game_state - AI Player 3 revealed a card
2026-04-17 17:02:20,731 - INFO - engine.game_state - Accusation Decision: False
2026-04-17 17:02:20,732 - INFO - engine.game_state - --- AI Player 3 (NegamaxAI) Turn ---
2026-04-17 17:02:20,732 - INFO - engine.game_state - Dice: 2
2026-04-17 17:02:20,734 - INFO - engine.game_state - Move: VC Room
2026-04-17 17:02:20,807 - INFO - engine.game_state - Suggestion: Suggestion(Suspect=Hashem Sir, Weapon=Anti Cutter, Location=VC Room)
2026-04-17 17:02:20,808 - INFO - engine.game_state - AI Player 2 revealed a card
2026-04-17 17:02:20,808 - INFO - engine.game_state - Accusation Decision: False
2026-04-17 17:02:20,808 - INFO - engine.game_state - --- AI Player 2 (ExpectiminimaxAI) Turn ---
2026-04-17 17:02:20,808 - INFO - engine.game_state - Dice: 9
2026-04-17 17:02:20,814 - INFO - engine.game_state - Move: Academic Building
2026-04-17 17:02:20,911 - INFO - engine.game_state - Suggestion: Suggestion(Suspect=Hashem Sir, Weapon=Anti Cutter, Location=Academic Building)
2026-04-17 17:02:20,912 - INFO - engine.game_state - No one could disprove
2026-04-17 17:02:20,912 - INFO - engine.game_state - Accusation Decision: False
2026-04-17 17:02:20,912 - INFO - engine.game_state - --- AI Player 3 (NegamaxAI) Turn ---
2026-04-17 17:02:20,912 - INFO - engine.game_state - Dice: 7
2026-04-17 17:02:20,920 - INFO - engine.game_state - Move: Library
2026-04-17 17:02:21,004 - INFO - engine.game_state - Suggestion: Suggestion(Suspect=Hashem Sir, Weapon=Anti Cutter, Location=Library)
2026-04-17 17:02:21,005 - INFO - engine.game_state - AI Player 2 revealed a card
2026-04-17 17:02:21,005 - INFO - engine.game_state - Accusation Decision: False
2026-04-17 17:02:21,005 - INFO - engine.game_state - --- AI Player 2 (ExpectiminimaxAI) Turn ---
2026-04-17 17:02:21,005 - INFO - engine.game_state - Dice: 8
2026-04-17 17:02:21,013 - INFO - engine.game_state - Move: Library
2026-04-17 17:02:21,095 - INFO - engine.game_state - Suggestion: Suggestion(Suspect=Hashem Sir, Weapon=Anti Cutter, Location=Library)
2026-04-17 17:02:21,095 - INFO - engine.game_state - AI Player 3 revealed a card
2026-04-17 17:02:21,095 - INFO - engine.game_state - Accusation Decision: False
2026-04-17 17:02:21,095 - INFO - engine.game_state - --- AI Player 3 (NegamaxAI) Turn ---
2026-04-17 17:02:21,095 - INFO - engine.game_state - Dice: 7
2026-04-17 17:02:21,105 - INFO - engine.game_state - Move: Academic Building
2026-04-17 17:02:21,222 - INFO - engine.game_state - Suggestion: Suggestion(Suspect=Hashem Sir, Weapon=Anti Cutter, Location=Academic Building)
2026-04-17 17:02:21,222 - INFO - engine.game_state - AI Player 2 revealed a card
2026-04-17 17:02:21,222 - INFO - engine.game_state - Accusation Decision: False
2026-04-17 17:02:21,223 - INFO - engine.game_state - --- AI Player 2 (ExpectiminimaxAI) Turn ---
2026-04-17 17:02:21,223 - INFO - engine.game_state - Dice: 11
2026-04-17 17:02:21,231 - INFO - engine.game_state - Move: Academic Building
2026-04-17 17:02:21,353 - INFO - engine.game_state - Suggestion: Suggestion(Suspect=Hashem Sir, Weapon=Anti Cutter, Location=Academic Building)
2026-04-17 17:02:21,353 - INFO - engine.game_state - No one could disprove
2026-04-17 17:02:21,353 - INFO - engine.game_state - Accusation Decision: False
2026-04-17 17:02:21,353 - INFO - engine.game_state - --- AI Player 3 (NegamaxAI) Turn ---
2026-04-17 17:02:21,354 - INFO - engine.game_state - Dice: 6
2026-04-17 17:02:21,363 - INFO - engine.game_state - Move: Library
2026-04-17 17:02:21,456 - INFO - engine.game_state - Suggestion: Suggestion(Suspect=Hashem Sir, Weapon=Anti Cutter, Location=Library)
2026-04-17 17:02:21,456 - INFO - engine.game_state - AI Player 2 revealed a card
2026-04-17 17:02:21,456 - INFO - engine.game_state - Accusation Decision: False
2026-04-17 17:02:21,456 - INFO - engine.game_state - --- AI Player 2 (ExpectiminimaxAI) Turn ---
2026-04-17 17:02:21,456 - INFO - engine.game_state - Dice: 7
2026-04-17 17:02:21,465 - INFO - engine.game_state - Move: Library
2026-04-17 17:02:21,549 - INFO - engine.game_state - Suggestion: Suggestion(Suspect=Hashem Sir, Weapon=Anti Cutter, Location=Library)
2026-04-17 17:02:21,550 - INFO - engine.game_state - AI Player 3 revealed a card
2026-04-17 17:02:21,550 - INFO - engine.game_state - Accusation Decision: False
2026-04-17 17:02:21,550 - INFO - engine.game_state - --- AI Player 3 (NegamaxAI) Turn ---
2026-04-17 17:02:21,551 - INFO - engine.game_state - Dice: 8
2026-04-17 17:02:21,560 - INFO - engine.game_state - Move: Academic Building
2026-04-17 17:02:21,671 - INFO - engine.game_state - Suggestion: Suggestion(Suspect=Hashem Sir, Weapon=Anti Cutter, Location=Academic Building)
2026-04-17 17:02:21,671 - INFO - engine.game_state - AI Player 2 revealed a card
2026-04-17 17:02:21,671 - INFO - engine.game_state - Accusation Decision: False
2026-04-17 17:02:21,672 - INFO - engine.game_state - --- AI Player 2 (ExpectiminimaxAI) Turn ---
2026-04-17 17:02:21,672 - INFO - engine.game_state - Dice: 3
2026-04-17 17:02:21,676 - INFO - engine.game_state - Move: Pocket Gate
2026-04-17 17:02:21,785 - INFO - engine.game_state - Suggestion: Suggestion(Suspect=Hashem Sir, Weapon=Anti Cutter, Location=Pocket Gate)
2026-04-17 17:02:21,786 - INFO - engine.game_state - No one could disprove
2026-04-17 17:02:21,786 - INFO - engine.game_state - Accusation Decision: False
2026-04-17 17:02:21,786 - INFO - engine.game_state - --- AI Player 3 (NegamaxAI) Turn ---
2026-04-17 17:02:21,786 - INFO - engine.game_state - Dice: 11
2026-04-17 17:02:21,797 - INFO - engine.game_state - Move: Library
2026-04-17 17:02:21,900 - INFO - engine.game_state - Suggestion: Suggestion(Suspect=Hashem Sir, Weapon=Anti Cutter, Location=Library)
2026-04-17 17:02:21,901 - INFO - engine.game_state - AI Player 2 revealed a card
2026-04-17 17:02:21,901 - INFO - engine.game_state - Accusation Decision: False
2026-04-17 17:02:21,901 - INFO - engine.game_state - --- AI Player 2 (ExpectiminimaxAI) Turn ---
2026-04-17 17:02:21,901 - INFO - engine.game_state - Dice: 10
2026-04-17 17:02:21,911 - INFO - engine.game_state - Move: Central Field
2026-04-17 17:02:22,081 - INFO - engine.game_state - Suggestion: Suggestion(Suspect=Hashem Sir, Weapon=Anti Cutter, Location=Central Field)
2026-04-17 17:02:22,082 - INFO - engine.game_state - AI Player 1 revealed a card
2026-04-17 17:02:22,082 - INFO - engine.game_state - Accusation Decision: False
2026-04-17 17:02:22,082 - INFO - engine.game_state - --- AI Player 3 (NegamaxAI) Turn ---
2026-04-17 17:02:22,082 - INFO - engine.game_state - Dice: 7
2026-04-17 17:02:22,093 - INFO - engine.game_state - Move: Academic Building
2026-04-17 17:02:22,220 - INFO - engine.game_state - Suggestion: Suggestion(Suspect=Hashem Sir, Weapon=Anti Cutter, Location=Academic Building)
2026-04-17 17:02:22,221 - INFO - engine.game_state - AI Player 2 revealed a card
2026-04-17 17:02:22,221 - INFO - engine.game_state - Accusation Decision: False
2026-04-17 17:02:22,221 - INFO - engine.game_state - --- AI Player 2 (ExpectiminimaxAI) Turn ---
2026-04-17 17:02:22,222 - INFO - engine.game_state - Dice: 5
2026-04-17 17:02:22,230 - INFO - engine.game_state - Move: Amar Ekushey Hall
2026-04-17 17:02:22,296 - INFO - engine.game_state - Suggestion: Suggestion(Suspect=Hashem Sir, Weapon=Anti Cutter, Location=Amar Ekushey Hall)
2026-04-17 17:02:22,297 - INFO - engine.game_state - AI Player 3 revealed a card
2026-04-17 17:02:22,297 - INFO - engine.game_state - Accusation Decision: False
2026-04-17 17:02:22,297 - INFO - engine.game_state - --- AI Player 3 (NegamaxAI) Turn ---
2026-04-17 17:02:22,297 - INFO - engine.game_state - Dice: 7
2026-04-17 17:02:22,307 - INFO - engine.game_state - Move: Library
2026-04-17 17:02:22,435 - INFO - engine.game_state - Suggestion: Suggestion(Suspect=Hashem Sir, Weapon=Anti Cutter, Location=Library)
2026-04-17 17:02:22,435 - INFO - engine.game_state - AI Player 2 revealed a card
2026-04-17 17:02:22,436 - INFO - engine.game_state - Accusation Decision: False
2026-04-17 17:02:22,436 - INFO - engine.game_state - --- AI Player 2 (ExpectiminimaxAI) Turn ---
2026-04-17 17:02:22,436 - INFO - engine.game_state - Dice: 9
2026-04-17 17:02:22,443 - INFO - engine.game_state - Move: Rokeya Hall
2026-04-17 17:02:22,548 - INFO - engine.game_state - Suggestion: Suggestion(Suspect=Hashem Sir, Weapon=Anti Cutter, Location=Rokeya Hall)
2026-04-17 17:02:22,549 - INFO - engine.game_state - AI Player 3 revealed a card
2026-04-17 17:02:22,549 - INFO - engine.game_state - Accusation Decision: False
2026-04-17 17:02:22,549 - INFO - engine.game_state - --- AI Player 3 (NegamaxAI) Turn ---
2026-04-17 17:02:22,549 - INFO - engine.game_state - Dice: 4
2026-04-17 17:02:22,556 - INFO - engine.game_state - Move: Academic Building
2026-04-17 17:02:22,681 - INFO - engine.game_state - Suggestion: Suggestion(Suspect=Hashem Sir, Weapon=Anti Cutter, Location=Academic Building)
2026-04-17 17:02:22,682 - INFO - engine.game_state - AI Player 2 revealed a card
2026-04-17 17:02:22,682 - INFO - engine.game_state - Accusation Decision: False
2026-04-17 17:02:22,682 - INFO - engine.game_state - --- AI Player 2 (ExpectiminimaxAI) Turn ---
2026-04-17 17:02:22,682 - INFO - engine.game_state - Dice: 6
2026-04-17 17:02:22,692 - INFO - engine.game_state - Move: Pocket Gate
2026-04-17 17:02:22,745 - INFO - engine.game_state - Suggestion: Suggestion(Suspect=Hashem Sir, Weapon=Anti Cutter, Location=Pocket Gate)
2026-04-17 17:02:22,745 - INFO - engine.game_state - No one could disprove
2026-04-17 17:02:22,745 - INFO - engine.game_state - Accusation Decision: False
2026-04-17 17:02:22,746 - INFO - engine.game_state - --- AI Player 3 (NegamaxAI) Turn ---
2026-04-17 17:02:22,746 - INFO - engine.game_state - Dice: 4
2026-04-17 17:02:22,756 - INFO - engine.game_state - Move: Library
2026-04-17 17:02:22,860 - INFO - engine.game_state - Suggestion: Suggestion(Suspect=Hashem Sir, Weapon=Anti Cutter, Location=Library)
2026-04-17 17:02:22,861 - INFO - engine.game_state - AI Player 2 revealed a card
2026-04-17 17:02:22,861 - INFO - engine.game_state - Accusation Decision: False
2026-04-17 17:02:22,861 - INFO - engine.game_state - --- AI Player 2 (ExpectiminimaxAI) Turn ---
2026-04-17 17:02:22,861 - INFO - engine.game_state - Dice: 7
2026-04-17 17:02:22,870 - INFO - engine.game_state - Move: Central Field
2026-04-17 17:02:22,992 - INFO - engine.game_state - Suggestion: Suggestion(Suspect=Hashem Sir, Weapon=Anti Cutter, Location=Central Field)
2026-04-17 17:02:22,993 - INFO - engine.game_state - AI Player 1 revealed a card
2026-04-17 17:02:22,993 - INFO - engine.game_state - Accusation Decision: False
2026-04-17 17:02:22,993 - INFO - engine.game_state - --- AI Player 3 (NegamaxAI) Turn ---
2026-04-17 17:02:22,993 - INFO - engine.game_state - Dice: 4
2026-04-17 17:02:23,001 - INFO - engine.game_state - Move: Academic Building
2026-04-17 17:02:23,109 - INFO - engine.game_state - Suggestion: Suggestion(Suspect=Hashem Sir, Weapon=Anti Cutter, Location=Academic Building)
2026-04-17 17:02:23,109 - INFO - engine.game_state - AI Player 2 revealed a card
2026-04-17 17:02:23,109 - INFO - engine.game_state - Accusation Decision: False
2026-04-17 17:02:23,109 - INFO - engine.game_state - --- AI Player 2 (ExpectiminimaxAI) Turn ---
2026-04-17 17:02:23,110 - INFO - engine.game_state - Dice: 11
2026-04-17 17:02:23,120 - INFO - engine.game_state - Move: Pocket Gate
2026-04-17 17:02:23,174 - INFO - engine.game_state - Suggestion: Suggestion(Suspect=Hashem Sir, Weapon=Anti Cutter, Location=Pocket Gate)
2026-04-17 17:02:23,175 - INFO - engine.game_state - No one could disprove
2026-04-17 17:02:23,175 - INFO - engine.game_state - Accusation Decision: False
2026-04-17 17:02:23,175 - INFO - engine.game_state - --- AI Player 3 (NegamaxAI) Turn ---
2026-04-17 17:02:23,175 - INFO - engine.game_state - Dice: 5
2026-04-17 17:02:23,183 - INFO - engine.game_state - Move: Library
2026-04-17 17:02:23,306 - INFO - engine.game_state - Suggestion: Suggestion(Suspect=Hashem Sir, Weapon=Anti Cutter, Location=Library)
2026-04-17 17:02:23,307 - INFO - engine.game_state - AI Player 2 revealed a card
2026-04-17 17:02:23,307 - INFO - engine.game_state - Accusation Decision: False
2026-04-17 17:02:23,307 - INFO - engine.game_state - --- AI Player 2 (ExpectiminimaxAI) Turn ---
2026-04-17 17:02:23,307 - INFO - engine.game_state - Dice: 6
2026-04-17 17:02:23,321 - INFO - engine.game_state - Move: Central Field
2026-04-17 17:02:23,460 - INFO - engine.game_state - Suggestion: Suggestion(Suspect=Hashem Sir, Weapon=Anti Cutter, Location=Central Field)
2026-04-17 17:02:23,460 - INFO - engine.game_state - AI Player 1 revealed a card
2026-04-17 17:02:23,460 - INFO - engine.game_state - Accusation Decision: False
2026-04-17 17:02:23,460 - INFO - engine.game_state - --- AI Player 3 (NegamaxAI) Turn ---
2026-04-17 17:02:23,461 - INFO - engine.game_state - Dice: 11
2026-04-17 17:02:23,471 - INFO - engine.game_state - Move: Academic Building
2026-04-17 17:02:23,582 - INFO - engine.game_state - Suggestion: Suggestion(Suspect=Hashem Sir, Weapon=Anti Cutter, Location=Academic Building)
2026-04-17 17:02:23,582 - INFO - engine.game_state - AI Player 2 revealed a card
2026-04-17 17:02:23,583 - INFO - engine.game_state - Accusation Decision: False
2026-04-17 17:02:23,583 - INFO - engine.game_state - --- AI Player 2 (ExpectiminimaxAI) Turn ---
2026-04-17 17:02:23,583 - INFO - engine.game_state - Dice: 6
2026-04-17 17:02:23,591 - INFO - engine.game_state - Move: Pocket Gate
2026-04-17 17:02:23,651 - INFO - engine.game_state - Suggestion: Suggestion(Suspect=Hashem Sir, Weapon=Anti Cutter, Location=Pocket Gate)
2026-04-17 17:02:23,652 - INFO - engine.game_state - No one could disprove
2026-04-17 17:02:23,652 - INFO - engine.game_state - Accusation Decision: False
2026-04-17 17:02:23,652 - INFO - engine.game_state - --- AI Player 3 (NegamaxAI) Turn ---
2026-04-17 17:02:23,652 - INFO - engine.game_state - Dice: 8
2026-04-17 17:02:23,661 - INFO - engine.game_state - Move: Library
2026-04-17 17:02:23,755 - INFO - engine.game_state - Suggestion: Suggestion(Suspect=Hashem Sir, Weapon=Anti Cutter, Location=Library)
2026-04-17 17:02:23,755 - INFO - engine.game_state - AI Player 2 revealed a card
2026-04-17 17:02:23,756 - INFO - engine.game_state - Accusation Decision: False
2026-04-17 17:02:23,756 - INFO - engine.game_state - --- AI Player 2 (ExpectiminimaxAI) Turn ---
2026-04-17 17:02:23,756 - INFO - engine.game_state - Dice: 6
2026-04-17 17:02:23,765 - INFO - engine.game_state - Move: Central Field
2026-04-17 17:02:23,916 - INFO - engine.game_state - Suggestion: Suggestion(Suspect=Hashem Sir, Weapon=Anti Cutter, Location=Central Field)
2026-04-17 17:02:23,916 - INFO - engine.game_state - AI Player 1 revealed a card
2026-04-17 17:02:23,916 - INFO - engine.game_state - Accusation Decision: False
2026-04-17 17:02:23,916 - INFO - engine.game_state - --- AI Player 3 (NegamaxAI) Turn ---
2026-04-17 17:02:23,917 - INFO - engine.game_state - Dice: 8
2026-04-17 17:02:23,924 - INFO - engine.game_state - Move: Academic Building
2026-04-17 17:02:24,019 - INFO - engine.game_state - Suggestion: Suggestion(Suspect=Hashem Sir, Weapon=Anti Cutter, Location=Academic Building)
2026-04-17 17:02:24,020 - INFO - engine.game_state - AI Player 2 revealed a card
2026-04-17 17:02:24,020 - INFO - engine.game_state - Accusation Decision: False
2026-04-17 17:02:24,020 - INFO - engine.game_state - --- AI Player 2 (ExpectiminimaxAI) Turn ---
2026-04-17 17:02:24,021 - INFO - engine.game_state - Dice: 8
2026-04-17 17:02:24,031 - INFO - engine.game_state - Move: Pocket Gate
2026-04-17 17:02:24,101 - INFO - engine.game_state - Suggestion: Suggestion(Suspect=Hashem Sir, Weapon=Anti Cutter, Location=Pocket Gate)
2026-04-17 17:02:24,102 - INFO - engine.game_state - No one could disprove
2026-04-17 17:02:24,102 - INFO - engine.game_state - Accusation Decision: False
2026-04-17 17:02:24,102 - INFO - engine.game_state - --- AI Player 3 (NegamaxAI) Turn ---
2026-04-17 17:02:24,102 - INFO - engine.game_state - Dice: 6
2026-04-17 17:02:24,110 - INFO - engine.game_state - Move: Library
2026-04-17 17:02:24,204 - INFO - engine.game_state - Suggestion: Suggestion(Suspect=Hashem Sir, Weapon=Anti Cutter, Location=Library)
2026-04-17 17:02:24,205 - INFO - engine.game_state - AI Player 2 revealed a card
2026-04-17 17:02:24,205 - INFO - engine.game_state - Accusation Decision: False
2026-04-17 17:02:24,205 - INFO - engine.game_state - --- AI Player 2 (ExpectiminimaxAI) Turn ---
2026-04-17 17:02:24,205 - INFO - engine.game_state - Dice: 11
2026-04-17 17:02:24,220 - INFO - engine.game_state - Move: Central Field
2026-04-17 17:02:24,387 - INFO - engine.game_state - Suggestion: Suggestion(Suspect=Hashem Sir, Weapon=Anti Cutter, Location=Central Field)
2026-04-17 17:02:24,387 - INFO - engine.game_state - AI Player 1 revealed a card
2026-04-17 17:02:24,387 - INFO - engine.game_state - Accusation Decision: False
2026-04-17 17:02:24,387 - INFO - engine.game_state - --- AI Player 3 (NegamaxAI) Turn ---
2026-04-17 17:02:24,388 - INFO - engine.game_state - Dice: 5
2026-04-17 17:02:24,401 - INFO - engine.game_state - Move: Academic Building
2026-04-17 17:02:24,514 - INFO - engine.game_state - Suggestion: Suggestion(Suspect=Hashem Sir, Weapon=Anti Cutter, Location=Academic Building)
2026-04-17 17:02:24,514 - INFO - engine.game_state - AI Player 2 revealed a card
2026-04-17 17:02:24,514 - INFO - engine.game_state - Accusation Decision: False
2026-04-17 17:02:24,515 - INFO - engine.game_state - --- AI Player 2 (ExpectiminimaxAI) Turn ---
2026-04-17 17:02:24,515 - INFO - engine.game_state - Dice: 8
2026-04-17 17:02:24,524 - INFO - engine.game_state - Move: Pocket Gate
2026-04-17 17:02:24,575 - INFO - engine.game_state - Suggestion: Suggestion(Suspect=Hashem Sir, Weapon=Anti Cutter, Location=Pocket Gate)
2026-04-17 17:02:24,575 - INFO - engine.game_state - No one could disprove
2026-04-17 17:02:24,575 - INFO - engine.game_state - Accusation Decision: False
2026-04-17 17:02:24,575 - INFO - engine.game_state - --- AI Player 3 (NegamaxAI) Turn ---
2026-04-17 17:02:24,576 - INFO - engine.game_state - Dice: 5
2026-04-17 17:02:24,584 - INFO - engine.game_state - Move: Library
2026-04-17 17:02:24,665 - INFO - engine.game_state - Suggestion: Suggestion(Suspect=Hashem Sir, Weapon=Anti Cutter, Location=Library)
2026-04-17 17:02:24,665 - INFO - engine.game_state - AI Player 2 revealed a card
2026-04-17 17:02:24,665 - INFO - engine.game_state - Accusation Decision: False
2026-04-17 17:02:24,665 - INFO - engine.game_state - --- AI Player 2 (ExpectiminimaxAI) Turn ---
2026-04-17 17:02:24,665 - INFO - engine.game_state - Dice: 8
2026-04-17 17:02:24,676 - INFO - engine.game_state - Move: Central Field
2026-04-17 17:02:24,809 - INFO - engine.game_state - Suggestion: Suggestion(Suspect=Hashem Sir, Weapon=Anti Cutter, Location=Central Field)
2026-04-17 17:02:24,809 - INFO - engine.game_state - AI Player 1 revealed a card
2026-04-17 17:02:24,809 - INFO - engine.game_state - Accusation Decision: False
2026-04-17 17:02:24,809 - INFO - engine.game_state - --- AI Player 3 (NegamaxAI) Turn ---
2026-04-17 17:02:24,809 - INFO - engine.game_state - Dice: 11
2026-04-17 17:02:24,817 - INFO - engine.game_state - Move: Academic Building
2026-04-17 17:02:24,922 - INFO - engine.game_state - Suggestion: Suggestion(Suspect=Hashem Sir, Weapon=Anti Cutter, Location=Academic Building)
2026-04-17 17:02:24,922 - INFO - engine.game_state - AI Player 2 revealed a card
2026-04-17 17:02:24,923 - INFO - engine.game_state - Accusation Decision: False
2026-04-17 17:02:24,923 - INFO - engine.game_state - --- AI Player 2 (ExpectiminimaxAI) Turn ---
2026-04-17 17:02:24,923 - INFO - engine.game_state - Dice: 7
2026-04-17 17:02:24,934 - INFO - engine.game_state - Move: Pocket Gate
2026-04-17 17:02:24,995 - INFO - engine.game_state - Suggestion: Suggestion(Suspect=Hashem Sir, Weapon=Anti Cutter, Location=Pocket Gate)
2026-04-17 17:02:24,995 - INFO - engine.game_state - No one could disprove
2026-04-17 17:02:24,995 - INFO - engine.game_state - Accusation Decision: False
2026-04-17 17:02:24,995 - INFO - engine.game_state - --- AI Player 3 (NegamaxAI) Turn ---
2026-04-17 17:02:24,995 - INFO - engine.game_state - Dice: 7
2026-04-17 17:02:25,004 - INFO - engine.game_state - Move: Library
2026-04-17 17:02:25,086 - INFO - engine.game_state - Suggestion: Suggestion(Suspect=Hashem Sir, Weapon=Anti Cutter, Location=Library)
2026-04-17 17:02:25,086 - INFO - engine.game_state - AI Player 2 revealed a card
2026-04-17 17:02:25,087 - INFO - engine.game_state - Accusation Decision: False
2026-04-17 17:02:25,087 - INFO - engine.game_state - --- AI Player 2 (ExpectiminimaxAI) Turn ---
2026-04-17 17:02:25,087 - INFO - engine.game_state - Dice: 5
2026-04-17 17:02:25,095 - INFO - engine.game_state - Move: Central Field
2026-04-17 17:02:25,213 - INFO - engine.game_state - Suggestion: Suggestion(Suspect=Hashem Sir, Weapon=Anti Cutter, Location=Central Field)
2026-04-17 17:02:25,214 - INFO - engine.game_state - AI Player 1 revealed a card
2026-04-17 17:02:25,214 - INFO - engine.game_state - Accusation Decision: False
2026-04-17 17:02:25,214 - INFO - engine.game_state - --- AI Player 3 (NegamaxAI) Turn ---
2026-04-17 17:02:25,214 - INFO - engine.game_state - Dice: 3
2026-04-17 17:02:25,224 - INFO - engine.game_state - Move: VC Room
2026-04-17 17:02:25,303 - INFO - engine.game_state - Suggestion: Suggestion(Suspect=Hashem Sir, Weapon=Anti Cutter, Location=VC Room)
2026-04-17 17:02:25,303 - INFO - engine.game_state - AI Player 2 revealed a card
2026-04-17 17:02:25,303 - INFO - engine.game_state - Accusation Decision: False
2026-04-17 17:02:25,303 - INFO - engine.game_state - --- AI Player 2 (ExpectiminimaxAI) Turn ---
2026-04-17 17:02:25,303 - INFO - engine.game_state - Dice: 11
2026-04-17 17:02:25,314 - INFO - engine.game_state - Move: Pocket Gate
2026-04-17 17:02:25,377 - INFO - engine.game_state - Suggestion: Suggestion(Suspect=Hashem Sir, Weapon=Anti Cutter, Location=Pocket Gate)
2026-04-17 17:02:25,377 - INFO - engine.game_state - No one could disprove
2026-04-17 17:02:25,377 - INFO - engine.game_state - Accusation Decision: False
2026-04-17 17:02:25,377 - INFO - engine.game_state - --- AI Player 3 (NegamaxAI) Turn ---
2026-04-17 17:02:25,377 - INFO - engine.game_state - Dice: 12
2026-04-17 17:02:25,388 - INFO - engine.game_state - Move: Library
2026-04-17 17:02:25,489 - INFO - engine.game_state - Suggestion: Suggestion(Suspect=Hashem Sir, Weapon=Anti Cutter, Location=Library)
2026-04-17 17:02:25,490 - INFO - engine.game_state - AI Player 2 revealed a card
2026-04-17 17:02:25,490 - INFO - engine.game_state - Accusation Decision: False
2026-04-17 17:02:25,490 - INFO - engine.game_state - --- AI Player 2 (ExpectiminimaxAI) Turn ---
2026-04-17 17:02:25,491 - INFO - engine.game_state - Dice: 4
2026-04-17 17:02:25,498 - INFO - engine.game_state - Move: Central Field
2026-04-17 17:02:25,657 - INFO - engine.game_state - Suggestion: Suggestion(Suspect=Hashem Sir, Weapon=Anti Cutter, Location=Central Field)
2026-04-17 17:02:25,658 - INFO - engine.game_state - AI Player 1 revealed a card
2026-04-17 17:02:25,658 - INFO - engine.game_state - Accusation Decision: False
2026-04-17 17:02:25,658 - INFO - engine.game_state - --- AI Player 3 (NegamaxAI) Turn ---
2026-04-17 17:02:25,658 - INFO - engine.game_state - Dice: 5
2026-04-17 17:02:25,670 - INFO - engine.game_state - Move: Academic Building
2026-04-17 17:02:25,768 - INFO - engine.game_state - Suggestion: Suggestion(Suspect=Hashem Sir, Weapon=Anti Cutter, Location=Academic Building)
2026-04-17 17:02:25,768 - INFO - engine.game_state - AI Player 2 revealed a card
2026-04-17 17:02:25,768 - INFO - engine.game_state - Accusation Decision: False
2026-04-17 17:02:25,768 - INFO - engine.game_state - --- AI Player 2 (ExpectiminimaxAI) Turn ---
2026-04-17 17:02:25,769 - INFO - engine.game_state - Dice: 10
2026-04-17 17:02:25,779 - INFO - engine.game_state - Move: Pocket Gate
2026-04-17 17:02:25,861 - INFO - engine.game_state - Suggestion: Suggestion(Suspect=Hashem Sir, Weapon=Anti Cutter, Location=Pocket Gate)
2026-04-17 17:02:25,861 - INFO - engine.game_state - No one could disprove
2026-04-17 17:02:25,862 - INFO - engine.game_state - Accusation Decision: False
2026-04-17 17:02:25,862 - INFO - engine.game_state - --- AI Player 3 (NegamaxAI) Turn ---
2026-04-17 17:02:25,862 - INFO - engine.game_state - Dice: 4
2026-04-17 17:02:25,871 - INFO - engine.game_state - Move: Library
2026-04-17 17:02:25,969 - INFO - engine.game_state - Suggestion: Suggestion(Suspect=Hashem Sir, Weapon=Anti Cutter, Location=Library)
2026-04-17 17:02:25,970 - INFO - engine.game_state - AI Player 2 revealed a card
2026-04-17 17:02:25,970 - INFO - engine.game_state - Accusation Decision: False
2026-04-17 17:02:25,970 - INFO - engine.game_state - --- AI Player 2 (ExpectiminimaxAI) Turn ---
2026-04-17 17:02:25,970 - INFO - engine.game_state - Dice: 7
2026-04-17 17:02:25,980 - INFO - engine.game_state - Move: Central Field
2026-04-17 17:02:26,116 - INFO - engine.game_state - Suggestion: Suggestion(Suspect=Hashem Sir, Weapon=Anti Cutter, Location=Central Field)
2026-04-17 17:02:26,117 - INFO - engine.game_state - AI Player 1 revealed a card
2026-04-17 17:02:26,117 - INFO - engine.game_state - Accusation Decision: False
2026-04-17 17:02:26,117 - INFO - engine.game_state - --- AI Player 3 (NegamaxAI) Turn ---
2026-04-17 17:02:26,117 - INFO - engine.game_state - Dice: 7
2026-04-17 17:02:26,124 - INFO - engine.game_state - Move: Academic Building
2026-04-17 17:02:26,240 - INFO - engine.game_state - Suggestion: Suggestion(Suspect=Hashem Sir, Weapon=Anti Cutter, Location=Academic Building)
2026-04-17 17:02:26,241 - INFO - engine.game_state - AI Player 2 revealed a card
2026-04-17 17:02:26,241 - INFO - engine.game_state - Accusation Decision: False
2026-04-17 17:02:26,241 - INFO - engine.game_state - --- AI Player 2 (ExpectiminimaxAI) Turn ---
2026-04-17 17:02:26,241 - INFO - engine.game_state - Dice: 8
2026-04-17 17:02:26,255 - INFO - engine.game_state - Move: Pocket Gate
2026-04-17 17:02:26,304 - INFO - engine.game_state - Suggestion: Suggestion(Suspect=Hashem Sir, Weapon=Anti Cutter, Location=Pocket Gate)
2026-04-17 17:02:26,304 - INFO - engine.game_state - No one could disprove
2026-04-17 17:02:26,304 - INFO - engine.game_state - Accusation Decision: False
2026-04-17 17:02:26,304 - INFO - engine.game_state - --- AI Player 3 (NegamaxAI) Turn ---
2026-04-17 17:02:26,305 - INFO - engine.game_state - Dice: 9
2026-04-17 17:02:26,312 - INFO - engine.game_state - Move: Library
2026-04-17 17:02:26,396 - INFO - engine.game_state - Suggestion: Suggestion(Suspect=Hashem Sir, Weapon=Anti Cutter, Location=Library)
2026-04-17 17:02:26,396 - INFO - engine.game_state - AI Player 2 revealed a card
2026-04-17 17:02:26,396 - INFO - engine.game_state - Accusation Decision: False
2026-04-17 17:02:26,396 - INFO - engine.game_state - --- AI Player 2 (ExpectiminimaxAI) Turn ---
2026-04-17 17:02:26,396 - INFO - engine.game_state - Dice: 7
2026-04-17 17:02:26,405 - INFO - engine.game_state - Move: Central Field
2026-04-17 17:02:26,547 - INFO - engine.game_state - Suggestion: Suggestion(Suspect=Hashem Sir, Weapon=Anti Cutter, Location=Central Field)
2026-04-17 17:02:26,548 - INFO - engine.game_state - AI Player 1 revealed a card
2026-04-17 17:02:26,548 - INFO - engine.game_state - Accusation Decision: False
2026-04-17 17:02:26,548 - INFO - engine.game_state - --- AI Player 3 (NegamaxAI) Turn ---
2026-04-17 17:02:26,548 - INFO - engine.game_state - Dice: 6
2026-04-17 17:02:26,556 - INFO - engine.game_state - Move: Academic Building
2026-04-17 17:02:26,657 - INFO - engine.game_state - Suggestion: Suggestion(Suspect=Hashem Sir, Weapon=Anti Cutter, Location=Academic Building)
2026-04-17 17:02:26,658 - INFO - engine.game_state - AI Player 2 revealed a card
2026-04-17 17:02:26,658 - INFO - engine.game_state - Accusation Decision: False
2026-04-17 17:02:26,658 - INFO - engine.game_state - --- AI Player 2 (ExpectiminimaxAI) Turn ---
2026-04-17 17:02:26,658 - INFO - engine.game_state - Dice: 9
2026-04-17 17:02:26,668 - INFO - engine.game_state - Move: Pocket Gate
2026-04-17 17:02:26,725 - INFO - engine.game_state - Suggestion: Suggestion(Suspect=Hashem Sir, Weapon=Anti Cutter, Location=Pocket Gate)
2026-04-17 17:02:26,725 - INFO - engine.game_state - No one could disprove
2026-04-17 17:02:26,726 - INFO - engine.game_state - Accusation Decision: False
2026-04-17 17:02:26,726 - INFO - engine.game_state - --- AI Player 3 (NegamaxAI) Turn ---
2026-04-17 17:02:26,726 - INFO - engine.game_state - Dice: 9
2026-04-17 17:02:26,738 - INFO - engine.game_state - Move: Library
2026-04-17 17:02:26,829 - INFO - engine.game_state - Suggestion: Suggestion(Suspect=Hashem Sir, Weapon=Anti Cutter, Location=Library)
2026-04-17 17:02:26,829 - INFO - engine.game_state - AI Player 2 revealed a card
2026-04-17 17:02:26,829 - INFO - engine.game_state - Accusation Decision: False
2026-04-17 17:02:26,830 - INFO - engine.game_state - --- AI Player 2 (ExpectiminimaxAI) Turn ---
2026-04-17 17:02:26,830 - INFO - engine.game_state - Dice: 2
2026-04-17 17:02:26,832 - INFO - engine.game_state - Move: Central Field
2026-04-17 17:02:26,874 - INFO - engine.game_state - Suggestion: Suggestion(Suspect=Hashem Sir, Weapon=Anti Cutter, Location=Central Field)
2026-04-17 17:02:26,874 - INFO - engine.game_state - AI Player 1 revealed a card
2026-04-17 17:02:26,874 - INFO - engine.game_state - Accusation Decision: False
2026-04-17 17:02:26,875 - INFO - engine.game_state - --- AI Player 3 (NegamaxAI) Turn ---
2026-04-17 17:02:26,875 - INFO - engine.game_state - Dice: 7
2026-04-17 17:02:26,882 - INFO - engine.game_state - Move: Academic Building
2026-04-17 17:02:26,993 - INFO - engine.game_state - Suggestion: Suggestion(Suspect=Hashem Sir, Weapon=Anti Cutter, Location=Academic Building)
2026-04-17 17:02:26,993 - INFO - engine.game_state - AI Player 2 revealed a card
2026-04-17 17:02:26,994 - INFO - engine.game_state - Accusation Decision: False
2026-04-17 17:02:26,994 - INFO - engine.game_state - --- AI Player 2 (ExpectiminimaxAI) Turn ---
2026-04-17 17:02:26,994 - INFO - engine.game_state - Dice: 8
2026-04-17 17:02:27,008 - INFO - engine.game_state - Move: Pocket Gate
2026-04-17 17:02:27,063 - INFO - engine.game_state - Suggestion: Suggestion(Suspect=Hashem Sir, Weapon=Anti Cutter, Location=Pocket Gate)
2026-04-17 17:02:27,063 - INFO - engine.game_state - No one could disprove
2026-04-17 17:02:27,063 - INFO - engine.game_state - Accusation Decision: False
2026-04-17 17:02:27,063 - INFO - engine.game_state - --- AI Player 3 (NegamaxAI) Turn ---
2026-04-17 17:02:27,063 - INFO - engine.game_state - Dice: 5
2026-04-17 17:02:27,078 - INFO - engine.game_state - Move: Library
2026-04-17 17:02:27,176 - INFO - engine.game_state - Suggestion: Suggestion(Suspect=Hashem Sir, Weapon=Anti Cutter, Location=Library)
2026-04-17 17:02:27,176 - INFO - engine.game_state - AI Player 2 revealed a card
2026-04-17 17:02:27,176 - INFO - engine.game_state - Accusation Decision: False
2026-04-17 17:02:27,176 - INFO - engine.game_state - --- AI Player 2 (ExpectiminimaxAI) Turn ---
2026-04-17 17:02:27,177 - INFO - engine.game_state - Dice: 10
2026-04-17 17:02:27,189 - INFO - engine.game_state - Move: Central Field
2026-04-17 17:02:27,336 - INFO - engine.game_state - Suggestion: Suggestion(Suspect=Hashem Sir, Weapon=Anti Cutter, Location=Central Field)
2026-04-17 17:02:27,336 - INFO - engine.game_state - AI Player 1 revealed a card
2026-04-17 17:02:27,336 - INFO - engine.game_state - Accusation Decision: False
2026-04-17 17:02:27,336 - INFO - engine.game_state - --- AI Player 3 (NegamaxAI) Turn ---
2026-04-17 17:02:27,337 - INFO - engine.game_state - Dice: 9
2026-04-17 17:02:27,351 - INFO - engine.game_state - Move: Academic Building
2026-04-17 17:02:27,472 - INFO - engine.game_state - Suggestion: Suggestion(Suspect=Hashem Sir, Weapon=Anti Cutter, Location=Academic Building)
2026-04-17 17:02:27,472 - INFO - engine.game_state - AI Player 2 revealed a card
2026-04-17 17:02:27,473 - INFO - engine.game_state - Accusation Decision: False
2026-04-17 17:02:27,473 - INFO - engine.game_state - --- AI Player 2 (ExpectiminimaxAI) Turn ---
2026-04-17 17:02:27,473 - INFO - engine.game_state - Dice: 7
2026-04-17 17:02:27,490 - INFO - engine.game_state - Move: Pocket Gate
2026-04-17 17:02:27,544 - INFO - engine.game_state - Suggestion: Suggestion(Suspect=Hashem Sir, Weapon=Anti Cutter, Location=Pocket Gate)
2026-04-17 17:02:27,544 - INFO - engine.game_state - No one could disprove
2026-04-17 17:02:27,545 - INFO - engine.game_state - Accusation Decision: False
2026-04-17 17:02:27,545 - INFO - engine.game_state - --- AI Player 3 (NegamaxAI) Turn ---
2026-04-17 17:02:27,545 - INFO - engine.game_state - Dice: 4
2026-04-17 17:02:27,554 - INFO - engine.game_state - Move: Library
2026-04-17 17:02:27,656 - INFO - engine.game_state - Suggestion: Suggestion(Suspect=Hashem Sir, Weapon=Anti Cutter, Location=Library)
2026-04-17 17:02:27,657 - INFO - engine.game_state - AI Player 2 revealed a card
2026-04-17 17:02:27,657 - INFO - engine.game_state - Accusation Decision: False
2026-04-17 17:02:27,657 - INFO - engine.game_state - --- AI Player 2 (ExpectiminimaxAI) Turn ---
2026-04-17 17:02:27,657 - INFO - engine.game_state - Dice: 8
2026-04-17 17:02:27,668 - INFO - engine.game_state - Move: Central Field
2026-04-17 17:02:27,824 - INFO - engine.game_state - Suggestion: Suggestion(Suspect=Hashem Sir, Weapon=Anti Cutter, Location=Central Field)
2026-04-17 17:02:27,824 - INFO - engine.game_state - AI Player 1 revealed a card
2026-04-17 17:02:27,825 - INFO - engine.game_state - Accusation Decision: False
2026-04-17 17:02:27,825 - INFO - engine.game_state - --- AI Player 3 (NegamaxAI) Turn ---
2026-04-17 17:02:27,825 - INFO - engine.game_state - Dice: 7
2026-04-17 17:02:27,834 - INFO - engine.game_state - Move: Academic Building
2026-04-17 17:02:27,932 - INFO - engine.game_state - Suggestion: Suggestion(Suspect=Hashem Sir, Weapon=Anti Cutter, Location=Academic Building)
2026-04-17 17:02:27,932 - INFO - engine.game_state - AI Player 2 revealed a card
2026-04-17 17:02:27,933 - INFO - engine.game_state - Accusation Decision: False
2026-04-17 17:02:27,933 - INFO - engine.game_state - --- AI Player 2 (ExpectiminimaxAI) Turn ---
2026-04-17 17:02:27,933 - INFO - engine.game_state - Dice: 4
2026-04-17 17:02:27,942 - INFO - engine.game_state - Move: Pocket Gate
2026-04-17 17:02:28,005 - INFO - engine.game_state - Suggestion: Suggestion(Suspect=Hashem Sir, Weapon=Anti Cutter, Location=Pocket Gate)
2026-04-17 17:02:28,006 - INFO - engine.game_state - No one could disprove
2026-04-17 17:02:28,006 - INFO - engine.game_state - Accusation Decision: False
2026-04-17 17:02:28,006 - INFO - engine.game_state - --- AI Player 3 (NegamaxAI) Turn ---
2026-04-17 17:02:28,006 - INFO - engine.game_state - Dice: 10
2026-04-17 17:02:28,022 - INFO - engine.game_state - Move: Library
2026-04-17 17:02:28,144 - INFO - engine.game_state - Suggestion: Suggestion(Suspect=Hashem Sir, Weapon=Anti Cutter, Location=Library)
2026-04-17 17:02:28,144 - INFO - engine.game_state - AI Player 2 revealed a card
2026-04-17 17:02:28,144 - INFO - engine.game_state - Accusation Decision: False
2026-04-17 17:02:28,144 - INFO - engine.game_state - --- AI Player 2 (ExpectiminimaxAI) Turn ---
2026-04-17 17:02:28,145 - INFO - engine.game_state - Dice: 7
2026-04-17 17:02:28,159 - INFO - engine.game_state - Move: Central Field
2026-04-17 17:02:28,309 - INFO - engine.game_state - Suggestion: Suggestion(Suspect=Hashem Sir, Weapon=Anti Cutter, Location=Central Field)
2026-04-17 17:02:28,310 - INFO - engine.game_state - AI Player 1 revealed a card
2026-04-17 17:02:28,310 - INFO - engine.game_state - Accusation Decision: False
2026-04-17 17:02:28,310 - INFO - engine.game_state - --- AI Player 3 (NegamaxAI) Turn ---
2026-04-17 17:02:28,311 - INFO - engine.game_state - Dice: 4
2026-04-17 17:02:28,318 - INFO - engine.game_state - Move: Academic Building
2026-04-17 17:02:28,417 - INFO - engine.game_state - Suggestion: Suggestion(Suspect=Hashem Sir, Weapon=Anti Cutter, Location=Academic Building)
2026-04-17 17:02:28,417 - INFO - engine.game_state - AI Player 2 revealed a card
2026-04-17 17:02:28,417 - INFO - engine.game_state - Accusation Decision: False
2026-04-17 17:02:28,417 - INFO - engine.game_state - --- AI Player 2 (ExpectiminimaxAI) Turn ---
2026-04-17 17:02:28,417 - INFO - engine.game_state - Dice: 7
2026-04-17 17:02:28,427 - INFO - engine.game_state - Move: Pocket Gate
2026-04-17 17:02:28,482 - INFO - engine.game_state - Suggestion: Suggestion(Suspect=Hashem Sir, Weapon=Anti Cutter, Location=Pocket Gate)
2026-04-17 17:02:28,482 - INFO - engine.game_state - No one could disprove
2026-04-17 17:02:28,482 - INFO - engine.game_state - Accusation Decision: False
2026-04-17 17:02:28,483 - INFO - engine.game_state - --- AI Player 3 (NegamaxAI) Turn ---
2026-04-17 17:02:28,483 - INFO - engine.game_state - Dice: 7
2026-04-17 17:02:28,498 - INFO - engine.game_state - Move: Library
2026-04-17 17:02:28,596 - INFO - engine.game_state - Suggestion: Suggestion(Suspect=Hashem Sir, Weapon=Anti Cutter, Location=Library)
2026-04-17 17:02:28,596 - INFO - engine.game_state - AI Player 2 revealed a card
2026-04-17 17:02:28,596 - INFO - engine.game_state - Accusation Decision: False
2026-04-17 17:02:28,597 - INFO - engine.game_state - --- AI Player 2 (ExpectiminimaxAI) Turn ---
2026-04-17 17:02:28,597 - INFO - engine.game_state - Dice: 5
2026-04-17 17:02:28,605 - INFO - engine.game_state - Move: Central Field
2026-04-17 17:02:28,746 - INFO - engine.game_state - Suggestion: Suggestion(Suspect=Hashem Sir, Weapon=Anti Cutter, Location=Central Field)
2026-04-17 17:02:28,747 - INFO - engine.game_state - AI Player 1 revealed a card
2026-04-17 17:02:28,747 - INFO - engine.game_state - Accusation Decision: False
2026-04-17 17:02:28,747 - INFO - engine.game_state - --- AI Player 3 (NegamaxAI) Turn ---
2026-04-17 17:02:28,747 - INFO - engine.game_state - Dice: 6
2026-04-17 17:02:28,760 - INFO - engine.game_state - Move: Academic Building
2026-04-17 17:02:28,851 - INFO - engine.game_state - Suggestion: Suggestion(Suspect=Hashem Sir, Weapon=Anti Cutter, Location=Academic Building)
2026-04-17 17:02:28,852 - INFO - engine.game_state - AI Player 2 revealed a card
2026-04-17 17:02:28,852 - INFO - engine.game_state - Accusation Decision: False
2026-04-17 17:02:28,852 - INFO - engine.game_state - --- AI Player 2 (ExpectiminimaxAI) Turn ---
2026-04-17 17:02:28,852 - INFO - engine.game_state - Dice: 8
2026-04-17 17:02:28,864 - INFO - engine.game_state - Move: Pocket Gate
2026-04-17 17:02:28,924 - INFO - engine.game_state - Suggestion: Suggestion(Suspect=Hashem Sir, Weapon=Anti Cutter, Location=Pocket Gate)
2026-04-17 17:02:28,924 - INFO - engine.game_state - No one could disprove
2026-04-17 17:02:28,924 - INFO - engine.game_state - Accusation Decision: False
2026-04-17 17:02:28,925 - INFO - engine.game_state - --- AI Player 3 (NegamaxAI) Turn ---
2026-04-17 17:02:28,925 - INFO - engine.game_state - Dice: 10
2026-04-17 17:02:28,936 - INFO - engine.game_state - Move: Library
2026-04-17 17:02:29,049 - INFO - engine.game_state - Suggestion: Suggestion(Suspect=Hashem Sir, Weapon=Anti Cutter, Location=Library)
2026-04-17 17:02:29,049 - INFO - engine.game_state - AI Player 2 revealed a card
2026-04-17 17:02:29,049 - INFO - engine.game_state - Accusation Decision: False
2026-04-17 17:02:29,050 - INFO - engine.game_state - --- AI Player 2 (ExpectiminimaxAI) Turn ---
2026-04-17 17:02:29,050 - INFO - engine.game_state - Dice: 5
2026-04-17 17:02:29,058 - INFO - engine.game_state - Move: Central Field
2026-04-17 17:02:29,190 - INFO - engine.game_state - Suggestion: Suggestion(Suspect=Hashem Sir, Weapon=Anti Cutter, Location=Central Field)
2026-04-17 17:02:29,190 - INFO - engine.game_state - AI Player 1 revealed a card
2026-04-17 17:02:29,191 - INFO - engine.game_state - Accusation Decision: False
2026-04-17 17:02:29,191 - INFO - engine.game_state - --- AI Player 3 (NegamaxAI) Turn ---
2026-04-17 17:02:29,191 - INFO - engine.game_state - Dice: 10
2026-04-17 17:02:29,203 - INFO - engine.game_state - Move: Academic Building
2026-04-17 17:02:29,324 - INFO - engine.game_state - Suggestion: Suggestion(Suspect=Hashem Sir, Weapon=Anti Cutter, Location=Academic Building)
2026-04-17 17:02:29,324 - INFO - engine.game_state - AI Player 2 revealed a card
2026-04-17 17:02:29,324 - INFO - engine.game_state - Accusation Decision: False
2026-04-17 17:02:29,325 - INFO - engine.game_state - --- AI Player 2 (ExpectiminimaxAI) Turn ---
2026-04-17 17:02:29,325 - INFO - engine.game_state - Dice: 7
2026-04-17 17:02:29,334 - INFO - engine.game_state - Move: Pocket Gate
2026-04-17 17:02:29,383 - INFO - engine.game_state - Suggestion: Suggestion(Suspect=Hashem Sir, Weapon=Anti Cutter, Location=Pocket Gate)
2026-04-17 17:02:29,384 - INFO - engine.game_state - No one could disprove
2026-04-17 17:02:29,384 - INFO - engine.game_state - Accusation Decision: False
2026-04-17 17:02:29,384 - INFO - engine.game_state - --- AI Player 3 (NegamaxAI) Turn ---
2026-04-17 17:02:29,385 - INFO - engine.game_state - Dice: 10
2026-04-17 17:02:29,393 - INFO - engine.game_state - Move: Library
2026-04-17 17:02:29,482 - INFO - engine.game_state - Suggestion: Suggestion(Suspect=Hashem Sir, Weapon=Anti Cutter, Location=Library)
2026-04-17 17:02:29,482 - INFO - engine.game_state - AI Player 2 revealed a card
2026-04-17 17:02:29,483 - INFO - engine.game_state - Accusation Decision: False
2026-04-17 17:02:29,483 - INFO - engine.game_state - --- AI Player 2 (ExpectiminimaxAI) Turn ---
2026-04-17 17:02:29,483 - INFO - engine.game_state - Dice: 7
2026-04-17 17:02:29,492 - INFO - engine.game_state - Move: Central Field
2026-04-17 17:02:29,618 - INFO - engine.game_state - Suggestion: Suggestion(Suspect=Hashem Sir, Weapon=Anti Cutter, Location=Central Field)
2026-04-17 17:02:29,619 - INFO - engine.game_state - AI Player 1 revealed a card
2026-04-17 17:02:29,619 - INFO - engine.game_state - Accusation Decision: False
2026-04-17 17:02:29,619 - INFO - engine.game_state - --- AI Player 3 (NegamaxAI) Turn ---
2026-04-17 17:02:29,619 - INFO - engine.game_state - Dice: 5
2026-04-17 17:02:29,627 - INFO - engine.game_state - Move: Academic Building
2026-04-17 17:02:29,749 - INFO - engine.game_state - Suggestion: Suggestion(Suspect=Hashem Sir, Weapon=Anti Cutter, Location=Academic Building)
2026-04-17 17:02:29,749 - INFO - engine.game_state - AI Player 2 revealed a card
2026-04-17 17:02:29,749 - INFO - engine.game_state - Accusation Decision: False
2026-04-17 17:02:29,750 - INFO - engine.game_state - --- AI Player 2 (ExpectiminimaxAI) Turn ---
2026-04-17 17:02:29,750 - INFO - engine.game_state - Dice: 4
2026-04-17 17:02:29,763 - INFO - engine.game_state - Move: Pocket Gate
2026-04-17 17:02:29,820 - INFO - engine.game_state - Suggestion: Suggestion(Suspect=Hashem Sir, Weapon=Anti Cutter, Location=Pocket Gate)
2026-04-17 17:02:29,820 - INFO - engine.game_state - No one could disprove
2026-04-17 17:02:29,820 - INFO - engine.game_state - Accusation Decision: False
2026-04-17 17:02:29,821 - INFO - engine.game_state - --- AI Player 3 (NegamaxAI) Turn ---
2026-04-17 17:02:29,821 - INFO - engine.game_state - Dice: 11
2026-04-17 17:02:29,829 - INFO - engine.game_state - Move: Library
2026-04-17 17:02:29,933 - INFO - engine.game_state - Suggestion: Suggestion(Suspect=Hashem Sir, Weapon=Anti Cutter, Location=Library)
2026-04-17 17:02:29,934 - INFO - engine.game_state - AI Player 2 revealed a card
2026-04-17 17:02:29,934 - INFO - engine.game_state - Accusation Decision: False
2026-04-17 17:02:29,934 - INFO - engine.game_state - --- AI Player 2 (ExpectiminimaxAI) Turn ---
2026-04-17 17:02:29,934 - INFO - engine.game_state - Dice: 5
2026-04-17 17:02:29,942 - INFO - engine.game_state - Move: Central Field
2026-04-17 17:02:30,093 - INFO - engine.game_state - Suggestion: Suggestion(Suspect=Hashem Sir, Weapon=Anti Cutter, Location=Central Field)
2026-04-17 17:02:30,093 - INFO - engine.game_state - AI Player 1 revealed a card
2026-04-17 17:02:30,093 - INFO - engine.game_state - Accusation Decision: False
2026-04-17 17:02:30,093 - INFO - engine.game_state - --- AI Player 3 (NegamaxAI) Turn ---
2026-04-17 17:02:30,093 - INFO - engine.game_state - Dice: 8
2026-04-17 17:02:30,102 - INFO - engine.game_state - Move: Academic Building
2026-04-17 17:02:30,202 - INFO - engine.game_state - Suggestion: Suggestion(Suspect=Hashem Sir, Weapon=Anti Cutter, Location=Academic Building)
2026-04-17 17:02:30,202 - INFO - engine.game_state - AI Player 2 revealed a card
2026-04-17 17:02:30,203 - INFO - engine.game_state - Accusation Decision: False
2026-04-17 17:02:30,203 - INFO - engine.game_state - --- AI Player 2 (ExpectiminimaxAI) Turn ---
2026-04-17 17:02:30,203 - INFO - engine.game_state - Dice: 2
2026-04-17 17:02:30,205 - INFO - engine.game_state - Move: Pocket Gate
2026-04-17 17:02:30,250 - INFO - engine.game_state - Suggestion: Suggestion(Suspect=Hashem Sir, Weapon=Anti Cutter, Location=Pocket Gate)
2026-04-17 17:02:30,250 - INFO - engine.game_state - No one could disprove
2026-04-17 17:02:30,250 - INFO - engine.game_state - Accusation Decision: False
2026-04-17 17:02:30,250 - INFO - engine.game_state - --- AI Player 3 (NegamaxAI) Turn ---
2026-04-17 17:02:30,250 - INFO - engine.game_state - Dice: 8
2026-04-17 17:02:30,259 - INFO - engine.game_state - Move: Library
2026-04-17 17:02:30,374 - INFO - engine.game_state - Suggestion: Suggestion(Suspect=Hashem Sir, Weapon=Anti Cutter, Location=Library)
2026-04-17 17:02:30,374 - INFO - engine.game_state - AI Player 2 revealed a card
2026-04-17 17:02:30,374 - INFO - engine.game_state - Accusation Decision: False
2026-04-17 17:02:30,375 - INFO - engine.game_state - --- AI Player 2 (ExpectiminimaxAI) Turn ---
2026-04-17 17:02:30,375 - INFO - engine.game_state - Dice: 9
2026-04-17 17:02:30,384 - INFO - engine.game_state - Move: Central Field
2026-04-17 17:02:30,510 - INFO - engine.game_state - Suggestion: Suggestion(Suspect=Hashem Sir, Weapon=Anti Cutter, Location=Central Field)
2026-04-17 17:02:30,511 - INFO - engine.game_state - AI Player 1 revealed a card
2026-04-17 17:02:30,511 - INFO - engine.game_state - Accusation Decision: False
2026-04-17 17:02:30,511 - INFO - engine.game_state - --- AI Player 3 (NegamaxAI) Turn ---
2026-04-17 17:02:30,511 - INFO - engine.game_state - Dice: 3
2026-04-17 17:02:30,519 - INFO - engine.game_state - Move: VC Room
2026-04-17 17:02:30,592 - INFO - engine.game_state - Suggestion: Suggestion(Suspect=Hashem Sir, Weapon=Anti Cutter, Location=VC Room)
2026-04-17 17:02:30,592 - INFO - engine.game_state - AI Player 2 revealed a card
2026-04-17 17:02:30,593 - INFO - engine.game_state - Accusation Decision: False
2026-04-17 17:02:30,593 - INFO - engine.game_state - --- AI Player 2 (ExpectiminimaxAI) Turn ---
2026-04-17 17:02:30,593 - INFO - engine.game_state - Dice: 8
2026-04-17 17:02:30,602 - INFO - engine.game_state - Move: Pocket Gate
2026-04-17 17:02:30,659 - INFO - engine.game_state - Suggestion: Suggestion(Suspect=Hashem Sir, Weapon=Anti Cutter, Location=Pocket Gate)
2026-04-17 17:02:30,659 - INFO - engine.game_state - No one could disprove
2026-04-17 17:02:30,659 - INFO - engine.game_state - Accusation Decision: False
2026-04-17 17:02:30,660 - INFO - engine.game_state - --- AI Player 3 (NegamaxAI) Turn ---
2026-04-17 17:02:30,660 - INFO - engine.game_state - Dice: 11
2026-04-17 17:02:30,667 - INFO - engine.game_state - Move: Library
2026-04-17 17:02:30,754 - INFO - engine.game_state - Suggestion: Suggestion(Suspect=Hashem Sir, Weapon=Anti Cutter, Location=Library)
2026-04-17 17:02:30,755 - INFO - engine.game_state - AI Player 2 revealed a card
2026-04-17 17:02:30,755 - INFO - engine.game_state - Accusation Decision: False
2026-04-17 17:02:30,755 - INFO - engine.game_state - --- AI Player 2 (ExpectiminimaxAI) Turn ---
2026-04-17 17:02:30,755 - INFO - engine.game_state - Dice: 6
2026-04-17 17:02:30,763 - INFO - engine.game_state - Move: Central Field
2026-04-17 17:02:30,876 - INFO - engine.game_state - Suggestion: Suggestion(Suspect=Hashem Sir, Weapon=Anti Cutter, Location=Central Field)
2026-04-17 17:02:30,877 - INFO - engine.game_state - AI Player 1 revealed a card
2026-04-17 17:02:30,877 - INFO - engine.game_state - Accusation Decision: False
2026-04-17 17:02:30,877 - INFO - engine.game_state - --- AI Player 3 (NegamaxAI) Turn ---
2026-04-17 17:02:30,877 - INFO - engine.game_state - Dice: 6
2026-04-17 17:02:30,885 - INFO - engine.game_state - Move: Academic Building
2026-04-17 17:02:30,986 - INFO - engine.game_state - Suggestion: Suggestion(Suspect=Hashem Sir, Weapon=Anti Cutter, Location=Academic Building)
2026-04-17 17:02:30,987 - INFO - engine.game_state - AI Player 2 revealed a card
2026-04-17 17:02:30,987 - INFO - engine.game_state - Accusation Decision: False
2026-04-17 17:02:30,987 - INFO - engine.game_state - --- AI Player 2 (ExpectiminimaxAI) Turn ---
2026-04-17 17:02:30,988 - INFO - engine.game_state - Dice: 5
2026-04-17 17:02:31,001 - INFO - engine.game_state - Move: Pocket Gate
2026-04-17 17:02:31,058 - INFO - engine.game_state - Suggestion: Suggestion(Suspect=Hashem Sir, Weapon=Anti Cutter, Location=Pocket Gate)
2026-04-17 17:02:31,058 - INFO - engine.game_state - No one could disprove
2026-04-17 17:02:31,059 - INFO - engine.game_state - Accusation Decision: False
2026-04-17 17:02:31,059 - INFO - engine.game_state - --- AI Player 3 (NegamaxAI) Turn ---
2026-04-17 17:02:31,059 - INFO - engine.game_state - Dice: 6
2026-04-17 17:02:31,067 - INFO - engine.game_state - Move: Library
2026-04-17 17:02:31,161 - INFO - engine.game_state - Suggestion: Suggestion(Suspect=Hashem Sir, Weapon=Anti Cutter, Location=Library)
2026-04-17 17:02:31,161 - INFO - engine.game_state - AI Player 2 revealed a card
2026-04-17 17:02:31,161 - INFO - engine.game_state - Accusation Decision: False
2026-04-17 17:02:31,161 - INFO - engine.game_state - --- AI Player 2 (ExpectiminimaxAI) Turn ---
2026-04-17 17:02:31,162 - INFO - engine.game_state - Dice: 11
2026-04-17 17:02:31,175 - INFO - engine.game_state - Move: Central Field
2026-04-17 17:02:31,313 - INFO - engine.game_state - Suggestion: Suggestion(Suspect=Hashem Sir, Weapon=Anti Cutter, Location=Central Field)
2026-04-17 17:02:31,314 - INFO - engine.game_state - AI Player 1 revealed a card
2026-04-17 17:02:31,314 - INFO - engine.game_state - Accusation Decision: False
2026-04-17 17:02:31,314 - INFO - engine.game_state - --- AI Player 3 (NegamaxAI) Turn ---
2026-04-17 17:02:31,314 - INFO - engine.game_state - Dice: 9
2026-04-17 17:02:31,324 - INFO - engine.game_state - Move: Academic Building
2026-04-17 17:02:31,422 - INFO - engine.game_state - Suggestion: Suggestion(Suspect=Hashem Sir, Weapon=Anti Cutter, Location=Academic Building)
2026-04-17 17:02:31,422 - INFO - engine.game_state - AI Player 2 revealed a card
2026-04-17 17:02:31,422 - INFO - engine.game_state - Accusation Decision: False
2026-04-17 17:02:31,422 - INFO - engine.game_state - --- AI Player 2 (ExpectiminimaxAI) Turn ---
2026-04-17 17:02:31,422 - INFO - engine.game_state - Dice: 9
2026-04-17 17:02:31,432 - INFO - engine.game_state - Move: Pocket Gate
2026-04-17 17:02:31,490 - INFO - engine.game_state - Suggestion: Suggestion(Suspect=Hashem Sir, Weapon=Anti Cutter, Location=Pocket Gate)
2026-04-17 17:02:31,491 - INFO - engine.game_state - No one could disprove
2026-04-17 17:02:31,491 - INFO - engine.game_state - Accusation Decision: False
2026-04-17 17:02:31,491 - INFO - engine.game_state - --- AI Player 3 (NegamaxAI) Turn ---
2026-04-17 17:02:31,491 - INFO - engine.game_state - Dice: 11
2026-04-17 17:02:31,504 - INFO - engine.game_state - Move: Library
2026-04-17 17:02:31,629 - INFO - engine.game_state - Suggestion: Suggestion(Suspect=Hashem Sir, Weapon=Anti Cutter, Location=Library)
2026-04-17 17:02:31,630 - INFO - engine.game_state - AI Player 2 revealed a card
2026-04-17 17:02:31,630 - INFO - engine.game_state - Accusation Decision: False
2026-04-17 17:02:31,630 - INFO - engine.game_state - --- AI Player 2 (ExpectiminimaxAI) Turn ---
2026-04-17 17:02:31,630 - INFO - engine.game_state - Dice: 2
2026-04-17 17:02:31,634 - INFO - engine.game_state - Move: Central Field
2026-04-17 17:02:31,710 - INFO - engine.game_state - Suggestion: Suggestion(Suspect=Hashem Sir, Weapon=Anti Cutter, Location=Central Field)
2026-04-17 17:02:31,710 - INFO - engine.game_state - AI Player 1 revealed a card
2026-04-17 17:02:31,711 - INFO - engine.game_state - Accusation Decision: False
2026-04-17 17:02:31,711 - INFO - engine.game_state - --- AI Player 3 (NegamaxAI) Turn ---
2026-04-17 17:02:31,711 - INFO - engine.game_state - Dice: 5
2026-04-17 17:02:31,723 - INFO - engine.game_state - Move: Academic Building
2026-04-17 17:02:31,840 - INFO - engine.game_state - Suggestion: Suggestion(Suspect=Hashem Sir, Weapon=Anti Cutter, Location=Academic Building)
2026-04-17 17:02:31,840 - INFO - engine.game_state - AI Player 2 revealed a card
2026-04-17 17:02:31,840 - INFO - engine.game_state - Accusation Decision: False
2026-04-17 17:02:31,840 - INFO - engine.game_state - --- AI Player 2 (ExpectiminimaxAI) Turn ---
2026-04-17 17:02:31,841 - INFO - engine.game_state - Dice: 11
2026-04-17 17:02:31,852 - INFO - engine.game_state - Move: Pocket Gate
2026-04-17 17:02:31,932 - INFO - engine.game_state - Suggestion: Suggestion(Suspect=Hashem Sir, Weapon=Anti Cutter, Location=Pocket Gate)
2026-04-17 17:02:31,932 - INFO - engine.game_state - No one could disprove
2026-04-17 17:02:31,932 - INFO - engine.game_state - Accusation Decision: False
2026-04-17 17:02:31,932 - INFO - engine.game_state - --- AI Player 3 (NegamaxAI) Turn ---
2026-04-17 17:02:31,933 - INFO - engine.game_state - Dice: 7
2026-04-17 17:02:31,945 - INFO - engine.game_state - Move: Library
2026-04-17 17:02:32,048 - INFO - engine.game_state - Suggestion: Suggestion(Suspect=Hashem Sir, Weapon=Anti Cutter, Location=Library)
2026-04-17 17:02:32,048 - INFO - engine.game_state - AI Player 2 revealed a card
2026-04-17 17:02:32,048 - INFO - engine.game_state - Accusation Decision: False
2026-04-17 17:02:32,048 - INFO - engine.game_state - --- AI Player 2 (ExpectiminimaxAI) Turn ---
2026-04-17 17:02:32,048 - INFO - engine.game_state - Dice: 12
2026-04-17 17:02:32,057 - INFO - engine.game_state - Move: Central Field
2026-04-17 17:02:32,204 - INFO - engine.game_state - Suggestion: Suggestion(Suspect=Hashem Sir, Weapon=Anti Cutter, Location=Central Field)
2026-04-17 17:02:32,204 - INFO - engine.game_state - AI Player 1 revealed a card
2026-04-17 17:02:32,204 - INFO - engine.game_state - Accusation Decision: False
2026-04-17 17:02:32,205 - INFO - engine.game_state - --- AI Player 3 (NegamaxAI) Turn ---
2026-04-17 17:02:32,205 - INFO - engine.game_state - Dice: 6
2026-04-17 17:02:32,217 - INFO - engine.game_state - Move: Academic Building
2026-04-17 17:02:32,334 - INFO - engine.game_state - Suggestion: Suggestion(Suspect=Hashem Sir, Weapon=Anti Cutter, Location=Academic Building)
2026-04-17 17:02:32,334 - INFO - engine.game_state - AI Player 2 revealed a card
2026-04-17 17:02:32,334 - INFO - engine.game_state - Accusation Decision: False
2026-04-17 17:02:32,334 - INFO - engine.game_state - --- AI Player 2 (ExpectiminimaxAI) Turn ---
2026-04-17 17:02:32,334 - INFO - engine.game_state - Dice: 9
2026-04-17 17:02:32,346 - INFO - engine.game_state - Move: Pocket Gate
2026-04-17 17:02:32,406 - INFO - engine.game_state - Suggestion: Suggestion(Suspect=Hashem Sir, Weapon=Anti Cutter, Location=Pocket Gate)
2026-04-17 17:02:32,406 - INFO - engine.game_state - No one could disprove
2026-04-17 17:02:32,406 - INFO - engine.game_state - Accusation Decision: False
2026-04-17 17:02:32,406 - INFO - engine.game_state - --- AI Player 3 (NegamaxAI) Turn ---
2026-04-17 17:02:32,407 - INFO - engine.game_state - Dice: 7
2026-04-17 17:02:32,417 - INFO - engine.game_state - Move: Library
2026-04-17 17:02:32,523 - INFO - engine.game_state - Suggestion: Suggestion(Suspect=Hashem Sir, Weapon=Anti Cutter, Location=Library)
2026-04-17 17:02:32,523 - INFO - engine.game_state - AI Player 2 revealed a card
2026-04-17 17:02:32,523 - INFO - engine.game_state - Accusation Decision: False
2026-04-17 17:02:32,524 - INFO - engine.game_state - --- AI Player 2 (ExpectiminimaxAI) Turn ---
2026-04-17 17:02:32,524 - INFO - engine.game_state - Dice: 4
2026-04-17 17:02:32,531 - INFO - engine.game_state - Move: Central Field
2026-04-17 17:02:32,682 - INFO - engine.game_state - Suggestion: Suggestion(Suspect=Hashem Sir, Weapon=Anti Cutter, Location=Central Field)
2026-04-17 17:02:32,683 - INFO - engine.game_state - AI Player 1 revealed a card
2026-04-17 17:02:32,683 - INFO - engine.game_state - Accusation Decision: False
2026-04-17 17:02:32,683 - INFO - engine.game_state - --- AI Player 3 (NegamaxAI) Turn ---
2026-04-17 17:02:32,684 - INFO - engine.game_state - Dice: 3
2026-04-17 17:02:32,692 - INFO - engine.game_state - Move: VC Room
2026-04-17 17:02:32,764 - INFO - engine.game_state - Suggestion: Suggestion(Suspect=Hashem Sir, Weapon=Anti Cutter, Location=VC Room)
2026-04-17 17:02:32,764 - INFO - engine.game_state - AI Player 2 revealed a card
2026-04-17 17:02:32,764 - INFO - engine.game_state - Accusation Decision: False
2026-04-17 17:02:32,764 - INFO - engine.game_state - --- AI Player 2 (ExpectiminimaxAI) Turn ---
2026-04-17 17:02:32,764 - INFO - engine.game_state - Dice: 6
2026-04-17 17:02:32,774 - INFO - engine.game_state - Move: Pocket Gate
2026-04-17 17:02:32,835 - INFO - engine.game_state - Suggestion: Suggestion(Suspect=Hashem Sir, Weapon=Anti Cutter, Location=Pocket Gate)
2026-04-17 17:02:32,835 - INFO - engine.game_state - No one could disprove
2026-04-17 17:02:32,836 - INFO - engine.game_state - Accusation Decision: False
2026-04-17 17:02:32,836 - INFO - engine.game_state - --- AI Player 3 (NegamaxAI) Turn ---
2026-04-17 17:02:32,836 - INFO - engine.game_state - Dice: 6
2026-04-17 17:02:32,846 - INFO - engine.game_state - Move: Library
2026-04-17 17:02:32,962 - INFO - engine.game_state - Suggestion: Suggestion(Suspect=Hashem Sir, Weapon=Anti Cutter, Location=Library)
2026-04-17 17:02:32,962 - INFO - engine.game_state - AI Player 2 revealed a card
2026-04-17 17:02:32,962 - INFO - engine.game_state - Accusation Decision: False
2026-04-17 17:02:32,963 - WARNING - main - Winner: None (turn cap reached)
2026-04-17 17:02:32,963 - INFO - main - ====================================================================
2026-04-17 17:02:32,963 - INFO - main - Final Performance Summary
2026-04-17 17:02:32,963 - INFO - main - ====================================================================
2026-04-17 17:02:32,963 - INFO - main - MinimaxAI:
2026-04-17 17:02:32,963 - INFO - main - Wins: 0
2026-04-17 17:02:32,963 - INFO - main - Win Rate: 0.0%
2026-04-17 17:02:32,964 - INFO - main - Average Moves: 2.00
2026-04-17 17:02:32,964 - INFO - main - Average Decision Time: 0.05100 sec
2026-04-17 17:02:32,964 - INFO - main - ExpectiminimaxAI:
2026-04-17 17:02:32,964 - INFO - main - Wins: 0
2026-04-17 17:02:32,964 - INFO - main - Win Rate: 0.0%
2026-04-17 17:02:32,964 - INFO - main - Average Moves: 124.00
2026-04-17 17:02:32,964 - INFO - main - Average Decision Time: 0.03482 sec
2026-04-17 17:02:32,964 - INFO - main - NegamaxAI:
2026-04-17 17:02:32,965 - INFO - main - Wins: 0
2026-04-17 17:02:32,965 - INFO - main - Win Rate: 0.0%
2026-04-17 17:02:32,965 - INFO - main - Average Moves: 124.00
2026-04-17 17:02:32,965 - INFO - main - Average Decision Time: 0.03650 sec
2026-04-17 17:02:32,965 - INFO - main - No-Winner Games: 1
2026-04-17 17:02:32,965 - INFO - main - Average Game Runtime: 27.2037 sec
2026-04-17 17:02:32,965 - INFO - main - ====================================================================
2026-04-17 17:12:19,185 - INFO - main - ====================================================================
2026-04-17 17:12:19,185 - INFO - main -  Murder in KUET - Minimax vs Expectiminimax vs Negamax Metrics
2026-04-17 17:12:19,185 - INFO - main - ====================================================================
2026-04-17 17:12:19,185 - INFO - main - === Game 1 ===
2026-04-17 17:12:19,186 - INFO - engine.game_state - --- AI Player 1 (MinimaxAI) Turn ---
2026-04-17 17:12:19,186 - INFO - engine.game_state - Dice: 5
2026-04-17 17:12:19,341 - INFO - engine.game_state - Move: Library
2026-04-17 17:12:19,411 - INFO - engine.game_state - Suggestion: Suggestion(Suspect=Hashem Sir, Weapon=Anti Cutter, Location=Library)
2026-04-17 17:12:19,411 - INFO - engine.game_state - AI Player 2 revealed a card
2026-04-17 17:12:19,411 - INFO - engine.game_state - Accusation Decision: False
2026-04-17 17:12:19,412 - INFO - engine.game_state - --- AI Player 2 (ExpectiminimaxAI) Turn ---
2026-04-17 17:12:19,412 - INFO - engine.game_state - Dice: 9
2026-04-17 17:12:19,423 - INFO - engine.game_state - Move: Library
2026-04-17 17:12:19,486 - INFO - engine.game_state - Suggestion: Suggestion(Suspect=Hashem Sir, Weapon=Anti Cutter, Location=Library)
2026-04-17 17:12:19,486 - INFO - engine.game_state - AI Player 3 revealed a card
2026-04-17 17:12:19,487 - INFO - engine.game_state - Accusation Decision: False
2026-04-17 17:12:19,487 - INFO - engine.game_state - --- AI Player 3 (NegamaxAI) Turn ---
2026-04-17 17:12:19,487 - INFO - engine.game_state - Dice: 7
2026-04-17 17:12:19,507 - INFO - engine.game_state - Move: Library
2026-04-17 17:12:19,581 - INFO - engine.game_state - Suggestion: Suggestion(Suspect=Hashem Sir, Weapon=Anti Cutter, Location=Library)
2026-04-17 17:12:19,581 - INFO - engine.game_state - AI Player 2 revealed a card
2026-04-17 17:12:19,581 - INFO - engine.game_state - Accusation Decision: False
2026-04-17 17:12:19,581 - INFO - engine.game_state - --- AI Player 1 (MinimaxAI) Turn ---
2026-04-17 17:12:19,582 - INFO - engine.game_state - Dice: 7
2026-04-17 17:12:19,590 - INFO - engine.game_state - Move: Academic Building
2026-04-17 17:12:19,669 - INFO - engine.game_state - Suggestion: Suggestion(Suspect=Hashem Sir, Weapon=Knife, Location=Academic Building)
2026-04-17 17:12:19,669 - INFO - engine.game_state - No one could disprove
2026-04-17 17:12:19,670 - WARNING - engine.game_state - AI Player 1 eliminated
2026-04-17 17:12:19,670 - INFO - engine.game_state - Accusation Decision: True
2026-04-17 17:12:19,670 - INFO - engine.game_state - --- AI Player 2 (ExpectiminimaxAI) Turn ---
2026-04-17 17:12:19,670 - INFO - engine.game_state - Dice: 11
2026-04-17 17:12:19,674 - INFO - engine.game_state - Move: Academic Building
2026-04-17 17:12:19,755 - INFO - engine.game_state - Suggestion: Suggestion(Suspect=Hashem Sir, Weapon=Anti Cutter, Location=Academic Building)
2026-04-17 17:12:19,755 - INFO - engine.game_state - No one could disprove
2026-04-17 17:12:19,755 - INFO - engine.game_state - Accusation Decision: False
2026-04-17 17:12:19,755 - INFO - engine.game_state - --- AI Player 3 (NegamaxAI) Turn ---
2026-04-17 17:12:19,756 - INFO - engine.game_state - Dice: 7
2026-04-17 17:12:19,762 - INFO - engine.game_state - Move: Academic Building
2026-04-17 17:12:19,846 - INFO - engine.game_state - Suggestion: Suggestion(Suspect=Hashem Sir, Weapon=Anti Cutter, Location=Academic Building)
2026-04-17 17:12:19,846 - INFO - engine.game_state - AI Player 2 revealed a card
2026-04-17 17:12:19,846 - INFO - engine.game_state - Accusation Decision: False
2026-04-17 17:12:19,846 - INFO - engine.game_state - --- AI Player 2 (ExpectiminimaxAI) Turn ---
2026-04-17 17:12:19,846 - INFO - engine.game_state - Dice: 6
2026-04-17 17:12:19,852 - INFO - engine.game_state - Move: IT Park
2026-04-17 17:12:19,905 - INFO - engine.game_state - Suggestion: Suggestion(Suspect=Hashem Sir, Weapon=Anti Cutter, Location=IT Park)
2026-04-17 17:12:19,906 - INFO - engine.game_state - AI Player 1 revealed a card
2026-04-17 17:12:19,906 - INFO - engine.game_state - Accusation Decision: False
2026-04-17 17:12:19,906 - INFO - engine.game_state - --- AI Player 3 (NegamaxAI) Turn ---
2026-04-17 17:12:19,906 - INFO - engine.game_state - Dice: 7
2026-04-17 17:12:19,914 - INFO - engine.game_state - Move: Library
2026-04-17 17:12:19,985 - INFO - engine.game_state - Suggestion: Suggestion(Suspect=Hashem Sir, Weapon=Anti Cutter, Location=Library)
2026-04-17 17:12:19,985 - INFO - engine.game_state - AI Player 2 revealed a card
2026-04-17 17:12:19,986 - INFO - engine.game_state - Accusation Decision: False
2026-04-17 17:12:19,986 - INFO - engine.game_state - --- AI Player 2 (ExpectiminimaxAI) Turn ---
2026-04-17 17:12:19,986 - INFO - engine.game_state - Dice: 12
2026-04-17 17:12:19,989 - INFO - engine.game_state - Move: Academic Building
2026-04-17 17:12:20,070 - INFO - engine.game_state - Suggestion: Suggestion(Suspect=Hashem Sir, Weapon=Anti Cutter, Location=Academic Building)
2026-04-17 17:12:20,070 - INFO - engine.game_state - No one could disprove
2026-04-17 17:12:20,071 - INFO - engine.game_state - Accusation Decision: False
2026-04-17 17:12:20,071 - INFO - engine.game_state - --- AI Player 3 (NegamaxAI) Turn ---
2026-04-17 17:12:20,071 - INFO - engine.game_state - Dice: 11
2026-04-17 17:12:20,078 - INFO - engine.game_state - Move: Academic Building
2026-04-17 17:12:20,156 - INFO - engine.game_state - Suggestion: Suggestion(Suspect=Hashem Sir, Weapon=Anti Cutter, Location=Academic Building)
2026-04-17 17:12:20,156 - INFO - engine.game_state - AI Player 2 revealed a card
2026-04-17 17:12:20,157 - INFO - engine.game_state - Accusation Decision: False
2026-04-17 17:12:20,157 - INFO - engine.game_state - --- AI Player 2 (ExpectiminimaxAI) Turn ---
2026-04-17 17:12:20,157 - INFO - engine.game_state - Dice: 7
2026-04-17 17:12:20,163 - INFO - engine.game_state - Move: Cafeteria
2026-04-17 17:12:20,214 - INFO - engine.game_state - Suggestion: Suggestion(Suspect=Hashem Sir, Weapon=Anti Cutter, Location=Cafeteria)
2026-04-17 17:12:20,214 - INFO - engine.game_state - AI Player 1 revealed a card
2026-04-17 17:12:20,214 - INFO - engine.game_state - Accusation Decision: False
2026-04-17 17:12:20,215 - INFO - engine.game_state - --- AI Player 3 (NegamaxAI) Turn ---
2026-04-17 17:12:20,215 - INFO - engine.game_state - Dice: 7
2026-04-17 17:12:20,227 - INFO - engine.game_state - Move: Library
2026-04-17 17:12:20,305 - INFO - engine.game_state - Suggestion: Suggestion(Suspect=Hashem Sir, Weapon=Anti Cutter, Location=Library)
2026-04-17 17:12:20,306 - INFO - engine.game_state - AI Player 2 revealed a card
2026-04-17 17:12:20,306 - INFO - engine.game_state - Accusation Decision: False
2026-04-17 17:12:20,306 - INFO - engine.game_state - --- AI Player 2 (ExpectiminimaxAI) Turn ---
2026-04-17 17:12:20,306 - INFO - engine.game_state - Dice: 5
2026-04-17 17:12:20,310 - INFO - engine.game_state - Move: Academic Building
2026-04-17 17:12:20,390 - INFO - engine.game_state - Suggestion: Suggestion(Suspect=Hashem Sir, Weapon=Anti Cutter, Location=Academic Building)
2026-04-17 17:12:20,391 - INFO - engine.game_state - No one could disprove
2026-04-17 17:12:20,391 - INFO - engine.game_state - Accusation Decision: False
2026-04-17 17:12:20,391 - INFO - engine.game_state - --- AI Player 3 (NegamaxAI) Turn ---
2026-04-17 17:12:20,392 - INFO - engine.game_state - Dice: 10
2026-04-17 17:12:20,398 - INFO - engine.game_state - Move: Academic Building
2026-04-17 17:12:20,478 - INFO - engine.game_state - Suggestion: Suggestion(Suspect=Hashem Sir, Weapon=Anti Cutter, Location=Academic Building)
2026-04-17 17:12:20,478 - INFO - engine.game_state - AI Player 2 revealed a card
2026-04-17 17:12:20,478 - INFO - engine.game_state - Accusation Decision: False
2026-04-17 17:12:20,478 - INFO - engine.game_state - --- AI Player 2 (ExpectiminimaxAI) Turn ---
2026-04-17 17:12:20,478 - INFO - engine.game_state - Dice: 5
2026-04-17 17:12:20,484 - INFO - engine.game_state - Move: VC Room
2026-04-17 17:12:20,554 - INFO - engine.game_state - Suggestion: Suggestion(Suspect=Hashem Sir, Weapon=Anti Cutter, Location=VC Room)
2026-04-17 17:12:20,554 - INFO - engine.game_state - AI Player 3 revealed a card
2026-04-17 17:12:20,555 - INFO - engine.game_state - Accusation Decision: False
2026-04-17 17:12:20,555 - INFO - engine.game_state - --- AI Player 3 (NegamaxAI) Turn ---
2026-04-17 17:12:20,555 - INFO - engine.game_state - Dice: 9
2026-04-17 17:12:20,563 - INFO - engine.game_state - Move: Library
2026-04-17 17:12:20,639 - INFO - engine.game_state - Suggestion: Suggestion(Suspect=Hashem Sir, Weapon=Anti Cutter, Location=Library)
2026-04-17 17:12:20,639 - INFO - engine.game_state - AI Player 2 revealed a card
2026-04-17 17:12:20,640 - INFO - engine.game_state - Accusation Decision: False
2026-04-17 17:12:20,640 - INFO - engine.game_state - --- AI Player 2 (ExpectiminimaxAI) Turn ---
2026-04-17 17:12:20,640 - INFO - engine.game_state - Dice: 9
2026-04-17 17:12:20,646 - INFO - engine.game_state - Move: Academic Building
2026-04-17 17:12:20,732 - INFO - engine.game_state - Suggestion: Suggestion(Suspect=Hashem Sir, Weapon=Anti Cutter, Location=Academic Building)
2026-04-17 17:12:20,732 - INFO - engine.game_state - No one could disprove
2026-04-17 17:12:20,732 - INFO - engine.game_state - Accusation Decision: False
2026-04-17 17:12:20,733 - INFO - engine.game_state - --- AI Player 3 (NegamaxAI) Turn ---
2026-04-17 17:12:20,733 - INFO - engine.game_state - Dice: 9
2026-04-17 17:12:20,739 - INFO - engine.game_state - Move: Academic Building
2026-04-17 17:12:20,818 - INFO - engine.game_state - Suggestion: Suggestion(Suspect=Hashem Sir, Weapon=Anti Cutter, Location=Academic Building)
2026-04-17 17:12:20,819 - INFO - engine.game_state - AI Player 2 revealed a card
2026-04-17 17:12:20,819 - INFO - engine.game_state - Accusation Decision: False
2026-04-17 17:12:20,819 - INFO - engine.game_state - --- AI Player 2 (ExpectiminimaxAI) Turn ---
2026-04-17 17:12:20,819 - INFO - engine.game_state - Dice: 7
2026-04-17 17:12:20,826 - INFO - engine.game_state - Move: Library
2026-04-17 17:12:20,895 - INFO - engine.game_state - Suggestion: Suggestion(Suspect=Hashem Sir, Weapon=Anti Cutter, Location=Library)
2026-04-17 17:12:20,895 - INFO - engine.game_state - AI Player 3 revealed a card
2026-04-17 17:12:20,896 - INFO - engine.game_state - Accusation Decision: False
2026-04-17 17:12:20,896 - INFO - engine.game_state - --- AI Player 3 (NegamaxAI) Turn ---
2026-04-17 17:12:20,896 - INFO - engine.game_state - Dice: 7
2026-04-17 17:12:20,903 - INFO - engine.game_state - Move: Library
2026-04-17 17:12:20,978 - INFO - engine.game_state - Suggestion: Suggestion(Suspect=Hashem Sir, Weapon=Anti Cutter, Location=Library)
2026-04-17 17:12:20,978 - INFO - engine.game_state - AI Player 2 revealed a card
2026-04-17 17:12:20,978 - INFO - engine.game_state - Accusation Decision: False
2026-04-17 17:12:20,978 - INFO - engine.game_state - --- AI Player 2 (ExpectiminimaxAI) Turn ---
2026-04-17 17:12:20,979 - INFO - engine.game_state - Dice: 11
2026-04-17 17:12:20,983 - INFO - engine.game_state - Move: Academic Building
2026-04-17 17:12:21,065 - INFO - engine.game_state - Suggestion: Suggestion(Suspect=Hashem Sir, Weapon=Anti Cutter, Location=Academic Building)
2026-04-17 17:12:21,065 - INFO - engine.game_state - No one could disprove
2026-04-17 17:12:21,066 - INFO - engine.game_state - Accusation Decision: False
2026-04-17 17:12:21,066 - INFO - engine.game_state - --- AI Player 3 (NegamaxAI) Turn ---
2026-04-17 17:12:21,066 - INFO - engine.game_state - Dice: 8
2026-04-17 17:12:21,072 - INFO - engine.game_state - Move: Academic Building
2026-04-17 17:12:21,153 - INFO - engine.game_state - Suggestion: Suggestion(Suspect=Hashem Sir, Weapon=Anti Cutter, Location=Academic Building)
2026-04-17 17:12:21,153 - INFO - engine.game_state - AI Player 2 revealed a card
2026-04-17 17:12:21,153 - INFO - engine.game_state - Accusation Decision: False
2026-04-17 17:12:21,153 - INFO - engine.game_state - --- AI Player 2 (ExpectiminimaxAI) Turn ---
2026-04-17 17:12:21,153 - INFO - engine.game_state - Dice: 6
2026-04-17 17:12:21,160 - INFO - engine.game_state - Move: Library
2026-04-17 17:12:21,224 - INFO - engine.game_state - Suggestion: Suggestion(Suspect=Hashem Sir, Weapon=Anti Cutter, Location=Library)
2026-04-17 17:12:21,225 - INFO - engine.game_state - AI Player 3 revealed a card
2026-04-17 17:12:21,225 - INFO - engine.game_state - Accusation Decision: False
2026-04-17 17:12:21,225 - INFO - engine.game_state - --- AI Player 3 (NegamaxAI) Turn ---
2026-04-17 17:12:21,225 - INFO - engine.game_state - Dice: 12
2026-04-17 17:12:21,233 - INFO - engine.game_state - Move: Library
2026-04-17 17:12:21,307 - INFO - engine.game_state - Suggestion: Suggestion(Suspect=Hashem Sir, Weapon=Anti Cutter, Location=Library)
2026-04-17 17:12:21,308 - INFO - engine.game_state - AI Player 2 revealed a card
2026-04-17 17:12:21,308 - INFO - engine.game_state - Accusation Decision: False
2026-04-17 17:12:21,308 - INFO - engine.game_state - --- AI Player 2 (ExpectiminimaxAI) Turn ---
2026-04-17 17:12:21,309 - INFO - engine.game_state - Dice: 10
2026-04-17 17:12:21,314 - INFO - engine.game_state - Move: Academic Building
2026-04-17 17:12:21,394 - INFO - engine.game_state - Suggestion: Suggestion(Suspect=Hashem Sir, Weapon=Anti Cutter, Location=Academic Building)
2026-04-17 17:12:21,394 - INFO - engine.game_state - No one could disprove
2026-04-17 17:12:21,395 - INFO - engine.game_state - Accusation Decision: False
2026-04-17 17:12:21,395 - INFO - engine.game_state - --- AI Player 3 (NegamaxAI) Turn ---
2026-04-17 17:12:21,395 - INFO - engine.game_state - Dice: 11
2026-04-17 17:12:21,401 - INFO - engine.game_state - Move: Academic Building
2026-04-17 17:12:21,485 - INFO - engine.game_state - Suggestion: Suggestion(Suspect=Hashem Sir, Weapon=Anti Cutter, Location=Academic Building)
2026-04-17 17:12:21,485 - INFO - engine.game_state - AI Player 2 revealed a card
2026-04-17 17:12:21,486 - INFO - engine.game_state - Accusation Decision: False
2026-04-17 17:12:21,486 - INFO - engine.game_state - --- AI Player 2 (ExpectiminimaxAI) Turn ---
2026-04-17 17:12:21,486 - INFO - engine.game_state - Dice: 9
2026-04-17 17:12:21,493 - INFO - engine.game_state - Move: Library
2026-04-17 17:12:21,562 - INFO - engine.game_state - Suggestion: Suggestion(Suspect=Hashem Sir, Weapon=Anti Cutter, Location=Library)
2026-04-17 17:12:21,562 - INFO - engine.game_state - AI Player 3 revealed a card
2026-04-17 17:12:21,563 - INFO - engine.game_state - Accusation Decision: False
2026-04-17 17:12:21,563 - INFO - engine.game_state - --- AI Player 3 (NegamaxAI) Turn ---
2026-04-17 17:12:21,563 - INFO - engine.game_state - Dice: 11
2026-04-17 17:12:21,570 - INFO - engine.game_state - Move: Library
2026-04-17 17:12:21,641 - INFO - engine.game_state - Suggestion: Suggestion(Suspect=Hashem Sir, Weapon=Anti Cutter, Location=Library)
2026-04-17 17:12:21,641 - INFO - engine.game_state - AI Player 2 revealed a card
2026-04-17 17:12:21,641 - INFO - engine.game_state - Accusation Decision: False
2026-04-17 17:12:21,642 - INFO - engine.game_state - --- AI Player 2 (ExpectiminimaxAI) Turn ---
2026-04-17 17:12:21,642 - INFO - engine.game_state - Dice: 8
2026-04-17 17:12:21,647 - INFO - engine.game_state - Move: Academic Building
2026-04-17 17:12:21,731 - INFO - engine.game_state - Suggestion: Suggestion(Suspect=Hashem Sir, Weapon=Anti Cutter, Location=Academic Building)
2026-04-17 17:12:21,732 - INFO - engine.game_state - No one could disprove
2026-04-17 17:12:21,732 - INFO - engine.game_state - Accusation Decision: False
2026-04-17 17:12:21,732 - INFO - engine.game_state - --- AI Player 3 (NegamaxAI) Turn ---
2026-04-17 17:12:21,732 - INFO - engine.game_state - Dice: 5
2026-04-17 17:12:21,740 - INFO - engine.game_state - Move: Academic Building
2026-04-17 17:12:21,820 - INFO - engine.game_state - Suggestion: Suggestion(Suspect=Hashem Sir, Weapon=Anti Cutter, Location=Academic Building)
2026-04-17 17:12:21,820 - INFO - engine.game_state - AI Player 2 revealed a card
2026-04-17 17:12:21,820 - INFO - engine.game_state - Accusation Decision: False
2026-04-17 17:12:21,820 - INFO - engine.game_state - --- AI Player 2 (ExpectiminimaxAI) Turn ---
2026-04-17 17:12:21,821 - INFO - engine.game_state - Dice: 2
2026-04-17 17:12:21,823 - INFO - engine.game_state - Move: VC Room
2026-04-17 17:12:21,890 - INFO - engine.game_state - Suggestion: Suggestion(Suspect=Hashem Sir, Weapon=Anti Cutter, Location=VC Room)
2026-04-17 17:12:21,890 - INFO - engine.game_state - AI Player 3 revealed a card
2026-04-17 17:12:21,891 - INFO - engine.game_state - Accusation Decision: False
2026-04-17 17:12:21,891 - INFO - engine.game_state - --- AI Player 3 (NegamaxAI) Turn ---
2026-04-17 17:12:21,891 - INFO - engine.game_state - Dice: 11
2026-04-17 17:12:21,898 - INFO - engine.game_state - Move: Library
2026-04-17 17:12:21,981 - INFO - engine.game_state - Suggestion: Suggestion(Suspect=Hashem Sir, Weapon=Anti Cutter, Location=Library)
2026-04-17 17:12:21,981 - INFO - engine.game_state - AI Player 2 revealed a card
2026-04-17 17:12:21,981 - INFO - engine.game_state - Accusation Decision: False
2026-04-17 17:12:21,982 - INFO - engine.game_state - --- AI Player 2 (ExpectiminimaxAI) Turn ---
2026-04-17 17:12:21,982 - INFO - engine.game_state - Dice: 9
2026-04-17 17:12:21,988 - INFO - engine.game_state - Move: Academic Building
2026-04-17 17:12:22,095 - INFO - engine.game_state - Suggestion: Suggestion(Suspect=Hashem Sir, Weapon=Anti Cutter, Location=Academic Building)
2026-04-17 17:12:22,096 - INFO - engine.game_state - No one could disprove
2026-04-17 17:12:22,096 - INFO - engine.game_state - Accusation Decision: False
2026-04-17 17:12:22,096 - INFO - engine.game_state - --- AI Player 3 (NegamaxAI) Turn ---
2026-04-17 17:12:22,097 - INFO - engine.game_state - Dice: 5
2026-04-17 17:12:22,105 - INFO - engine.game_state - Move: Academic Building
2026-04-17 17:12:22,204 - INFO - engine.game_state - Suggestion: Suggestion(Suspect=Hashem Sir, Weapon=Anti Cutter, Location=Academic Building)
2026-04-17 17:12:22,204 - INFO - engine.game_state - AI Player 2 revealed a card
2026-04-17 17:12:22,205 - INFO - engine.game_state - Accusation Decision: False
2026-04-17 17:12:22,205 - INFO - engine.game_state - --- AI Player 2 (ExpectiminimaxAI) Turn ---
2026-04-17 17:12:22,205 - INFO - engine.game_state - Dice: 10
2026-04-17 17:12:22,213 - INFO - engine.game_state - Move: Library
2026-04-17 17:12:22,296 - INFO - engine.game_state - Suggestion: Suggestion(Suspect=Hashem Sir, Weapon=Anti Cutter, Location=Library)
2026-04-17 17:12:22,296 - INFO - engine.game_state - AI Player 3 revealed a card
2026-04-17 17:12:22,297 - INFO - engine.game_state - Accusation Decision: False
2026-04-17 17:12:22,297 - INFO - engine.game_state - --- AI Player 3 (NegamaxAI) Turn ---
2026-04-17 17:12:22,297 - INFO - engine.game_state - Dice: 9
2026-04-17 17:12:22,306 - INFO - engine.game_state - Move: Library
2026-04-17 17:12:22,392 - INFO - engine.game_state - Suggestion: Suggestion(Suspect=Hashem Sir, Weapon=Anti Cutter, Location=Library)
2026-04-17 17:12:22,393 - INFO - engine.game_state - AI Player 2 revealed a card
2026-04-17 17:12:22,393 - INFO - engine.game_state - Accusation Decision: False
2026-04-17 17:12:22,393 - INFO - engine.game_state - --- AI Player 2 (ExpectiminimaxAI) Turn ---
2026-04-17 17:12:22,393 - INFO - engine.game_state - Dice: 11
2026-04-17 17:12:22,399 - INFO - engine.game_state - Move: Academic Building
2026-04-17 17:12:22,515 - INFO - engine.game_state - Suggestion: Suggestion(Suspect=Hashem Sir, Weapon=Anti Cutter, Location=Academic Building)
2026-04-17 17:12:22,516 - INFO - engine.game_state - No one could disprove
2026-04-17 17:12:22,516 - INFO - engine.game_state - Accusation Decision: False
2026-04-17 17:12:22,516 - INFO - engine.game_state - --- AI Player 3 (NegamaxAI) Turn ---
2026-04-17 17:12:22,517 - INFO - engine.game_state - Dice: 4
2026-04-17 17:12:22,528 - INFO - engine.game_state - Move: Academic Building
2026-04-17 17:12:22,627 - INFO - engine.game_state - Suggestion: Suggestion(Suspect=Hashem Sir, Weapon=Anti Cutter, Location=Academic Building)
2026-04-17 17:12:22,627 - INFO - engine.game_state - AI Player 2 revealed a card
2026-04-17 17:12:22,628 - INFO - engine.game_state - Accusation Decision: False
2026-04-17 17:12:22,628 - INFO - engine.game_state - --- AI Player 2 (ExpectiminimaxAI) Turn ---
2026-04-17 17:12:22,628 - INFO - engine.game_state - Dice: 5
2026-04-17 17:12:22,637 - INFO - engine.game_state - Move: Library
2026-04-17 17:12:22,717 - INFO - engine.game_state - Suggestion: Suggestion(Suspect=Hashem Sir, Weapon=Anti Cutter, Location=Library)
2026-04-17 17:12:22,718 - INFO - engine.game_state - AI Player 3 revealed a card
2026-04-17 17:12:22,718 - INFO - engine.game_state - Accusation Decision: False
2026-04-17 17:12:22,718 - INFO - engine.game_state - --- AI Player 3 (NegamaxAI) Turn ---
2026-04-17 17:12:22,718 - INFO - engine.game_state - Dice: 12
2026-04-17 17:12:22,728 - INFO - engine.game_state - Move: Library
2026-04-17 17:12:22,815 - INFO - engine.game_state - Suggestion: Suggestion(Suspect=Hashem Sir, Weapon=Anti Cutter, Location=Library)
2026-04-17 17:12:22,815 - INFO - engine.game_state - AI Player 2 revealed a card
2026-04-17 17:12:22,815 - INFO - engine.game_state - Accusation Decision: False
2026-04-17 17:12:22,815 - INFO - engine.game_state - --- AI Player 2 (ExpectiminimaxAI) Turn ---
2026-04-17 17:12:22,816 - INFO - engine.game_state - Dice: 6
2026-04-17 17:12:22,822 - INFO - engine.game_state - Move: Academic Building
2026-04-17 17:12:22,940 - INFO - engine.game_state - Suggestion: Suggestion(Suspect=Hashem Sir, Weapon=Anti Cutter, Location=Academic Building)
2026-04-17 17:12:22,941 - INFO - engine.game_state - No one could disprove
2026-04-17 17:12:22,941 - INFO - engine.game_state - Accusation Decision: False
2026-04-17 17:12:22,941 - INFO - engine.game_state - --- AI Player 3 (NegamaxAI) Turn ---
2026-04-17 17:12:22,941 - INFO - engine.game_state - Dice: 10
2026-04-17 17:12:22,948 - INFO - engine.game_state - Move: Academic Building
2026-04-17 17:12:23,059 - INFO - engine.game_state - Suggestion: Suggestion(Suspect=Hashem Sir, Weapon=Anti Cutter, Location=Academic Building)
2026-04-17 17:12:23,059 - INFO - engine.game_state - AI Player 2 revealed a card
2026-04-17 17:12:23,059 - INFO - engine.game_state - Accusation Decision: False
2026-04-17 17:12:23,059 - INFO - engine.game_state - --- AI Player 2 (ExpectiminimaxAI) Turn ---
2026-04-17 17:12:23,060 - INFO - engine.game_state - Dice: 7
2026-04-17 17:12:23,067 - INFO - engine.game_state - Move: Library
2026-04-17 17:12:23,152 - INFO - engine.game_state - Suggestion: Suggestion(Suspect=Hashem Sir, Weapon=Anti Cutter, Location=Library)
2026-04-17 17:12:23,152 - INFO - engine.game_state - AI Player 3 revealed a card
2026-04-17 17:12:23,152 - INFO - engine.game_state - Accusation Decision: False
2026-04-17 17:12:23,153 - INFO - engine.game_state - --- AI Player 3 (NegamaxAI) Turn ---
2026-04-17 17:12:23,153 - INFO - engine.game_state - Dice: 7
2026-04-17 17:12:23,162 - INFO - engine.game_state - Move: Library
2026-04-17 17:12:23,248 - INFO - engine.game_state - Suggestion: Suggestion(Suspect=Hashem Sir, Weapon=Anti Cutter, Location=Library)
2026-04-17 17:12:23,249 - INFO - engine.game_state - AI Player 2 revealed a card
2026-04-17 17:12:23,249 - INFO - engine.game_state - Accusation Decision: False
2026-04-17 17:12:23,249 - INFO - engine.game_state - --- AI Player 2 (ExpectiminimaxAI) Turn ---
2026-04-17 17:12:23,250 - INFO - engine.game_state - Dice: 8
2026-04-17 17:12:23,256 - INFO - engine.game_state - Move: Academic Building
2026-04-17 17:12:23,368 - INFO - engine.game_state - Suggestion: Suggestion(Suspect=Hashem Sir, Weapon=Anti Cutter, Location=Academic Building)
2026-04-17 17:12:23,368 - INFO - engine.game_state - No one could disprove
2026-04-17 17:12:23,368 - INFO - engine.game_state - Accusation Decision: False
2026-04-17 17:12:23,369 - INFO - engine.game_state - --- AI Player 3 (NegamaxAI) Turn ---
2026-04-17 17:12:23,369 - INFO - engine.game_state - Dice: 6
2026-04-17 17:12:23,380 - INFO - engine.game_state - Move: Academic Building
2026-04-17 17:12:23,477 - INFO - engine.game_state - Suggestion: Suggestion(Suspect=Hashem Sir, Weapon=Anti Cutter, Location=Academic Building)
2026-04-17 17:12:23,477 - INFO - engine.game_state - AI Player 2 revealed a card
2026-04-17 17:12:23,477 - INFO - engine.game_state - Accusation Decision: False
2026-04-17 17:12:23,477 - INFO - engine.game_state - --- AI Player 2 (ExpectiminimaxAI) Turn ---
2026-04-17 17:12:23,478 - INFO - engine.game_state - Dice: 2
2026-04-17 17:12:23,480 - INFO - engine.game_state - Move: VC Room
2026-04-17 17:12:23,556 - INFO - engine.game_state - Suggestion: Suggestion(Suspect=Hashem Sir, Weapon=Anti Cutter, Location=VC Room)
2026-04-17 17:12:23,557 - INFO - engine.game_state - AI Player 3 revealed a card
2026-04-17 17:12:23,557 - INFO - engine.game_state - Accusation Decision: False
2026-04-17 17:12:23,557 - INFO - engine.game_state - --- AI Player 3 (NegamaxAI) Turn ---
2026-04-17 17:12:23,558 - INFO - engine.game_state - Dice: 9
2026-04-17 17:12:23,566 - INFO - engine.game_state - Move: Library
2026-04-17 17:12:23,675 - INFO - engine.game_state - Suggestion: Suggestion(Suspect=Hashem Sir, Weapon=Anti Cutter, Location=Library)
2026-04-17 17:12:23,675 - INFO - engine.game_state - AI Player 2 revealed a card
2026-04-17 17:12:23,676 - INFO - engine.game_state - Accusation Decision: False
2026-04-17 17:12:23,676 - INFO - engine.game_state - --- AI Player 2 (ExpectiminimaxAI) Turn ---
2026-04-17 17:12:23,676 - INFO - engine.game_state - Dice: 7
2026-04-17 17:12:23,683 - INFO - engine.game_state - Move: Academic Building
2026-04-17 17:12:23,808 - INFO - engine.game_state - Suggestion: Suggestion(Suspect=Hashem Sir, Weapon=Anti Cutter, Location=Academic Building)
2026-04-17 17:12:23,809 - INFO - engine.game_state - No one could disprove
2026-04-17 17:12:23,809 - INFO - engine.game_state - Accusation Decision: False
2026-04-17 17:12:23,809 - INFO - engine.game_state - --- AI Player 3 (NegamaxAI) Turn ---
2026-04-17 17:12:23,809 - INFO - engine.game_state - Dice: 3
2026-04-17 17:12:23,814 - INFO - engine.game_state - Move: VC Room
2026-04-17 17:12:23,908 - INFO - engine.game_state - Suggestion: Suggestion(Suspect=Hashem Sir, Weapon=Anti Cutter, Location=VC Room)
2026-04-17 17:12:23,908 - INFO - engine.game_state - AI Player 2 revealed a card
2026-04-17 17:12:23,908 - INFO - engine.game_state - Accusation Decision: False
2026-04-17 17:12:23,909 - INFO - engine.game_state - --- AI Player 2 (ExpectiminimaxAI) Turn ---
2026-04-17 17:12:23,909 - INFO - engine.game_state - Dice: 8
2026-04-17 17:12:23,922 - INFO - engine.game_state - Move: Library
2026-04-17 17:12:24,015 - INFO - engine.game_state - Suggestion: Suggestion(Suspect=Hashem Sir, Weapon=Anti Cutter, Location=Library)
2026-04-17 17:12:24,016 - INFO - engine.game_state - AI Player 3 revealed a card
2026-04-17 17:12:24,016 - INFO - engine.game_state - Accusation Decision: False
2026-04-17 17:12:24,016 - INFO - engine.game_state - --- AI Player 3 (NegamaxAI) Turn ---
2026-04-17 17:12:24,016 - INFO - engine.game_state - Dice: 3
2026-04-17 17:12:24,024 - INFO - engine.game_state - Move: Library
2026-04-17 17:12:24,088 - INFO - engine.game_state - Suggestion: Suggestion(Suspect=Hashem Sir, Weapon=Anti Cutter, Location=Library)
2026-04-17 17:12:24,088 - INFO - engine.game_state - AI Player 2 revealed a card
2026-04-17 17:12:24,089 - INFO - engine.game_state - Accusation Decision: False
2026-04-17 17:12:24,089 - INFO - engine.game_state - --- AI Player 2 (ExpectiminimaxAI) Turn ---
2026-04-17 17:12:24,089 - INFO - engine.game_state - Dice: 11
2026-04-17 17:12:24,096 - INFO - engine.game_state - Move: Academic Building
2026-04-17 17:12:24,218 - INFO - engine.game_state - Suggestion: Suggestion(Suspect=Hashem Sir, Weapon=Anti Cutter, Location=Academic Building)
2026-04-17 17:12:24,218 - INFO - engine.game_state - No one could disprove
2026-04-17 17:12:24,219 - INFO - engine.game_state - Accusation Decision: False
2026-04-17 17:12:24,219 - INFO - engine.game_state - --- AI Player 3 (NegamaxAI) Turn ---
2026-04-17 17:12:24,219 - INFO - engine.game_state - Dice: 9
2026-04-17 17:12:24,231 - INFO - engine.game_state - Move: Academic Building
2026-04-17 17:12:24,332 - INFO - engine.game_state - Suggestion: Suggestion(Suspect=Hashem Sir, Weapon=Anti Cutter, Location=Academic Building)
2026-04-17 17:12:24,332 - INFO - engine.game_state - AI Player 2 revealed a card
2026-04-17 17:12:24,332 - INFO - engine.game_state - Accusation Decision: False
2026-04-17 17:12:24,332 - INFO - engine.game_state - --- AI Player 2 (ExpectiminimaxAI) Turn ---
2026-04-17 17:12:24,333 - INFO - engine.game_state - Dice: 7
2026-04-17 17:12:24,341 - INFO - engine.game_state - Move: Library
2026-04-17 17:12:24,433 - INFO - engine.game_state - Suggestion: Suggestion(Suspect=Hashem Sir, Weapon=Anti Cutter, Location=Library)
2026-04-17 17:12:24,433 - INFO - engine.game_state - AI Player 3 revealed a card
2026-04-17 17:12:24,433 - INFO - engine.game_state - Accusation Decision: False
2026-04-17 17:12:24,434 - INFO - engine.game_state - --- AI Player 3 (NegamaxAI) Turn ---
2026-04-17 17:12:24,434 - INFO - engine.game_state - Dice: 7
2026-04-17 17:12:24,444 - INFO - engine.game_state - Move: Library
2026-04-17 17:12:24,546 - INFO - engine.game_state - Suggestion: Suggestion(Suspect=Hashem Sir, Weapon=Anti Cutter, Location=Library)
2026-04-17 17:12:24,546 - INFO - engine.game_state - AI Player 2 revealed a card
2026-04-17 17:12:24,546 - INFO - engine.game_state - Accusation Decision: False
2026-04-17 17:12:24,546 - INFO - engine.game_state - --- AI Player 2 (ExpectiminimaxAI) Turn ---
2026-04-17 17:12:24,547 - INFO - engine.game_state - Dice: 5
2026-04-17 17:12:24,552 - INFO - engine.game_state - Move: Academic Building
2026-04-17 17:12:24,657 - INFO - engine.game_state - Suggestion: Suggestion(Suspect=Hashem Sir, Weapon=Anti Cutter, Location=Academic Building)
2026-04-17 17:12:24,657 - INFO - engine.game_state - No one could disprove
2026-04-17 17:12:24,657 - INFO - engine.game_state - Accusation Decision: False
2026-04-17 17:12:24,658 - INFO - engine.game_state - --- AI Player 3 (NegamaxAI) Turn ---
2026-04-17 17:12:24,658 - INFO - engine.game_state - Dice: 8
2026-04-17 17:12:24,667 - INFO - engine.game_state - Move: Academic Building
2026-04-17 17:12:24,777 - INFO - engine.game_state - Suggestion: Suggestion(Suspect=Hashem Sir, Weapon=Anti Cutter, Location=Academic Building)
2026-04-17 17:12:24,778 - INFO - engine.game_state - AI Player 2 revealed a card
2026-04-17 17:12:24,778 - INFO - engine.game_state - Accusation Decision: False
2026-04-17 17:12:24,778 - INFO - engine.game_state - --- AI Player 2 (ExpectiminimaxAI) Turn ---
2026-04-17 17:12:24,778 - INFO - engine.game_state - Dice: 8
2026-04-17 17:12:24,785 - INFO - engine.game_state - Move: Library
2026-04-17 17:12:24,868 - INFO - engine.game_state - Suggestion: Suggestion(Suspect=Hashem Sir, Weapon=Anti Cutter, Location=Library)
2026-04-17 17:12:24,868 - INFO - engine.game_state - AI Player 3 revealed a card
2026-04-17 17:12:24,869 - INFO - engine.game_state - Accusation Decision: False
2026-04-17 17:12:24,869 - INFO - engine.game_state - --- AI Player 3 (NegamaxAI) Turn ---
2026-04-17 17:12:24,869 - INFO - engine.game_state - Dice: 6
2026-04-17 17:12:24,877 - INFO - engine.game_state - Move: Library
2026-04-17 17:12:24,997 - INFO - engine.game_state - Suggestion: Suggestion(Suspect=Hashem Sir, Weapon=Anti Cutter, Location=Library)
2026-04-17 17:12:24,997 - INFO - engine.game_state - AI Player 2 revealed a card
2026-04-17 17:12:24,997 - INFO - engine.game_state - Accusation Decision: False
2026-04-17 17:12:24,997 - INFO - engine.game_state - --- AI Player 2 (ExpectiminimaxAI) Turn ---
2026-04-17 17:12:24,998 - INFO - engine.game_state - Dice: 5
2026-04-17 17:12:25,004 - INFO - engine.game_state - Move: Academic Building
2026-04-17 17:12:25,149 - INFO - engine.game_state - Suggestion: Suggestion(Suspect=Hashem Sir, Weapon=Anti Cutter, Location=Academic Building)
2026-04-17 17:12:25,149 - INFO - engine.game_state - No one could disprove
2026-04-17 17:12:25,149 - INFO - engine.game_state - Accusation Decision: False
2026-04-17 17:12:25,150 - INFO - engine.game_state - --- AI Player 3 (NegamaxAI) Turn ---
2026-04-17 17:12:25,150 - INFO - engine.game_state - Dice: 5
2026-04-17 17:12:25,158 - INFO - engine.game_state - Move: Academic Building
2026-04-17 17:12:25,278 - INFO - engine.game_state - Suggestion: Suggestion(Suspect=Hashem Sir, Weapon=Anti Cutter, Location=Academic Building)
2026-04-17 17:12:25,279 - INFO - engine.game_state - AI Player 2 revealed a card
2026-04-17 17:12:25,279 - INFO - engine.game_state - Accusation Decision: False
2026-04-17 17:12:25,279 - INFO - engine.game_state - --- AI Player 2 (ExpectiminimaxAI) Turn ---
2026-04-17 17:12:25,279 - INFO - engine.game_state - Dice: 4
2026-04-17 17:12:25,288 - INFO - engine.game_state - Move: Library
2026-04-17 17:12:25,361 - INFO - engine.game_state - Suggestion: Suggestion(Suspect=Hashem Sir, Weapon=Anti Cutter, Location=Library)
2026-04-17 17:12:25,361 - INFO - engine.game_state - AI Player 3 revealed a card
2026-04-17 17:12:25,362 - INFO - engine.game_state - Accusation Decision: False
2026-04-17 17:12:25,362 - INFO - engine.game_state - --- AI Player 3 (NegamaxAI) Turn ---
2026-04-17 17:12:25,362 - INFO - engine.game_state - Dice: 2
2026-04-17 17:12:25,364 - INFO - engine.game_state - Move: VC Room
2026-04-17 17:12:25,457 - INFO - engine.game_state - Suggestion: Suggestion(Suspect=Hashem Sir, Weapon=Anti Cutter, Location=VC Room)
2026-04-17 17:12:25,457 - INFO - engine.game_state - AI Player 2 revealed a card
2026-04-17 17:12:25,457 - INFO - engine.game_state - Accusation Decision: False
2026-04-17 17:12:25,458 - INFO - engine.game_state - --- AI Player 2 (ExpectiminimaxAI) Turn ---
2026-04-17 17:12:25,458 - INFO - engine.game_state - Dice: 9
2026-04-17 17:12:25,463 - INFO - engine.game_state - Move: Academic Building
2026-04-17 17:12:25,569 - INFO - engine.game_state - Suggestion: Suggestion(Suspect=Hashem Sir, Weapon=Anti Cutter, Location=Academic Building)
2026-04-17 17:12:25,569 - INFO - engine.game_state - No one could disprove
2026-04-17 17:12:25,569 - INFO - engine.game_state - Accusation Decision: False
2026-04-17 17:12:25,569 - INFO - engine.game_state - --- AI Player 3 (NegamaxAI) Turn ---
2026-04-17 17:12:25,569 - INFO - engine.game_state - Dice: 7
2026-04-17 17:12:25,577 - INFO - engine.game_state - Move: Library
2026-04-17 17:12:25,677 - INFO - engine.game_state - Suggestion: Suggestion(Suspect=Hashem Sir, Weapon=Anti Cutter, Location=Library)
2026-04-17 17:12:25,677 - INFO - engine.game_state - AI Player 2 revealed a card
2026-04-17 17:12:25,678 - INFO - engine.game_state - Accusation Decision: False
2026-04-17 17:12:25,678 - INFO - engine.game_state - --- AI Player 2 (ExpectiminimaxAI) Turn ---
2026-04-17 17:12:25,678 - INFO - engine.game_state - Dice: 5
2026-04-17 17:12:25,685 - INFO - engine.game_state - Move: Library
2026-04-17 17:12:25,772 - INFO - engine.game_state - Suggestion: Suggestion(Suspect=Hashem Sir, Weapon=Anti Cutter, Location=Library)
2026-04-17 17:12:25,773 - INFO - engine.game_state - AI Player 3 revealed a card
2026-04-17 17:12:25,773 - INFO - engine.game_state - Accusation Decision: False
2026-04-17 17:12:25,773 - INFO - engine.game_state - --- AI Player 3 (NegamaxAI) Turn ---
2026-04-17 17:12:25,773 - INFO - engine.game_state - Dice: 10
2026-04-17 17:12:25,781 - INFO - engine.game_state - Move: Academic Building
2026-04-17 17:12:25,880 - INFO - engine.game_state - Suggestion: Suggestion(Suspect=Hashem Sir, Weapon=Anti Cutter, Location=Academic Building)
2026-04-17 17:12:25,881 - INFO - engine.game_state - AI Player 2 revealed a card
2026-04-17 17:12:25,881 - INFO - engine.game_state - Accusation Decision: False
2026-04-17 17:12:25,881 - INFO - engine.game_state - --- AI Player 2 (ExpectiminimaxAI) Turn ---
2026-04-17 17:12:25,882 - INFO - engine.game_state - Dice: 7
2026-04-17 17:12:25,891 - INFO - engine.game_state - Move: Academic Building
2026-04-17 17:12:26,019 - INFO - engine.game_state - Suggestion: Suggestion(Suspect=Hashem Sir, Weapon=Anti Cutter, Location=Academic Building)
2026-04-17 17:12:26,020 - INFO - engine.game_state - No one could disprove
2026-04-17 17:12:26,020 - INFO - engine.game_state - Accusation Decision: False
2026-04-17 17:12:26,020 - INFO - engine.game_state - --- AI Player 3 (NegamaxAI) Turn ---
2026-04-17 17:12:26,020 - INFO - engine.game_state - Dice: 7
2026-04-17 17:12:26,028 - INFO - engine.game_state - Move: Library
2026-04-17 17:12:26,126 - INFO - engine.game_state - Suggestion: Suggestion(Suspect=Hashem Sir, Weapon=Anti Cutter, Location=Library)
2026-04-17 17:12:26,126 - INFO - engine.game_state - AI Player 2 revealed a card
2026-04-17 17:12:26,126 - INFO - engine.game_state - Accusation Decision: False
2026-04-17 17:12:26,127 - INFO - engine.game_state - --- AI Player 2 (ExpectiminimaxAI) Turn ---
2026-04-17 17:12:26,127 - INFO - engine.game_state - Dice: 8
2026-04-17 17:12:26,135 - INFO - engine.game_state - Move: Library
2026-04-17 17:12:26,240 - INFO - engine.game_state - Suggestion: Suggestion(Suspect=Hashem Sir, Weapon=Anti Cutter, Location=Library)
2026-04-17 17:12:26,240 - INFO - engine.game_state - AI Player 3 revealed a card
2026-04-17 17:12:26,241 - INFO - engine.game_state - Accusation Decision: False
2026-04-17 17:12:26,241 - INFO - engine.game_state - --- AI Player 3 (NegamaxAI) Turn ---
2026-04-17 17:12:26,241 - INFO - engine.game_state - Dice: 7
2026-04-17 17:12:26,249 - INFO - engine.game_state - Move: Academic Building
2026-04-17 17:12:26,346 - INFO - engine.game_state - Suggestion: Suggestion(Suspect=Hashem Sir, Weapon=Anti Cutter, Location=Academic Building)
2026-04-17 17:12:26,346 - INFO - engine.game_state - AI Player 2 revealed a card
2026-04-17 17:12:26,346 - INFO - engine.game_state - Accusation Decision: False
2026-04-17 17:12:26,347 - INFO - engine.game_state - --- AI Player 2 (ExpectiminimaxAI) Turn ---
2026-04-17 17:12:26,347 - INFO - engine.game_state - Dice: 9
2026-04-17 17:12:26,353 - INFO - engine.game_state - Move: Academic Building
2026-04-17 17:12:26,462 - INFO - engine.game_state - Suggestion: Suggestion(Suspect=Hashem Sir, Weapon=Anti Cutter, Location=Academic Building)
2026-04-17 17:12:26,462 - INFO - engine.game_state - No one could disprove
2026-04-17 17:12:26,463 - INFO - engine.game_state - Accusation Decision: False
2026-04-17 17:12:26,463 - INFO - engine.game_state - --- AI Player 3 (NegamaxAI) Turn ---
2026-04-17 17:12:26,463 - INFO - engine.game_state - Dice: 3
2026-04-17 17:12:26,467 - INFO - engine.game_state - Move: Cafeteria
2026-04-17 17:12:26,545 - INFO - engine.game_state - Suggestion: Suggestion(Suspect=Hashem Sir, Weapon=Anti Cutter, Location=Cafeteria)
2026-04-17 17:12:26,545 - INFO - engine.game_state - AI Player 1 revealed a card
2026-04-17 17:12:26,545 - INFO - engine.game_state - Accusation Decision: False
2026-04-17 17:12:26,546 - INFO - engine.game_state - --- AI Player 2 (ExpectiminimaxAI) Turn ---
2026-04-17 17:12:26,546 - INFO - engine.game_state - Dice: 7
2026-04-17 17:12:26,553 - INFO - engine.game_state - Move: Library
2026-04-17 17:12:26,641 - INFO - engine.game_state - Suggestion: Suggestion(Suspect=Hashem Sir, Weapon=Anti Cutter, Location=Library)
2026-04-17 17:12:26,641 - INFO - engine.game_state - AI Player 3 revealed a card
2026-04-17 17:12:26,641 - INFO - engine.game_state - Accusation Decision: False
2026-04-17 17:12:26,641 - INFO - engine.game_state - --- AI Player 3 (NegamaxAI) Turn ---
2026-04-17 17:12:26,642 - INFO - engine.game_state - Dice: 10
2026-04-17 17:12:26,647 - INFO - engine.game_state - Move: Academic Building
2026-04-17 17:12:26,750 - INFO - engine.game_state - Suggestion: Suggestion(Suspect=Hashem Sir, Weapon=Anti Cutter, Location=Academic Building)
2026-04-17 17:12:26,751 - INFO - engine.game_state - AI Player 2 revealed a card
2026-04-17 17:12:26,751 - INFO - engine.game_state - Accusation Decision: False
2026-04-17 17:12:26,751 - INFO - engine.game_state - --- AI Player 2 (ExpectiminimaxAI) Turn ---
2026-04-17 17:12:26,752 - INFO - engine.game_state - Dice: 10
2026-04-17 17:12:26,757 - INFO - engine.game_state - Move: Academic Building
2026-04-17 17:12:26,863 - INFO - engine.game_state - Suggestion: Suggestion(Suspect=Hashem Sir, Weapon=Anti Cutter, Location=Academic Building)
2026-04-17 17:12:26,863 - INFO - engine.game_state - No one could disprove
2026-04-17 17:12:26,863 - INFO - engine.game_state - Accusation Decision: False
2026-04-17 17:12:26,864 - INFO - engine.game_state - --- AI Player 3 (NegamaxAI) Turn ---
2026-04-17 17:12:26,864 - INFO - engine.game_state - Dice: 7
2026-04-17 17:12:26,871 - INFO - engine.game_state - Move: Library
2026-04-17 17:12:26,967 - INFO - engine.game_state - Suggestion: Suggestion(Suspect=Hashem Sir, Weapon=Anti Cutter, Location=Library)
2026-04-17 17:12:26,967 - INFO - engine.game_state - AI Player 2 revealed a card
2026-04-17 17:12:26,967 - INFO - engine.game_state - Accusation Decision: False
2026-04-17 17:12:26,967 - INFO - engine.game_state - --- AI Player 2 (ExpectiminimaxAI) Turn ---
2026-04-17 17:12:26,968 - INFO - engine.game_state - Dice: 11
2026-04-17 17:12:26,975 - INFO - engine.game_state - Move: Library
2026-04-17 17:12:27,053 - INFO - engine.game_state - Suggestion: Suggestion(Suspect=Hashem Sir, Weapon=Anti Cutter, Location=Library)
2026-04-17 17:12:27,054 - INFO - engine.game_state - AI Player 3 revealed a card
2026-04-17 17:12:27,054 - INFO - engine.game_state - Accusation Decision: False
2026-04-17 17:12:27,054 - INFO - engine.game_state - --- AI Player 3 (NegamaxAI) Turn ---
2026-04-17 17:12:27,055 - INFO - engine.game_state - Dice: 7
2026-04-17 17:12:27,062 - INFO - engine.game_state - Move: Academic Building
2026-04-17 17:12:27,161 - INFO - engine.game_state - Suggestion: Suggestion(Suspect=Hashem Sir, Weapon=Anti Cutter, Location=Academic Building)
2026-04-17 17:12:27,162 - INFO - engine.game_state - AI Player 2 revealed a card
2026-04-17 17:12:27,162 - INFO - engine.game_state - Accusation Decision: False
2026-04-17 17:12:27,162 - INFO - engine.game_state - --- AI Player 2 (ExpectiminimaxAI) Turn ---
2026-04-17 17:12:27,162 - INFO - engine.game_state - Dice: 8
2026-04-17 17:12:27,168 - INFO - engine.game_state - Move: Academic Building
2026-04-17 17:12:27,277 - INFO - engine.game_state - Suggestion: Suggestion(Suspect=Hashem Sir, Weapon=Anti Cutter, Location=Academic Building)
2026-04-17 17:12:27,277 - INFO - engine.game_state - No one could disprove
2026-04-17 17:12:27,278 - INFO - engine.game_state - Accusation Decision: False
2026-04-17 17:12:27,278 - INFO - engine.game_state - --- AI Player 3 (NegamaxAI) Turn ---
2026-04-17 17:12:27,278 - INFO - engine.game_state - Dice: 7
2026-04-17 17:12:27,287 - INFO - engine.game_state - Move: Library
2026-04-17 17:12:27,382 - INFO - engine.game_state - Suggestion: Suggestion(Suspect=Hashem Sir, Weapon=Anti Cutter, Location=Library)
2026-04-17 17:12:27,383 - INFO - engine.game_state - AI Player 2 revealed a card
2026-04-17 17:12:27,383 - INFO - engine.game_state - Accusation Decision: False
2026-04-17 17:12:27,383 - INFO - engine.game_state - --- AI Player 2 (ExpectiminimaxAI) Turn ---
2026-04-17 17:12:27,384 - INFO - engine.game_state - Dice: 9
2026-04-17 17:12:27,393 - INFO - engine.game_state - Move: Library
2026-04-17 17:12:27,469 - INFO - engine.game_state - Suggestion: Suggestion(Suspect=Hashem Sir, Weapon=Anti Cutter, Location=Library)
2026-04-17 17:12:27,469 - INFO - engine.game_state - AI Player 3 revealed a card
2026-04-17 17:12:27,469 - INFO - engine.game_state - Accusation Decision: False
2026-04-17 17:12:27,469 - INFO - engine.game_state - --- AI Player 3 (NegamaxAI) Turn ---
2026-04-17 17:12:27,469 - INFO - engine.game_state - Dice: 7
2026-04-17 17:12:27,477 - INFO - engine.game_state - Move: Academic Building
2026-04-17 17:12:27,577 - INFO - engine.game_state - Suggestion: Suggestion(Suspect=Hashem Sir, Weapon=Anti Cutter, Location=Academic Building)
2026-04-17 17:12:27,577 - INFO - engine.game_state - AI Player 2 revealed a card
2026-04-17 17:12:27,577 - INFO - engine.game_state - Accusation Decision: False
2026-04-17 17:12:27,578 - INFO - engine.game_state - --- AI Player 2 (ExpectiminimaxAI) Turn ---
2026-04-17 17:12:27,578 - INFO - engine.game_state - Dice: 5
2026-04-17 17:12:27,583 - INFO - engine.game_state - Move: Academic Building
2026-04-17 17:12:27,674 - INFO - engine.game_state - Suggestion: Suggestion(Suspect=Hashem Sir, Weapon=Anti Cutter, Location=Academic Building)
2026-04-17 17:12:27,674 - INFO - engine.game_state - No one could disprove
2026-04-17 17:12:27,674 - INFO - engine.game_state - Accusation Decision: False
2026-04-17 17:12:27,674 - INFO - engine.game_state - --- AI Player 3 (NegamaxAI) Turn ---
2026-04-17 17:12:27,674 - INFO - engine.game_state - Dice: 7
2026-04-17 17:12:27,683 - INFO - engine.game_state - Move: Library
2026-04-17 17:12:27,771 - INFO - engine.game_state - Suggestion: Suggestion(Suspect=Hashem Sir, Weapon=Anti Cutter, Location=Library)
2026-04-17 17:12:27,771 - INFO - engine.game_state - AI Player 2 revealed a card
2026-04-17 17:12:27,771 - INFO - engine.game_state - Accusation Decision: False
2026-04-17 17:12:27,771 - INFO - engine.game_state - --- AI Player 2 (ExpectiminimaxAI) Turn ---
2026-04-17 17:12:27,771 - INFO - engine.game_state - Dice: 7
2026-04-17 17:12:27,780 - INFO - engine.game_state - Move: Library
2026-04-17 17:12:27,871 - INFO - engine.game_state - Suggestion: Suggestion(Suspect=Hashem Sir, Weapon=Anti Cutter, Location=Library)
2026-04-17 17:12:27,871 - INFO - engine.game_state - AI Player 3 revealed a card
2026-04-17 17:12:27,871 - INFO - engine.game_state - Accusation Decision: False
2026-04-17 17:12:27,872 - INFO - engine.game_state - --- AI Player 3 (NegamaxAI) Turn ---
2026-04-17 17:12:27,872 - INFO - engine.game_state - Dice: 5
2026-04-17 17:12:27,879 - INFO - engine.game_state - Move: Academic Building
2026-04-17 17:12:28,002 - INFO - engine.game_state - Suggestion: Suggestion(Suspect=Hashem Sir, Weapon=Anti Cutter, Location=Academic Building)
2026-04-17 17:12:28,003 - INFO - engine.game_state - AI Player 2 revealed a card
2026-04-17 17:12:28,003 - INFO - engine.game_state - Accusation Decision: False
2026-04-17 17:12:28,003 - INFO - engine.game_state - --- AI Player 2 (ExpectiminimaxAI) Turn ---
2026-04-17 17:12:28,003 - INFO - engine.game_state - Dice: 5
2026-04-17 17:12:28,008 - INFO - engine.game_state - Move: Academic Building
2026-04-17 17:12:28,128 - INFO - engine.game_state - Suggestion: Suggestion(Suspect=Hashem Sir, Weapon=Anti Cutter, Location=Academic Building)
2026-04-17 17:12:28,129 - INFO - engine.game_state - No one could disprove
2026-04-17 17:12:28,129 - INFO - engine.game_state - Accusation Decision: False
2026-04-17 17:12:28,129 - INFO - engine.game_state - --- AI Player 3 (NegamaxAI) Turn ---
2026-04-17 17:12:28,130 - INFO - engine.game_state - Dice: 10
2026-04-17 17:12:28,141 - INFO - engine.game_state - Move: Library
2026-04-17 17:12:28,231 - INFO - engine.game_state - Suggestion: Suggestion(Suspect=Hashem Sir, Weapon=Anti Cutter, Location=Library)
2026-04-17 17:12:28,231 - INFO - engine.game_state - AI Player 2 revealed a card
2026-04-17 17:12:28,231 - INFO - engine.game_state - Accusation Decision: False
2026-04-17 17:12:28,232 - INFO - engine.game_state - --- AI Player 2 (ExpectiminimaxAI) Turn ---
2026-04-17 17:12:28,232 - INFO - engine.game_state - Dice: 3
2026-04-17 17:12:28,236 - INFO - engine.game_state - Move: Cafeteria
2026-04-17 17:12:28,303 - INFO - engine.game_state - Suggestion: Suggestion(Suspect=Hashem Sir, Weapon=Anti Cutter, Location=Cafeteria)
2026-04-17 17:12:28,303 - INFO - engine.game_state - AI Player 1 revealed a card
2026-04-17 17:12:28,303 - INFO - engine.game_state - Accusation Decision: False
2026-04-17 17:12:28,304 - INFO - engine.game_state - --- AI Player 3 (NegamaxAI) Turn ---
2026-04-17 17:12:28,304 - INFO - engine.game_state - Dice: 2
2026-04-17 17:12:28,307 - INFO - engine.game_state - Move: VC Room
2026-04-17 17:12:28,375 - INFO - engine.game_state - Suggestion: Suggestion(Suspect=Hashem Sir, Weapon=Anti Cutter, Location=VC Room)
2026-04-17 17:12:28,376 - INFO - engine.game_state - AI Player 2 revealed a card
2026-04-17 17:12:28,376 - INFO - engine.game_state - Accusation Decision: False
2026-04-17 17:12:28,376 - INFO - engine.game_state - --- AI Player 2 (ExpectiminimaxAI) Turn ---
2026-04-17 17:12:28,376 - INFO - engine.game_state - Dice: 9
2026-04-17 17:12:28,380 - INFO - engine.game_state - Move: Academic Building
2026-04-17 17:12:28,488 - INFO - engine.game_state - Suggestion: Suggestion(Suspect=Hashem Sir, Weapon=Anti Cutter, Location=Academic Building)
2026-04-17 17:12:28,489 - INFO - engine.game_state - No one could disprove
2026-04-17 17:12:28,489 - INFO - engine.game_state - Accusation Decision: False
2026-04-17 17:12:28,490 - INFO - engine.game_state - --- AI Player 3 (NegamaxAI) Turn ---
2026-04-17 17:12:28,490 - INFO - engine.game_state - Dice: 9
2026-04-17 17:12:28,501 - INFO - engine.game_state - Move: Library
2026-04-17 17:12:28,597 - INFO - engine.game_state - Suggestion: Suggestion(Suspect=Hashem Sir, Weapon=Anti Cutter, Location=Library)
2026-04-17 17:12:28,597 - INFO - engine.game_state - AI Player 2 revealed a card
2026-04-17 17:12:28,597 - INFO - engine.game_state - Accusation Decision: False
2026-04-17 17:12:28,598 - INFO - engine.game_state - --- AI Player 2 (ExpectiminimaxAI) Turn ---
2026-04-17 17:12:28,598 - INFO - engine.game_state - Dice: 4
2026-04-17 17:12:28,608 - INFO - engine.game_state - Move: Library
2026-04-17 17:12:28,699 - INFO - engine.game_state - Suggestion: Suggestion(Suspect=Hashem Sir, Weapon=Anti Cutter, Location=Library)
2026-04-17 17:12:28,699 - INFO - engine.game_state - AI Player 3 revealed a card
2026-04-17 17:12:28,700 - INFO - engine.game_state - Accusation Decision: False
2026-04-17 17:12:28,700 - INFO - engine.game_state - --- AI Player 3 (NegamaxAI) Turn ---
2026-04-17 17:12:28,700 - INFO - engine.game_state - Dice: 8
2026-04-17 17:12:28,707 - INFO - engine.game_state - Move: Academic Building
2026-04-17 17:12:28,824 - INFO - engine.game_state - Suggestion: Suggestion(Suspect=Hashem Sir, Weapon=Anti Cutter, Location=Academic Building)
2026-04-17 17:12:28,824 - INFO - engine.game_state - AI Player 2 revealed a card
2026-04-17 17:12:28,824 - INFO - engine.game_state - Accusation Decision: False
2026-04-17 17:12:28,824 - INFO - engine.game_state - --- AI Player 2 (ExpectiminimaxAI) Turn ---
2026-04-17 17:12:28,825 - INFO - engine.game_state - Dice: 6
2026-04-17 17:12:28,830 - INFO - engine.game_state - Move: Academic Building
2026-04-17 17:12:28,933 - INFO - engine.game_state - Suggestion: Suggestion(Suspect=Hashem Sir, Weapon=Anti Cutter, Location=Academic Building)
2026-04-17 17:12:28,933 - INFO - engine.game_state - No one could disprove
2026-04-17 17:12:28,934 - INFO - engine.game_state - Accusation Decision: False
2026-04-17 17:12:28,934 - INFO - engine.game_state - --- AI Player 3 (NegamaxAI) Turn ---
2026-04-17 17:12:28,934 - INFO - engine.game_state - Dice: 9
2026-04-17 17:12:28,942 - INFO - engine.game_state - Move: Library
2026-04-17 17:12:29,051 - INFO - engine.game_state - Suggestion: Suggestion(Suspect=Hashem Sir, Weapon=Anti Cutter, Location=Library)
2026-04-17 17:12:29,051 - INFO - engine.game_state - AI Player 2 revealed a card
2026-04-17 17:12:29,051 - INFO - engine.game_state - Accusation Decision: False
2026-04-17 17:12:29,051 - INFO - engine.game_state - --- AI Player 2 (ExpectiminimaxAI) Turn ---
2026-04-17 17:12:29,052 - INFO - engine.game_state - Dice: 8
2026-04-17 17:12:29,059 - INFO - engine.game_state - Move: Library
2026-04-17 17:12:29,156 - INFO - engine.game_state - Suggestion: Suggestion(Suspect=Hashem Sir, Weapon=Anti Cutter, Location=Library)
2026-04-17 17:12:29,157 - INFO - engine.game_state - AI Player 3 revealed a card
2026-04-17 17:12:29,157 - INFO - engine.game_state - Accusation Decision: False
2026-04-17 17:12:29,157 - INFO - engine.game_state - --- AI Player 3 (NegamaxAI) Turn ---
2026-04-17 17:12:29,157 - INFO - engine.game_state - Dice: 11
2026-04-17 17:12:29,165 - INFO - engine.game_state - Move: Academic Building
2026-04-17 17:12:29,273 - INFO - engine.game_state - Suggestion: Suggestion(Suspect=Hashem Sir, Weapon=Anti Cutter, Location=Academic Building)
2026-04-17 17:12:29,273 - INFO - engine.game_state - AI Player 2 revealed a card
2026-04-17 17:12:29,273 - INFO - engine.game_state - Accusation Decision: False
2026-04-17 17:12:29,273 - INFO - engine.game_state - --- AI Player 2 (ExpectiminimaxAI) Turn ---
2026-04-17 17:12:29,274 - INFO - engine.game_state - Dice: 4
2026-04-17 17:12:29,280 - INFO - engine.game_state - Move: Academic Building
2026-04-17 17:12:29,414 - INFO - engine.game_state - Suggestion: Suggestion(Suspect=Hashem Sir, Weapon=Anti Cutter, Location=Academic Building)
2026-04-17 17:12:29,414 - INFO - engine.game_state - No one could disprove
2026-04-17 17:12:29,414 - INFO - engine.game_state - Accusation Decision: False
2026-04-17 17:12:29,414 - INFO - engine.game_state - --- AI Player 3 (NegamaxAI) Turn ---
2026-04-17 17:12:29,415 - INFO - engine.game_state - Dice: 5
2026-04-17 17:12:29,424 - INFO - engine.game_state - Move: Library
2026-04-17 17:12:29,546 - INFO - engine.game_state - Suggestion: Suggestion(Suspect=Hashem Sir, Weapon=Anti Cutter, Location=Library)
2026-04-17 17:12:29,546 - INFO - engine.game_state - AI Player 2 revealed a card
2026-04-17 17:12:29,547 - INFO - engine.game_state - Accusation Decision: False
2026-04-17 17:12:29,547 - INFO - engine.game_state - --- AI Player 2 (ExpectiminimaxAI) Turn ---
2026-04-17 17:12:29,547 - INFO - engine.game_state - Dice: 7
2026-04-17 17:12:29,560 - INFO - engine.game_state - Move: Library
2026-04-17 17:12:29,639 - INFO - engine.game_state - Suggestion: Suggestion(Suspect=Hashem Sir, Weapon=Anti Cutter, Location=Library)
2026-04-17 17:12:29,639 - INFO - engine.game_state - AI Player 3 revealed a card
2026-04-17 17:12:29,640 - INFO - engine.game_state - Accusation Decision: False
2026-04-17 17:12:29,640 - INFO - engine.game_state - --- AI Player 3 (NegamaxAI) Turn ---
2026-04-17 17:12:29,640 - INFO - engine.game_state - Dice: 9
2026-04-17 17:12:29,648 - INFO - engine.game_state - Move: Academic Building
2026-04-17 17:12:29,771 - INFO - engine.game_state - Suggestion: Suggestion(Suspect=Hashem Sir, Weapon=Anti Cutter, Location=Academic Building)
2026-04-17 17:12:29,772 - INFO - engine.game_state - AI Player 2 revealed a card
2026-04-17 17:12:29,772 - INFO - engine.game_state - Accusation Decision: False
2026-04-17 17:12:29,772 - INFO - engine.game_state - --- AI Player 2 (ExpectiminimaxAI) Turn ---
2026-04-17 17:12:29,773 - INFO - engine.game_state - Dice: 12
2026-04-17 17:12:29,782 - INFO - engine.game_state - Move: Academic Building
2026-04-17 17:12:29,897 - INFO - engine.game_state - Suggestion: Suggestion(Suspect=Hashem Sir, Weapon=Anti Cutter, Location=Academic Building)
2026-04-17 17:12:29,898 - INFO - engine.game_state - No one could disprove
2026-04-17 17:12:29,898 - INFO - engine.game_state - Accusation Decision: False
2026-04-17 17:12:29,898 - INFO - engine.game_state - --- AI Player 3 (NegamaxAI) Turn ---
2026-04-17 17:12:29,898 - INFO - engine.game_state - Dice: 6
2026-04-17 17:12:29,908 - INFO - engine.game_state - Move: Library
2026-04-17 17:12:30,020 - INFO - engine.game_state - Suggestion: Suggestion(Suspect=Hashem Sir, Weapon=Anti Cutter, Location=Library)
2026-04-17 17:12:30,020 - INFO - engine.game_state - AI Player 2 revealed a card
2026-04-17 17:12:30,021 - INFO - engine.game_state - Accusation Decision: False
2026-04-17 17:12:30,021 - INFO - engine.game_state - --- AI Player 2 (ExpectiminimaxAI) Turn ---
2026-04-17 17:12:30,021 - INFO - engine.game_state - Dice: 8
2026-04-17 17:12:30,031 - INFO - engine.game_state - Move: Library
2026-04-17 17:12:30,135 - INFO - engine.game_state - Suggestion: Suggestion(Suspect=Hashem Sir, Weapon=Anti Cutter, Location=Library)
2026-04-17 17:12:30,136 - INFO - engine.game_state - AI Player 3 revealed a card
2026-04-17 17:12:30,136 - INFO - engine.game_state - Accusation Decision: False
2026-04-17 17:12:30,136 - INFO - engine.game_state - --- AI Player 3 (NegamaxAI) Turn ---
2026-04-17 17:12:30,137 - INFO - engine.game_state - Dice: 6
2026-04-17 17:12:30,145 - INFO - engine.game_state - Move: Academic Building
2026-04-17 17:12:30,247 - INFO - engine.game_state - Suggestion: Suggestion(Suspect=Hashem Sir, Weapon=Anti Cutter, Location=Academic Building)
2026-04-17 17:12:30,247 - INFO - engine.game_state - AI Player 2 revealed a card
2026-04-17 17:12:30,247 - INFO - engine.game_state - Accusation Decision: False
2026-04-17 17:12:30,247 - INFO - engine.game_state - --- AI Player 2 (ExpectiminimaxAI) Turn ---
2026-04-17 17:12:30,248 - INFO - engine.game_state - Dice: 6
2026-04-17 17:12:30,255 - INFO - engine.game_state - Move: Academic Building
2026-04-17 17:12:30,376 - INFO - engine.game_state - Suggestion: Suggestion(Suspect=Hashem Sir, Weapon=Anti Cutter, Location=Academic Building)
2026-04-17 17:12:30,376 - INFO - engine.game_state - No one could disprove
2026-04-17 17:12:30,377 - INFO - engine.game_state - Accusation Decision: False
2026-04-17 17:12:30,377 - INFO - engine.game_state - --- AI Player 3 (NegamaxAI) Turn ---
2026-04-17 17:12:30,377 - INFO - engine.game_state - Dice: 2
2026-04-17 17:12:30,380 - INFO - engine.game_state - Move: VC Room
2026-04-17 17:12:30,477 - INFO - engine.game_state - Suggestion: Suggestion(Suspect=Hashem Sir, Weapon=Anti Cutter, Location=VC Room)
2026-04-17 17:12:30,478 - INFO - engine.game_state - AI Player 2 revealed a card
2026-04-17 17:12:30,478 - INFO - engine.game_state - Accusation Decision: False
2026-04-17 17:12:30,478 - INFO - engine.game_state - --- AI Player 2 (ExpectiminimaxAI) Turn ---
2026-04-17 17:12:30,478 - INFO - engine.game_state - Dice: 7
2026-04-17 17:12:30,487 - INFO - engine.game_state - Move: Library
2026-04-17 17:12:30,579 - INFO - engine.game_state - Suggestion: Suggestion(Suspect=Hashem Sir, Weapon=Anti Cutter, Location=Library)
2026-04-17 17:12:30,580 - INFO - engine.game_state - AI Player 3 revealed a card
2026-04-17 17:12:30,580 - INFO - engine.game_state - Accusation Decision: False
2026-04-17 17:12:30,580 - INFO - engine.game_state - --- AI Player 3 (NegamaxAI) Turn ---
2026-04-17 17:12:30,580 - INFO - engine.game_state - Dice: 2
2026-04-17 17:12:30,585 - INFO - engine.game_state - Move: Library
2026-04-17 17:12:30,669 - INFO - engine.game_state - Suggestion: Suggestion(Suspect=Hashem Sir, Weapon=Anti Cutter, Location=Library)
2026-04-17 17:12:30,669 - INFO - engine.game_state - AI Player 2 revealed a card
2026-04-17 17:12:30,669 - INFO - engine.game_state - Accusation Decision: False
2026-04-17 17:12:30,669 - INFO - engine.game_state - --- AI Player 2 (ExpectiminimaxAI) Turn ---
2026-04-17 17:12:30,669 - INFO - engine.game_state - Dice: 4
2026-04-17 17:12:30,679 - INFO - engine.game_state - Move: Academic Building
2026-04-17 17:12:30,807 - INFO - engine.game_state - Suggestion: Suggestion(Suspect=Hashem Sir, Weapon=Anti Cutter, Location=Academic Building)
2026-04-17 17:12:30,808 - INFO - engine.game_state - No one could disprove
2026-04-17 17:12:30,808 - INFO - engine.game_state - Accusation Decision: False
2026-04-17 17:12:30,808 - INFO - engine.game_state - --- AI Player 3 (NegamaxAI) Turn ---
2026-04-17 17:12:30,808 - INFO - engine.game_state - Dice: 2
2026-04-17 17:12:30,814 - INFO - engine.game_state - Move: VC Room
2026-04-17 17:12:30,886 - INFO - engine.game_state - Suggestion: Suggestion(Suspect=Hashem Sir, Weapon=Anti Cutter, Location=VC Room)
2026-04-17 17:12:30,886 - INFO - engine.game_state - AI Player 2 revealed a card
2026-04-17 17:12:30,887 - INFO - engine.game_state - Accusation Decision: False
2026-04-17 17:12:30,887 - INFO - engine.game_state - --- AI Player 2 (ExpectiminimaxAI) Turn ---
2026-04-17 17:12:30,887 - INFO - engine.game_state - Dice: 7
2026-04-17 17:12:30,897 - INFO - engine.game_state - Move: Library
2026-04-17 17:12:30,994 - INFO - engine.game_state - Suggestion: Suggestion(Suspect=Hashem Sir, Weapon=Anti Cutter, Location=Library)
2026-04-17 17:12:30,995 - INFO - engine.game_state - AI Player 3 revealed a card
2026-04-17 17:12:30,995 - INFO - engine.game_state - Accusation Decision: False
2026-04-17 17:12:30,995 - INFO - engine.game_state - --- AI Player 3 (NegamaxAI) Turn ---
2026-04-17 17:12:30,995 - INFO - engine.game_state - Dice: 7
2026-04-17 17:12:31,004 - INFO - engine.game_state - Move: Library
2026-04-17 17:12:31,140 - INFO - engine.game_state - Suggestion: Suggestion(Suspect=Hashem Sir, Weapon=Anti Cutter, Location=Library)
2026-04-17 17:12:31,140 - INFO - engine.game_state - AI Player 2 revealed a card
2026-04-17 17:12:31,140 - INFO - engine.game_state - Accusation Decision: False
2026-04-17 17:12:31,141 - INFO - engine.game_state - --- AI Player 2 (ExpectiminimaxAI) Turn ---
2026-04-17 17:12:31,141 - INFO - engine.game_state - Dice: 9
2026-04-17 17:12:31,148 - INFO - engine.game_state - Move: Academic Building
2026-04-17 17:12:31,300 - INFO - engine.game_state - Suggestion: Suggestion(Suspect=Hashem Sir, Weapon=Anti Cutter, Location=Academic Building)
2026-04-17 17:12:31,300 - INFO - engine.game_state - No one could disprove
2026-04-17 17:12:31,300 - INFO - engine.game_state - Accusation Decision: False
2026-04-17 17:12:31,301 - INFO - engine.game_state - --- AI Player 3 (NegamaxAI) Turn ---
2026-04-17 17:12:31,301 - INFO - engine.game_state - Dice: 10
2026-04-17 17:12:31,313 - INFO - engine.game_state - Move: Academic Building
2026-04-17 17:12:31,459 - INFO - engine.game_state - Suggestion: Suggestion(Suspect=Hashem Sir, Weapon=Anti Cutter, Location=Academic Building)
2026-04-17 17:12:31,459 - INFO - engine.game_state - AI Player 2 revealed a card
2026-04-17 17:12:31,460 - INFO - engine.game_state - Accusation Decision: False
2026-04-17 17:12:31,460 - INFO - engine.game_state - --- AI Player 2 (ExpectiminimaxAI) Turn ---
2026-04-17 17:12:31,460 - INFO - engine.game_state - Dice: 9
2026-04-17 17:12:31,474 - INFO - engine.game_state - Move: Library
2026-04-17 17:12:31,605 - INFO - engine.game_state - Suggestion: Suggestion(Suspect=Hashem Sir, Weapon=Anti Cutter, Location=Library)
2026-04-17 17:12:31,605 - INFO - engine.game_state - AI Player 3 revealed a card
2026-04-17 17:12:31,605 - INFO - engine.game_state - Accusation Decision: False
2026-04-17 17:12:31,605 - INFO - engine.game_state - --- AI Player 3 (NegamaxAI) Turn ---
2026-04-17 17:12:31,605 - INFO - engine.game_state - Dice: 7
2026-04-17 17:12:31,620 - INFO - engine.game_state - Move: Library
2026-04-17 17:12:31,754 - INFO - engine.game_state - Suggestion: Suggestion(Suspect=Hashem Sir, Weapon=Anti Cutter, Location=Library)
2026-04-17 17:12:31,754 - INFO - engine.game_state - AI Player 2 revealed a card
2026-04-17 17:12:31,754 - INFO - engine.game_state - Accusation Decision: False
2026-04-17 17:12:31,754 - INFO - engine.game_state - --- AI Player 2 (ExpectiminimaxAI) Turn ---
2026-04-17 17:12:31,754 - INFO - engine.game_state - Dice: 7
2026-04-17 17:12:31,764 - INFO - engine.game_state - Move: Academic Building
2026-04-17 17:12:31,898 - INFO - engine.game_state - Suggestion: Suggestion(Suspect=Hashem Sir, Weapon=Anti Cutter, Location=Academic Building)
2026-04-17 17:12:31,898 - INFO - engine.game_state - No one could disprove
2026-04-17 17:12:31,898 - INFO - engine.game_state - Accusation Decision: False
2026-04-17 17:12:31,898 - INFO - engine.game_state - --- AI Player 3 (NegamaxAI) Turn ---
2026-04-17 17:12:31,898 - INFO - engine.game_state - Dice: 10
2026-04-17 17:12:31,907 - INFO - engine.game_state - Move: Academic Building
2026-04-17 17:12:32,033 - INFO - engine.game_state - Suggestion: Suggestion(Suspect=Hashem Sir, Weapon=Anti Cutter, Location=Academic Building)
2026-04-17 17:12:32,034 - INFO - engine.game_state - AI Player 2 revealed a card
2026-04-17 17:12:32,034 - INFO - engine.game_state - Accusation Decision: False
2026-04-17 17:12:32,034 - INFO - engine.game_state - --- AI Player 2 (ExpectiminimaxAI) Turn ---
2026-04-17 17:12:32,035 - INFO - engine.game_state - Dice: 9
2026-04-17 17:12:32,048 - INFO - engine.game_state - Move: Library
2026-04-17 17:12:32,137 - INFO - engine.game_state - Suggestion: Suggestion(Suspect=Hashem Sir, Weapon=Anti Cutter, Location=Library)
2026-04-17 17:12:32,137 - INFO - engine.game_state - AI Player 3 revealed a card
2026-04-17 17:12:32,138 - INFO - engine.game_state - Accusation Decision: False
2026-04-17 17:12:32,138 - INFO - engine.game_state - --- AI Player 3 (NegamaxAI) Turn ---
2026-04-17 17:12:32,138 - INFO - engine.game_state - Dice: 9
2026-04-17 17:12:32,147 - INFO - engine.game_state - Move: Library
2026-04-17 17:12:32,257 - INFO - engine.game_state - Suggestion: Suggestion(Suspect=Hashem Sir, Weapon=Anti Cutter, Location=Library)
2026-04-17 17:12:32,258 - INFO - engine.game_state - AI Player 2 revealed a card
2026-04-17 17:12:32,258 - INFO - engine.game_state - Accusation Decision: False
2026-04-17 17:12:32,258 - INFO - engine.game_state - --- AI Player 2 (ExpectiminimaxAI) Turn ---
2026-04-17 17:12:32,258 - INFO - engine.game_state - Dice: 7
2026-04-17 17:12:32,267 - INFO - engine.game_state - Move: Academic Building
2026-04-17 17:12:32,393 - INFO - engine.game_state - Suggestion: Suggestion(Suspect=Hashem Sir, Weapon=Anti Cutter, Location=Academic Building)
2026-04-17 17:12:32,393 - INFO - engine.game_state - No one could disprove
2026-04-17 17:12:32,393 - INFO - engine.game_state - Accusation Decision: False
2026-04-17 17:12:32,394 - INFO - engine.game_state - --- AI Player 3 (NegamaxAI) Turn ---
2026-04-17 17:12:32,394 - INFO - engine.game_state - Dice: 8
2026-04-17 17:12:32,406 - INFO - engine.game_state - Move: Academic Building
2026-04-17 17:12:32,543 - INFO - engine.game_state - Suggestion: Suggestion(Suspect=Hashem Sir, Weapon=Anti Cutter, Location=Academic Building)
2026-04-17 17:12:32,544 - INFO - engine.game_state - AI Player 2 revealed a card
2026-04-17 17:12:32,544 - INFO - engine.game_state - Accusation Decision: False
2026-04-17 17:12:32,544 - INFO - engine.game_state - --- AI Player 2 (ExpectiminimaxAI) Turn ---
2026-04-17 17:12:32,544 - INFO - engine.game_state - Dice: 8
2026-04-17 17:12:32,555 - INFO - engine.game_state - Move: Library
2026-04-17 17:12:32,666 - INFO - engine.game_state - Suggestion: Suggestion(Suspect=Hashem Sir, Weapon=Anti Cutter, Location=Library)
2026-04-17 17:12:32,667 - INFO - engine.game_state - AI Player 3 revealed a card
2026-04-17 17:12:32,667 - INFO - engine.game_state - Accusation Decision: False
2026-04-17 17:12:32,667 - INFO - engine.game_state - --- AI Player 3 (NegamaxAI) Turn ---
2026-04-17 17:12:32,667 - INFO - engine.game_state - Dice: 6
2026-04-17 17:12:32,682 - INFO - engine.game_state - Move: Library
2026-04-17 17:12:32,817 - INFO - engine.game_state - Suggestion: Suggestion(Suspect=Hashem Sir, Weapon=Anti Cutter, Location=Library)
2026-04-17 17:12:32,817 - INFO - engine.game_state - AI Player 2 revealed a card
2026-04-17 17:12:32,817 - INFO - engine.game_state - Accusation Decision: False
2026-04-17 17:12:32,818 - INFO - engine.game_state - --- AI Player 2 (ExpectiminimaxAI) Turn ---
2026-04-17 17:12:32,818 - INFO - engine.game_state - Dice: 7
2026-04-17 17:12:32,827 - INFO - engine.game_state - Move: Academic Building
2026-04-17 17:12:32,998 - INFO - engine.game_state - Suggestion: Suggestion(Suspect=Hashem Sir, Weapon=Anti Cutter, Location=Academic Building)
2026-04-17 17:12:32,998 - INFO - engine.game_state - No one could disprove
2026-04-17 17:12:32,998 - INFO - engine.game_state - Accusation Decision: False
2026-04-17 17:12:32,999 - INFO - engine.game_state - --- AI Player 3 (NegamaxAI) Turn ---
2026-04-17 17:12:32,999 - INFO - engine.game_state - Dice: 2
2026-04-17 17:12:33,005 - INFO - engine.game_state - Move: VC Room
2026-04-17 17:12:33,111 - INFO - engine.game_state - Suggestion: Suggestion(Suspect=Hashem Sir, Weapon=Anti Cutter, Location=VC Room)
2026-04-17 17:12:33,111 - INFO - engine.game_state - AI Player 2 revealed a card
2026-04-17 17:12:33,112 - INFO - engine.game_state - Accusation Decision: False
2026-04-17 17:12:33,112 - INFO - engine.game_state - --- AI Player 2 (ExpectiminimaxAI) Turn ---
2026-04-17 17:12:33,112 - INFO - engine.game_state - Dice: 7
2026-04-17 17:12:33,123 - INFO - engine.game_state - Move: Library
2026-04-17 17:12:33,257 - INFO - engine.game_state - Suggestion: Suggestion(Suspect=Hashem Sir, Weapon=Anti Cutter, Location=Library)
2026-04-17 17:12:33,257 - INFO - engine.game_state - AI Player 3 revealed a card
2026-04-17 17:12:33,257 - INFO - engine.game_state - Accusation Decision: False
2026-04-17 17:12:33,257 - INFO - engine.game_state - --- AI Player 3 (NegamaxAI) Turn ---
2026-04-17 17:12:33,258 - INFO - engine.game_state - Dice: 11
2026-04-17 17:12:33,272 - INFO - engine.game_state - Move: Library
2026-04-17 17:12:33,420 - INFO - engine.game_state - Suggestion: Suggestion(Suspect=Hashem Sir, Weapon=Anti Cutter, Location=Library)
2026-04-17 17:12:33,420 - INFO - engine.game_state - AI Player 2 revealed a card
2026-04-17 17:12:33,420 - INFO - engine.game_state - Accusation Decision: False
2026-04-17 17:12:33,420 - INFO - engine.game_state - --- AI Player 2 (ExpectiminimaxAI) Turn ---
2026-04-17 17:12:33,421 - INFO - engine.game_state - Dice: 5
2026-04-17 17:12:33,430 - INFO - engine.game_state - Move: Academic Building
2026-04-17 17:12:33,565 - INFO - engine.game_state - Suggestion: Suggestion(Suspect=Hashem Sir, Weapon=Anti Cutter, Location=Academic Building)
2026-04-17 17:12:33,565 - INFO - engine.game_state - No one could disprove
2026-04-17 17:12:33,565 - INFO - engine.game_state - Accusation Decision: False
2026-04-17 17:12:33,565 - INFO - engine.game_state - --- AI Player 3 (NegamaxAI) Turn ---
2026-04-17 17:12:33,565 - INFO - engine.game_state - Dice: 7
2026-04-17 17:12:33,574 - INFO - engine.game_state - Move: Academic Building
2026-04-17 17:12:33,711 - INFO - engine.game_state - Suggestion: Suggestion(Suspect=Hashem Sir, Weapon=Anti Cutter, Location=Academic Building)
2026-04-17 17:12:33,711 - INFO - engine.game_state - AI Player 2 revealed a card
2026-04-17 17:12:33,711 - INFO - engine.game_state - Accusation Decision: False
2026-04-17 17:12:33,711 - INFO - engine.game_state - --- AI Player 2 (ExpectiminimaxAI) Turn ---
2026-04-17 17:12:33,712 - INFO - engine.game_state - Dice: 8
2026-04-17 17:12:33,724 - INFO - engine.game_state - Move: Library
2026-04-17 17:12:33,834 - INFO - engine.game_state - Suggestion: Suggestion(Suspect=Hashem Sir, Weapon=Anti Cutter, Location=Library)
2026-04-17 17:12:33,834 - INFO - engine.game_state - AI Player 3 revealed a card
2026-04-17 17:12:33,835 - INFO - engine.game_state - Accusation Decision: False
2026-04-17 17:12:33,835 - INFO - engine.game_state - --- AI Player 3 (NegamaxAI) Turn ---
2026-04-17 17:12:33,835 - INFO - engine.game_state - Dice: 6
2026-04-17 17:12:33,849 - INFO - engine.game_state - Move: Library
2026-04-17 17:12:33,961 - INFO - engine.game_state - Suggestion: Suggestion(Suspect=Hashem Sir, Weapon=Anti Cutter, Location=Library)
2026-04-17 17:12:33,962 - INFO - engine.game_state - AI Player 2 revealed a card
2026-04-17 17:12:33,962 - INFO - engine.game_state - Accusation Decision: False
2026-04-17 17:12:33,962 - INFO - engine.game_state - --- AI Player 2 (ExpectiminimaxAI) Turn ---
2026-04-17 17:12:33,962 - INFO - engine.game_state - Dice: 4
2026-04-17 17:12:33,968 - INFO - engine.game_state - Move: Academic Building
2026-04-17 17:12:34,102 - INFO - engine.game_state - Suggestion: Suggestion(Suspect=Hashem Sir, Weapon=Anti Cutter, Location=Academic Building)
2026-04-17 17:12:34,103 - INFO - engine.game_state - No one could disprove
2026-04-17 17:12:34,103 - INFO - engine.game_state - Accusation Decision: False
2026-04-17 17:12:34,103 - INFO - engine.game_state - --- AI Player 3 (NegamaxAI) Turn ---
2026-04-17 17:12:34,103 - INFO - engine.game_state - Dice: 6
2026-04-17 17:12:34,116 - INFO - engine.game_state - Move: Academic Building
2026-04-17 17:12:34,240 - INFO - engine.game_state - Suggestion: Suggestion(Suspect=Hashem Sir, Weapon=Anti Cutter, Location=Academic Building)
2026-04-17 17:12:34,240 - INFO - engine.game_state - AI Player 2 revealed a card
2026-04-17 17:12:34,241 - INFO - engine.game_state - Accusation Decision: False
2026-04-17 17:12:34,241 - INFO - engine.game_state - --- AI Player 2 (ExpectiminimaxAI) Turn ---
2026-04-17 17:12:34,241 - INFO - engine.game_state - Dice: 5
2026-04-17 17:12:34,254 - INFO - engine.game_state - Move: Library
2026-04-17 17:12:34,343 - INFO - engine.game_state - Suggestion: Suggestion(Suspect=Hashem Sir, Weapon=Anti Cutter, Location=Library)
2026-04-17 17:12:34,343 - INFO - engine.game_state - AI Player 3 revealed a card
2026-04-17 17:12:34,344 - INFO - engine.game_state - Accusation Decision: False
2026-04-17 17:12:34,344 - INFO - engine.game_state - --- AI Player 3 (NegamaxAI) Turn ---
2026-04-17 17:12:34,344 - INFO - engine.game_state - Dice: 2
2026-04-17 17:12:34,347 - INFO - engine.game_state - Move: VC Room
2026-04-17 17:12:34,423 - INFO - engine.game_state - Suggestion: Suggestion(Suspect=Hashem Sir, Weapon=Anti Cutter, Location=VC Room)
2026-04-17 17:12:34,423 - INFO - engine.game_state - AI Player 2 revealed a card
2026-04-17 17:12:34,423 - INFO - engine.game_state - Accusation Decision: False
2026-04-17 17:12:34,423 - INFO - engine.game_state - --- AI Player 2 (ExpectiminimaxAI) Turn ---
2026-04-17 17:12:34,424 - INFO - engine.game_state - Dice: 9
2026-04-17 17:12:34,430 - INFO - engine.game_state - Move: Academic Building
2026-04-17 17:12:34,577 - INFO - engine.game_state - Suggestion: Suggestion(Suspect=Hashem Sir, Weapon=Anti Cutter, Location=Academic Building)
2026-04-17 17:12:34,577 - INFO - engine.game_state - No one could disprove
2026-04-17 17:12:34,577 - INFO - engine.game_state - Accusation Decision: False
2026-04-17 17:12:34,578 - INFO - engine.game_state - --- AI Player 3 (NegamaxAI) Turn ---
2026-04-17 17:12:34,578 - INFO - engine.game_state - Dice: 7
2026-04-17 17:12:34,591 - INFO - engine.game_state - Move: Library
2026-04-17 17:12:34,711 - INFO - engine.game_state - Suggestion: Suggestion(Suspect=Hashem Sir, Weapon=Anti Cutter, Location=Library)
2026-04-17 17:12:34,711 - INFO - engine.game_state - AI Player 2 revealed a card
2026-04-17 17:12:34,711 - INFO - engine.game_state - Accusation Decision: False
2026-04-17 17:12:34,711 - INFO - engine.game_state - --- AI Player 2 (ExpectiminimaxAI) Turn ---
2026-04-17 17:12:34,711 - INFO - engine.game_state - Dice: 8
2026-04-17 17:12:34,719 - INFO - engine.game_state - Move: Library
2026-04-17 17:12:34,831 - INFO - engine.game_state - Suggestion: Suggestion(Suspect=Hashem Sir, Weapon=Anti Cutter, Location=Library)
2026-04-17 17:12:34,832 - INFO - engine.game_state - AI Player 3 revealed a card
2026-04-17 17:12:34,832 - INFO - engine.game_state - Accusation Decision: False
2026-04-17 17:12:34,832 - INFO - engine.game_state - --- AI Player 3 (NegamaxAI) Turn ---
2026-04-17 17:12:34,832 - INFO - engine.game_state - Dice: 7
2026-04-17 17:12:34,844 - INFO - engine.game_state - Move: Academic Building
2026-04-17 17:12:34,993 - INFO - engine.game_state - Suggestion: Suggestion(Suspect=Hashem Sir, Weapon=Anti Cutter, Location=Academic Building)
2026-04-17 17:12:34,993 - INFO - engine.game_state - AI Player 2 revealed a card
2026-04-17 17:12:34,993 - INFO - engine.game_state - Accusation Decision: False
2026-04-17 17:12:34,993 - INFO - engine.game_state - --- AI Player 2 (ExpectiminimaxAI) Turn ---
2026-04-17 17:12:34,993 - INFO - engine.game_state - Dice: 11
2026-04-17 17:12:35,003 - INFO - engine.game_state - Move: Academic Building
2026-04-17 17:12:35,158 - INFO - engine.game_state - Suggestion: Suggestion(Suspect=Hashem Sir, Weapon=Anti Cutter, Location=Academic Building)
2026-04-17 17:12:35,158 - INFO - engine.game_state - No one could disprove
2026-04-17 17:12:35,159 - INFO - engine.game_state - Accusation Decision: False
2026-04-17 17:12:35,159 - INFO - engine.game_state - --- AI Player 3 (NegamaxAI) Turn ---
2026-04-17 17:12:35,159 - INFO - engine.game_state - Dice: 6
2026-04-17 17:12:35,172 - INFO - engine.game_state - Move: Library
2026-04-17 17:12:35,300 - INFO - engine.game_state - Suggestion: Suggestion(Suspect=Hashem Sir, Weapon=Anti Cutter, Location=Library)
2026-04-17 17:12:35,300 - INFO - engine.game_state - AI Player 2 revealed a card
2026-04-17 17:12:35,301 - INFO - engine.game_state - Accusation Decision: False
2026-04-17 17:12:35,301 - INFO - engine.game_state - --- AI Player 2 (ExpectiminimaxAI) Turn ---
2026-04-17 17:12:35,301 - INFO - engine.game_state - Dice: 7
2026-04-17 17:12:35,313 - INFO - engine.game_state - Move: Library
2026-04-17 17:12:35,420 - INFO - engine.game_state - Suggestion: Suggestion(Suspect=Hashem Sir, Weapon=Anti Cutter, Location=Library)
2026-04-17 17:12:35,421 - INFO - engine.game_state - AI Player 3 revealed a card
2026-04-17 17:12:35,421 - INFO - engine.game_state - Accusation Decision: False
2026-04-17 17:12:35,421 - INFO - engine.game_state - --- AI Player 3 (NegamaxAI) Turn ---
2026-04-17 17:12:35,421 - INFO - engine.game_state - Dice: 8
2026-04-17 17:12:35,430 - INFO - engine.game_state - Move: Academic Building
2026-04-17 17:12:35,587 - INFO - engine.game_state - Suggestion: Suggestion(Suspect=Hashem Sir, Weapon=Anti Cutter, Location=Academic Building)
2026-04-17 17:12:35,588 - INFO - engine.game_state - AI Player 2 revealed a card
2026-04-17 17:12:35,588 - INFO - engine.game_state - Accusation Decision: False
2026-04-17 17:12:35,588 - INFO - engine.game_state - --- AI Player 2 (ExpectiminimaxAI) Turn ---
2026-04-17 17:12:35,588 - INFO - engine.game_state - Dice: 3
2026-04-17 17:12:35,595 - INFO - engine.game_state - Move: Pocket Gate
2026-04-17 17:12:35,725 - INFO - engine.game_state - Suggestion: Suggestion(Suspect=Hashem Sir, Weapon=Anti Cutter, Location=Pocket Gate)
2026-04-17 17:12:35,725 - INFO - engine.game_state - No one could disprove
2026-04-17 17:12:35,725 - INFO - engine.game_state - Accusation Decision: False
2026-04-17 17:12:35,725 - INFO - engine.game_state - --- AI Player 3 (NegamaxAI) Turn ---
2026-04-17 17:12:35,726 - INFO - engine.game_state - Dice: 11
2026-04-17 17:12:35,739 - INFO - engine.game_state - Move: Library
2026-04-17 17:12:35,896 - INFO - engine.game_state - Suggestion: Suggestion(Suspect=Hashem Sir, Weapon=Anti Cutter, Location=Library)
2026-04-17 17:12:35,897 - INFO - engine.game_state - AI Player 2 revealed a card
2026-04-17 17:12:35,897 - INFO - engine.game_state - Accusation Decision: False
2026-04-17 17:12:35,897 - INFO - engine.game_state - --- AI Player 2 (ExpectiminimaxAI) Turn ---
2026-04-17 17:12:35,897 - INFO - engine.game_state - Dice: 10
2026-04-17 17:12:35,909 - INFO - engine.game_state - Move: Central Field
2026-04-17 17:12:36,083 - INFO - engine.game_state - Suggestion: Suggestion(Suspect=Hashem Sir, Weapon=Anti Cutter, Location=Central Field)
2026-04-17 17:12:36,083 - INFO - engine.game_state - AI Player 1 revealed a card
2026-04-17 17:12:36,083 - INFO - engine.game_state - Accusation Decision: False
2026-04-17 17:12:36,084 - INFO - engine.game_state - --- AI Player 3 (NegamaxAI) Turn ---
2026-04-17 17:12:36,084 - INFO - engine.game_state - Dice: 7
2026-04-17 17:12:36,099 - INFO - engine.game_state - Move: Academic Building
2026-04-17 17:12:36,259 - INFO - engine.game_state - Suggestion: Suggestion(Suspect=Hashem Sir, Weapon=Anti Cutter, Location=Academic Building)
2026-04-17 17:12:36,260 - INFO - engine.game_state - AI Player 2 revealed a card
2026-04-17 17:12:36,260 - INFO - engine.game_state - Accusation Decision: False
2026-04-17 17:12:36,260 - INFO - engine.game_state - --- AI Player 2 (ExpectiminimaxAI) Turn ---
2026-04-17 17:12:36,260 - INFO - engine.game_state - Dice: 5
2026-04-17 17:12:36,268 - INFO - engine.game_state - Move: Amar Ekushey Hall
2026-04-17 17:12:36,365 - INFO - engine.game_state - Suggestion: Suggestion(Suspect=Hashem Sir, Weapon=Anti Cutter, Location=Amar Ekushey Hall)
2026-04-17 17:12:36,365 - INFO - engine.game_state - AI Player 3 revealed a card
2026-04-17 17:12:36,366 - INFO - engine.game_state - Accusation Decision: False
2026-04-17 17:12:36,366 - INFO - engine.game_state - --- AI Player 3 (NegamaxAI) Turn ---
2026-04-17 17:12:36,366 - INFO - engine.game_state - Dice: 7
2026-04-17 17:12:36,376 - INFO - engine.game_state - Move: Library
2026-04-17 17:12:36,486 - INFO - engine.game_state - Suggestion: Suggestion(Suspect=Hashem Sir, Weapon=Anti Cutter, Location=Library)
2026-04-17 17:12:36,487 - INFO - engine.game_state - AI Player 2 revealed a card
2026-04-17 17:12:36,487 - INFO - engine.game_state - Accusation Decision: False
2026-04-17 17:12:36,487 - INFO - engine.game_state - --- AI Player 2 (ExpectiminimaxAI) Turn ---
2026-04-17 17:12:36,487 - INFO - engine.game_state - Dice: 9
2026-04-17 17:12:36,496 - INFO - engine.game_state - Move: Rokeya Hall
2026-04-17 17:12:36,632 - INFO - engine.game_state - Suggestion: Suggestion(Suspect=Hashem Sir, Weapon=Anti Cutter, Location=Rokeya Hall)
2026-04-17 17:12:36,632 - INFO - engine.game_state - AI Player 3 revealed a card
2026-04-17 17:12:36,632 - INFO - engine.game_state - Accusation Decision: False
2026-04-17 17:12:36,632 - INFO - engine.game_state - --- AI Player 3 (NegamaxAI) Turn ---
2026-04-17 17:12:36,633 - INFO - engine.game_state - Dice: 4
2026-04-17 17:12:36,640 - INFO - engine.game_state - Move: Academic Building
2026-04-17 17:12:36,775 - INFO - engine.game_state - Suggestion: Suggestion(Suspect=Hashem Sir, Weapon=Anti Cutter, Location=Academic Building)
2026-04-17 17:12:36,775 - INFO - engine.game_state - AI Player 2 revealed a card
2026-04-17 17:12:36,775 - INFO - engine.game_state - Accusation Decision: False
2026-04-17 17:12:36,776 - INFO - engine.game_state - --- AI Player 2 (ExpectiminimaxAI) Turn ---
2026-04-17 17:12:36,776 - INFO - engine.game_state - Dice: 6
2026-04-17 17:12:36,790 - INFO - engine.game_state - Move: Pocket Gate
2026-04-17 17:12:36,886 - INFO - engine.game_state - Suggestion: Suggestion(Suspect=Hashem Sir, Weapon=Anti Cutter, Location=Pocket Gate)
2026-04-17 17:12:36,886 - INFO - engine.game_state - No one could disprove
2026-04-17 17:12:36,886 - INFO - engine.game_state - Accusation Decision: False
2026-04-17 17:12:36,887 - INFO - engine.game_state - --- AI Player 3 (NegamaxAI) Turn ---
2026-04-17 17:12:36,887 - INFO - engine.game_state - Dice: 4
2026-04-17 17:12:36,898 - INFO - engine.game_state - Move: Library
2026-04-17 17:12:37,043 - INFO - engine.game_state - Suggestion: Suggestion(Suspect=Hashem Sir, Weapon=Anti Cutter, Location=Library)
2026-04-17 17:12:37,043 - INFO - engine.game_state - AI Player 2 revealed a card
2026-04-17 17:12:37,044 - INFO - engine.game_state - Accusation Decision: False
2026-04-17 17:12:37,044 - INFO - engine.game_state - --- AI Player 2 (ExpectiminimaxAI) Turn ---
2026-04-17 17:12:37,044 - INFO - engine.game_state - Dice: 7
2026-04-17 17:12:37,060 - INFO - engine.game_state - Move: Central Field
2026-04-17 17:12:37,235 - INFO - engine.game_state - Suggestion: Suggestion(Suspect=Hashem Sir, Weapon=Anti Cutter, Location=Central Field)
2026-04-17 17:12:37,235 - INFO - engine.game_state - AI Player 1 revealed a card
2026-04-17 17:12:37,235 - INFO - engine.game_state - Accusation Decision: False
2026-04-17 17:12:37,235 - INFO - engine.game_state - --- AI Player 3 (NegamaxAI) Turn ---
2026-04-17 17:12:37,235 - INFO - engine.game_state - Dice: 4
2026-04-17 17:12:37,243 - INFO - engine.game_state - Move: Academic Building
2026-04-17 17:12:37,382 - INFO - engine.game_state - Suggestion: Suggestion(Suspect=Hashem Sir, Weapon=Anti Cutter, Location=Academic Building)
2026-04-17 17:12:37,383 - INFO - engine.game_state - AI Player 2 revealed a card
2026-04-17 17:12:37,383 - INFO - engine.game_state - Accusation Decision: False
2026-04-17 17:12:37,383 - INFO - engine.game_state - --- AI Player 2 (ExpectiminimaxAI) Turn ---
2026-04-17 17:12:37,383 - INFO - engine.game_state - Dice: 11
2026-04-17 17:12:37,393 - INFO - engine.game_state - Move: Pocket Gate
2026-04-17 17:12:37,474 - INFO - engine.game_state - Suggestion: Suggestion(Suspect=Hashem Sir, Weapon=Anti Cutter, Location=Pocket Gate)
2026-04-17 17:12:37,474 - INFO - engine.game_state - No one could disprove
2026-04-17 17:12:37,475 - INFO - engine.game_state - Accusation Decision: False
2026-04-17 17:12:37,475 - INFO - engine.game_state - --- AI Player 3 (NegamaxAI) Turn ---
2026-04-17 17:12:37,475 - INFO - engine.game_state - Dice: 5
2026-04-17 17:12:37,489 - INFO - engine.game_state - Move: Library
2026-04-17 17:12:37,624 - INFO - engine.game_state - Suggestion: Suggestion(Suspect=Hashem Sir, Weapon=Anti Cutter, Location=Library)
2026-04-17 17:12:37,624 - INFO - engine.game_state - AI Player 2 revealed a card
2026-04-17 17:12:37,624 - INFO - engine.game_state - Accusation Decision: False
2026-04-17 17:12:37,624 - INFO - engine.game_state - --- AI Player 2 (ExpectiminimaxAI) Turn ---
2026-04-17 17:12:37,625 - INFO - engine.game_state - Dice: 6
2026-04-17 17:12:37,634 - INFO - engine.game_state - Move: Central Field
2026-04-17 17:12:37,819 - INFO - engine.game_state - Suggestion: Suggestion(Suspect=Hashem Sir, Weapon=Anti Cutter, Location=Central Field)
2026-04-17 17:12:37,820 - INFO - engine.game_state - AI Player 1 revealed a card
2026-04-17 17:12:37,820 - INFO - engine.game_state - Accusation Decision: False
2026-04-17 17:12:37,820 - INFO - engine.game_state - --- AI Player 3 (NegamaxAI) Turn ---
2026-04-17 17:12:37,820 - INFO - engine.game_state - Dice: 11
2026-04-17 17:12:37,832 - INFO - engine.game_state - Move: Academic Building
2026-04-17 17:12:37,988 - INFO - engine.game_state - Suggestion: Suggestion(Suspect=Hashem Sir, Weapon=Anti Cutter, Location=Academic Building)
2026-04-17 17:12:37,989 - INFO - engine.game_state - AI Player 2 revealed a card
2026-04-17 17:12:37,989 - INFO - engine.game_state - Accusation Decision: False
2026-04-17 17:12:37,989 - INFO - engine.game_state - --- AI Player 2 (ExpectiminimaxAI) Turn ---
2026-04-17 17:12:37,989 - INFO - engine.game_state - Dice: 6
2026-04-17 17:12:38,004 - INFO - engine.game_state - Move: Pocket Gate
2026-04-17 17:12:38,093 - INFO - engine.game_state - Suggestion: Suggestion(Suspect=Hashem Sir, Weapon=Anti Cutter, Location=Pocket Gate)
2026-04-17 17:12:38,093 - INFO - engine.game_state - No one could disprove
2026-04-17 17:12:38,093 - INFO - engine.game_state - Accusation Decision: False
2026-04-17 17:12:38,093 - INFO - engine.game_state - --- AI Player 3 (NegamaxAI) Turn ---
2026-04-17 17:12:38,093 - INFO - engine.game_state - Dice: 8
2026-04-17 17:12:38,106 - INFO - engine.game_state - Move: Library
2026-04-17 17:12:38,246 - INFO - engine.game_state - Suggestion: Suggestion(Suspect=Hashem Sir, Weapon=Anti Cutter, Location=Library)
2026-04-17 17:12:38,246 - INFO - engine.game_state - AI Player 2 revealed a card
2026-04-17 17:12:38,246 - INFO - engine.game_state - Accusation Decision: False
2026-04-17 17:12:38,246 - INFO - engine.game_state - --- AI Player 2 (ExpectiminimaxAI) Turn ---
2026-04-17 17:12:38,247 - INFO - engine.game_state - Dice: 6
2026-04-17 17:12:38,254 - INFO - engine.game_state - Move: Central Field
2026-04-17 17:12:38,419 - INFO - engine.game_state - Suggestion: Suggestion(Suspect=Hashem Sir, Weapon=Anti Cutter, Location=Central Field)
2026-04-17 17:12:38,419 - INFO - engine.game_state - AI Player 1 revealed a card
2026-04-17 17:12:38,419 - INFO - engine.game_state - Accusation Decision: False
2026-04-17 17:12:38,420 - INFO - engine.game_state - --- AI Player 3 (NegamaxAI) Turn ---
2026-04-17 17:12:38,420 - INFO - engine.game_state - Dice: 8
2026-04-17 17:12:38,433 - INFO - engine.game_state - Move: Academic Building
2026-04-17 17:12:38,557 - INFO - engine.game_state - Suggestion: Suggestion(Suspect=Hashem Sir, Weapon=Anti Cutter, Location=Academic Building)
2026-04-17 17:12:38,557 - INFO - engine.game_state - AI Player 2 revealed a card
2026-04-17 17:12:38,557 - INFO - engine.game_state - Accusation Decision: False
2026-04-17 17:12:38,557 - INFO - engine.game_state - --- AI Player 2 (ExpectiminimaxAI) Turn ---
2026-04-17 17:12:38,557 - INFO - engine.game_state - Dice: 8
2026-04-17 17:12:38,574 - INFO - engine.game_state - Move: Pocket Gate
2026-04-17 17:12:38,652 - INFO - engine.game_state - Suggestion: Suggestion(Suspect=Hashem Sir, Weapon=Anti Cutter, Location=Pocket Gate)
2026-04-17 17:12:38,652 - INFO - engine.game_state - No one could disprove
2026-04-17 17:12:38,652 - INFO - engine.game_state - Accusation Decision: False
2026-04-17 17:12:38,652 - INFO - engine.game_state - --- AI Player 3 (NegamaxAI) Turn ---
2026-04-17 17:12:38,652 - INFO - engine.game_state - Dice: 6
2026-04-17 17:12:38,667 - INFO - engine.game_state - Move: Library
2026-04-17 17:12:38,793 - INFO - engine.game_state - Suggestion: Suggestion(Suspect=Hashem Sir, Weapon=Anti Cutter, Location=Library)
2026-04-17 17:12:38,794 - INFO - engine.game_state - AI Player 2 revealed a card
2026-04-17 17:12:38,794 - INFO - engine.game_state - Accusation Decision: False
2026-04-17 17:12:38,794 - INFO - engine.game_state - --- AI Player 2 (ExpectiminimaxAI) Turn ---
2026-04-17 17:12:38,794 - INFO - engine.game_state - Dice: 11
2026-04-17 17:12:38,805 - INFO - engine.game_state - Move: Central Field
2026-04-17 17:12:38,945 - INFO - engine.game_state - Suggestion: Suggestion(Suspect=Hashem Sir, Weapon=Anti Cutter, Location=Central Field)
2026-04-17 17:12:38,946 - INFO - engine.game_state - AI Player 1 revealed a card
2026-04-17 17:12:38,946 - INFO - engine.game_state - Accusation Decision: False
2026-04-17 17:12:38,946 - INFO - engine.game_state - --- AI Player 3 (NegamaxAI) Turn ---
2026-04-17 17:12:38,947 - INFO - engine.game_state - Dice: 5
2026-04-17 17:12:38,960 - INFO - engine.game_state - Move: Academic Building
2026-04-17 17:12:39,097 - INFO - engine.game_state - Suggestion: Suggestion(Suspect=Hashem Sir, Weapon=Anti Cutter, Location=Academic Building)
2026-04-17 17:12:39,097 - INFO - engine.game_state - AI Player 2 revealed a card
2026-04-17 17:12:39,098 - INFO - engine.game_state - Accusation Decision: False
2026-04-17 17:12:39,098 - INFO - engine.game_state - --- AI Player 2 (ExpectiminimaxAI) Turn ---
2026-04-17 17:12:39,098 - INFO - engine.game_state - Dice: 8
2026-04-17 17:12:39,113 - INFO - engine.game_state - Move: Pocket Gate
2026-04-17 17:12:39,193 - INFO - engine.game_state - Suggestion: Suggestion(Suspect=Hashem Sir, Weapon=Anti Cutter, Location=Pocket Gate)
2026-04-17 17:12:39,193 - INFO - engine.game_state - No one could disprove
2026-04-17 17:12:39,193 - INFO - engine.game_state - Accusation Decision: False
2026-04-17 17:12:39,194 - INFO - engine.game_state - --- AI Player 3 (NegamaxAI) Turn ---
2026-04-17 17:12:39,194 - INFO - engine.game_state - Dice: 5
2026-04-17 17:12:39,207 - INFO - engine.game_state - Move: Library
2026-04-17 17:12:39,341 - INFO - engine.game_state - Suggestion: Suggestion(Suspect=Hashem Sir, Weapon=Anti Cutter, Location=Library)
2026-04-17 17:12:39,342 - INFO - engine.game_state - AI Player 2 revealed a card
2026-04-17 17:12:39,342 - INFO - engine.game_state - Accusation Decision: False
2026-04-17 17:12:39,342 - INFO - engine.game_state - --- AI Player 2 (ExpectiminimaxAI) Turn ---
2026-04-17 17:12:39,342 - INFO - engine.game_state - Dice: 8
2026-04-17 17:12:39,351 - INFO - engine.game_state - Move: Central Field
2026-04-17 17:12:39,513 - INFO - engine.game_state - Suggestion: Suggestion(Suspect=Hashem Sir, Weapon=Anti Cutter, Location=Central Field)
2026-04-17 17:12:39,514 - INFO - engine.game_state - AI Player 1 revealed a card
2026-04-17 17:12:39,514 - INFO - engine.game_state - Accusation Decision: False
2026-04-17 17:12:39,514 - INFO - engine.game_state - --- AI Player 3 (NegamaxAI) Turn ---
2026-04-17 17:12:39,514 - INFO - engine.game_state - Dice: 11
2026-04-17 17:12:39,528 - INFO - engine.game_state - Move: Academic Building
2026-04-17 17:12:39,680 - INFO - engine.game_state - Suggestion: Suggestion(Suspect=Hashem Sir, Weapon=Anti Cutter, Location=Academic Building)
2026-04-17 17:12:39,680 - INFO - engine.game_state - AI Player 2 revealed a card
2026-04-17 17:12:39,680 - INFO - engine.game_state - Accusation Decision: False
2026-04-17 17:12:39,680 - INFO - engine.game_state - --- AI Player 2 (ExpectiminimaxAI) Turn ---
2026-04-17 17:12:39,681 - INFO - engine.game_state - Dice: 7
2026-04-17 17:12:39,696 - INFO - engine.game_state - Move: Pocket Gate
2026-04-17 17:12:39,773 - INFO - engine.game_state - Suggestion: Suggestion(Suspect=Hashem Sir, Weapon=Anti Cutter, Location=Pocket Gate)
2026-04-17 17:12:39,773 - INFO - engine.game_state - No one could disprove
2026-04-17 17:12:39,773 - INFO - engine.game_state - Accusation Decision: False
2026-04-17 17:12:39,773 - INFO - engine.game_state - --- AI Player 3 (NegamaxAI) Turn ---
2026-04-17 17:12:39,773 - INFO - engine.game_state - Dice: 7
2026-04-17 17:12:39,788 - INFO - engine.game_state - Move: Library
2026-04-17 17:12:39,922 - INFO - engine.game_state - Suggestion: Suggestion(Suspect=Hashem Sir, Weapon=Anti Cutter, Location=Library)
2026-04-17 17:12:39,922 - INFO - engine.game_state - AI Player 2 revealed a card
2026-04-17 17:12:39,922 - INFO - engine.game_state - Accusation Decision: False
2026-04-17 17:12:39,922 - INFO - engine.game_state - --- AI Player 2 (ExpectiminimaxAI) Turn ---
2026-04-17 17:12:39,922 - INFO - engine.game_state - Dice: 5
2026-04-17 17:12:39,934 - INFO - engine.game_state - Move: Central Field
2026-04-17 17:12:40,096 - INFO - engine.game_state - Suggestion: Suggestion(Suspect=Hashem Sir, Weapon=Anti Cutter, Location=Central Field)
2026-04-17 17:12:40,096 - INFO - engine.game_state - AI Player 1 revealed a card
2026-04-17 17:12:40,096 - INFO - engine.game_state - Accusation Decision: False
2026-04-17 17:12:40,096 - INFO - engine.game_state - --- AI Player 3 (NegamaxAI) Turn ---
2026-04-17 17:12:40,096 - INFO - engine.game_state - Dice: 3
2026-04-17 17:12:40,104 - INFO - engine.game_state - Move: VC Room
2026-04-17 17:12:40,219 - INFO - engine.game_state - Suggestion: Suggestion(Suspect=Hashem Sir, Weapon=Anti Cutter, Location=VC Room)
2026-04-17 17:12:40,219 - INFO - engine.game_state - AI Player 2 revealed a card
2026-04-17 17:12:40,219 - INFO - engine.game_state - Accusation Decision: False
2026-04-17 17:12:40,220 - INFO - engine.game_state - --- AI Player 2 (ExpectiminimaxAI) Turn ---
2026-04-17 17:12:40,220 - INFO - engine.game_state - Dice: 11
2026-04-17 17:12:40,238 - INFO - engine.game_state - Move: Pocket Gate
2026-04-17 17:12:40,322 - INFO - engine.game_state - Suggestion: Suggestion(Suspect=Hashem Sir, Weapon=Anti Cutter, Location=Pocket Gate)
2026-04-17 17:12:40,322 - INFO - engine.game_state - No one could disprove
2026-04-17 17:12:40,323 - INFO - engine.game_state - Accusation Decision: False
2026-04-17 17:12:40,323 - INFO - engine.game_state - --- AI Player 3 (NegamaxAI) Turn ---
2026-04-17 17:12:40,323 - INFO - engine.game_state - Dice: 12
2026-04-17 17:12:40,332 - INFO - engine.game_state - Move: Library
2026-04-17 17:12:40,470 - INFO - engine.game_state - Suggestion: Suggestion(Suspect=Hashem Sir, Weapon=Anti Cutter, Location=Library)
2026-04-17 17:12:40,471 - INFO - engine.game_state - AI Player 2 revealed a card
2026-04-17 17:12:40,471 - INFO - engine.game_state - Accusation Decision: False
2026-04-17 17:12:40,471 - INFO - engine.game_state - --- AI Player 2 (ExpectiminimaxAI) Turn ---
2026-04-17 17:12:40,471 - INFO - engine.game_state - Dice: 4
2026-04-17 17:12:40,482 - INFO - engine.game_state - Move: Central Field
2026-04-17 17:12:40,660 - INFO - engine.game_state - Suggestion: Suggestion(Suspect=Hashem Sir, Weapon=Anti Cutter, Location=Central Field)
2026-04-17 17:12:40,660 - INFO - engine.game_state - AI Player 1 revealed a card
2026-04-17 17:12:40,660 - INFO - engine.game_state - Accusation Decision: False
2026-04-17 17:12:40,661 - INFO - engine.game_state - --- AI Player 3 (NegamaxAI) Turn ---
2026-04-17 17:12:40,661 - INFO - engine.game_state - Dice: 5
2026-04-17 17:12:40,669 - INFO - engine.game_state - Move: Academic Building
2026-04-17 17:12:40,810 - INFO - engine.game_state - Suggestion: Suggestion(Suspect=Hashem Sir, Weapon=Anti Cutter, Location=Academic Building)
2026-04-17 17:12:40,810 - INFO - engine.game_state - AI Player 2 revealed a card
2026-04-17 17:12:40,810 - INFO - engine.game_state - Accusation Decision: False
2026-04-17 17:12:40,810 - INFO - engine.game_state - --- AI Player 2 (ExpectiminimaxAI) Turn ---
2026-04-17 17:12:40,811 - INFO - engine.game_state - Dice: 10
2026-04-17 17:12:40,828 - INFO - engine.game_state - Move: Pocket Gate
2026-04-17 17:12:40,915 - INFO - engine.game_state - Suggestion: Suggestion(Suspect=Hashem Sir, Weapon=Anti Cutter, Location=Pocket Gate)
2026-04-17 17:12:40,915 - INFO - engine.game_state - No one could disprove
2026-04-17 17:12:40,915 - INFO - engine.game_state - Accusation Decision: False
2026-04-17 17:12:40,916 - INFO - engine.game_state - --- AI Player 3 (NegamaxAI) Turn ---
2026-04-17 17:12:40,916 - INFO - engine.game_state - Dice: 4
2026-04-17 17:12:40,931 - INFO - engine.game_state - Move: Library
2026-04-17 17:12:41,062 - INFO - engine.game_state - Suggestion: Suggestion(Suspect=Hashem Sir, Weapon=Anti Cutter, Location=Library)
2026-04-17 17:12:41,062 - INFO - engine.game_state - AI Player 2 revealed a card
2026-04-17 17:12:41,062 - INFO - engine.game_state - Accusation Decision: False
2026-04-17 17:12:41,062 - INFO - engine.game_state - --- AI Player 2 (ExpectiminimaxAI) Turn ---
2026-04-17 17:12:41,062 - INFO - engine.game_state - Dice: 7
2026-04-17 17:12:41,076 - INFO - engine.game_state - Move: Central Field
2026-04-17 17:12:41,252 - INFO - engine.game_state - Suggestion: Suggestion(Suspect=Hashem Sir, Weapon=Anti Cutter, Location=Central Field)
2026-04-17 17:12:41,252 - INFO - engine.game_state - AI Player 1 revealed a card
2026-04-17 17:12:41,252 - INFO - engine.game_state - Accusation Decision: False
2026-04-17 17:12:41,253 - INFO - engine.game_state - --- AI Player 3 (NegamaxAI) Turn ---
2026-04-17 17:12:41,253 - INFO - engine.game_state - Dice: 7
2026-04-17 17:12:41,270 - INFO - engine.game_state - Move: Academic Building
2026-04-17 17:12:41,424 - INFO - engine.game_state - Suggestion: Suggestion(Suspect=Hashem Sir, Weapon=Anti Cutter, Location=Academic Building)
2026-04-17 17:12:41,424 - INFO - engine.game_state - AI Player 2 revealed a card
2026-04-17 17:12:41,425 - INFO - engine.game_state - Accusation Decision: False
2026-04-17 17:12:41,425 - INFO - engine.game_state - --- AI Player 2 (ExpectiminimaxAI) Turn ---
2026-04-17 17:12:41,425 - INFO - engine.game_state - Dice: 8
2026-04-17 17:12:41,440 - INFO - engine.game_state - Move: Pocket Gate
2026-04-17 17:12:41,527 - INFO - engine.game_state - Suggestion: Suggestion(Suspect=Hashem Sir, Weapon=Anti Cutter, Location=Pocket Gate)
2026-04-17 17:12:41,527 - INFO - engine.game_state - No one could disprove
2026-04-17 17:12:41,527 - INFO - engine.game_state - Accusation Decision: False
2026-04-17 17:12:41,527 - INFO - engine.game_state - --- AI Player 3 (NegamaxAI) Turn ---
2026-04-17 17:12:41,527 - INFO - engine.game_state - Dice: 9
2026-04-17 17:12:41,542 - INFO - engine.game_state - Move: Library
2026-04-17 17:12:41,675 - INFO - engine.game_state - Suggestion: Suggestion(Suspect=Hashem Sir, Weapon=Anti Cutter, Location=Library)
2026-04-17 17:12:41,675 - INFO - engine.game_state - AI Player 2 revealed a card
2026-04-17 17:12:41,675 - INFO - engine.game_state - Accusation Decision: False
2026-04-17 17:12:41,676 - INFO - engine.game_state - --- AI Player 2 (ExpectiminimaxAI) Turn ---
2026-04-17 17:12:41,676 - INFO - engine.game_state - Dice: 7
2026-04-17 17:12:41,690 - INFO - engine.game_state - Move: Central Field
2026-04-17 17:12:41,863 - INFO - engine.game_state - Suggestion: Suggestion(Suspect=Hashem Sir, Weapon=Anti Cutter, Location=Central Field)
2026-04-17 17:12:41,864 - INFO - engine.game_state - AI Player 1 revealed a card
2026-04-17 17:12:41,864 - INFO - engine.game_state - Accusation Decision: False
2026-04-17 17:12:41,864 - INFO - engine.game_state - --- AI Player 3 (NegamaxAI) Turn ---
2026-04-17 17:12:41,864 - INFO - engine.game_state - Dice: 6
2026-04-17 17:12:41,877 - INFO - engine.game_state - Move: Academic Building
2026-04-17 17:12:42,021 - INFO - engine.game_state - Suggestion: Suggestion(Suspect=Hashem Sir, Weapon=Anti Cutter, Location=Academic Building)
2026-04-17 17:12:42,021 - INFO - engine.game_state - AI Player 2 revealed a card
2026-04-17 17:12:42,021 - INFO - engine.game_state - Accusation Decision: False
2026-04-17 17:12:42,021 - INFO - engine.game_state - --- AI Player 2 (ExpectiminimaxAI) Turn ---
2026-04-17 17:12:42,021 - INFO - engine.game_state - Dice: 9
2026-04-17 17:12:42,034 - INFO - engine.game_state - Move: Pocket Gate
2026-04-17 17:12:42,107 - INFO - engine.game_state - Suggestion: Suggestion(Suspect=Hashem Sir, Weapon=Anti Cutter, Location=Pocket Gate)
2026-04-17 17:12:42,107 - INFO - engine.game_state - No one could disprove
2026-04-17 17:12:42,107 - INFO - engine.game_state - Accusation Decision: False
2026-04-17 17:12:42,107 - INFO - engine.game_state - --- AI Player 3 (NegamaxAI) Turn ---
2026-04-17 17:12:42,108 - INFO - engine.game_state - Dice: 9
2026-04-17 17:12:42,123 - INFO - engine.game_state - Move: Library
2026-04-17 17:12:42,255 - INFO - engine.game_state - Suggestion: Suggestion(Suspect=Hashem Sir, Weapon=Anti Cutter, Location=Library)
2026-04-17 17:12:42,255 - INFO - engine.game_state - AI Player 2 revealed a card
2026-04-17 17:12:42,255 - INFO - engine.game_state - Accusation Decision: False
2026-04-17 17:12:42,255 - INFO - engine.game_state - --- AI Player 2 (ExpectiminimaxAI) Turn ---
2026-04-17 17:12:42,256 - INFO - engine.game_state - Dice: 2
2026-04-17 17:12:42,261 - INFO - engine.game_state - Move: Central Field
2026-04-17 17:12:42,324 - INFO - engine.game_state - Suggestion: Suggestion(Suspect=Hashem Sir, Weapon=Anti Cutter, Location=Central Field)
2026-04-17 17:12:42,324 - INFO - engine.game_state - AI Player 1 revealed a card
2026-04-17 17:12:42,324 - INFO - engine.game_state - Accusation Decision: False
2026-04-17 17:12:42,325 - INFO - engine.game_state - --- AI Player 3 (NegamaxAI) Turn ---
2026-04-17 17:12:42,325 - INFO - engine.game_state - Dice: 7
2026-04-17 17:12:42,337 - INFO - engine.game_state - Move: Academic Building
2026-04-17 17:12:42,480 - INFO - engine.game_state - Suggestion: Suggestion(Suspect=Hashem Sir, Weapon=Anti Cutter, Location=Academic Building)
2026-04-17 17:12:42,481 - INFO - engine.game_state - AI Player 2 revealed a card
2026-04-17 17:12:42,481 - INFO - engine.game_state - Accusation Decision: False
2026-04-17 17:12:42,481 - INFO - engine.game_state - --- AI Player 2 (ExpectiminimaxAI) Turn ---
2026-04-17 17:12:42,481 - INFO - engine.game_state - Dice: 8
2026-04-17 17:12:42,496 - INFO - engine.game_state - Move: Pocket Gate
2026-04-17 17:12:42,580 - INFO - engine.game_state - Suggestion: Suggestion(Suspect=Hashem Sir, Weapon=Anti Cutter, Location=Pocket Gate)
2026-04-17 17:12:42,580 - INFO - engine.game_state - No one could disprove
2026-04-17 17:12:42,580 - INFO - engine.game_state - Accusation Decision: False
2026-04-17 17:12:42,580 - INFO - engine.game_state - --- AI Player 3 (NegamaxAI) Turn ---
2026-04-17 17:12:42,580 - INFO - engine.game_state - Dice: 5
2026-04-17 17:12:42,595 - INFO - engine.game_state - Move: Library
2026-04-17 17:12:42,740 - INFO - engine.game_state - Suggestion: Suggestion(Suspect=Hashem Sir, Weapon=Anti Cutter, Location=Library)
2026-04-17 17:12:42,741 - INFO - engine.game_state - AI Player 2 revealed a card
2026-04-17 17:12:42,741 - INFO - engine.game_state - Accusation Decision: False
2026-04-17 17:12:42,741 - INFO - engine.game_state - --- AI Player 2 (ExpectiminimaxAI) Turn ---
2026-04-17 17:12:42,741 - INFO - engine.game_state - Dice: 10
2026-04-17 17:12:42,753 - INFO - engine.game_state - Move: Central Field
2026-04-17 17:12:42,942 - INFO - engine.game_state - Suggestion: Suggestion(Suspect=Hashem Sir, Weapon=Anti Cutter, Location=Central Field)
2026-04-17 17:12:42,942 - INFO - engine.game_state - AI Player 1 revealed a card
2026-04-17 17:12:42,942 - INFO - engine.game_state - Accusation Decision: False
2026-04-17 17:12:42,942 - INFO - engine.game_state - --- AI Player 3 (NegamaxAI) Turn ---
2026-04-17 17:12:42,943 - INFO - engine.game_state - Dice: 9
2026-04-17 17:12:42,956 - INFO - engine.game_state - Move: Academic Building
2026-04-17 17:12:43,114 - INFO - engine.game_state - Suggestion: Suggestion(Suspect=Hashem Sir, Weapon=Anti Cutter, Location=Academic Building)
2026-04-17 17:12:43,115 - INFO - engine.game_state - AI Player 2 revealed a card
2026-04-17 17:12:43,115 - INFO - engine.game_state - Accusation Decision: False
2026-04-17 17:12:43,115 - INFO - engine.game_state - --- AI Player 2 (ExpectiminimaxAI) Turn ---
2026-04-17 17:12:43,115 - INFO - engine.game_state - Dice: 7
2026-04-17 17:12:43,133 - INFO - engine.game_state - Move: Pocket Gate
2026-04-17 17:12:43,217 - INFO - engine.game_state - Suggestion: Suggestion(Suspect=Hashem Sir, Weapon=Anti Cutter, Location=Pocket Gate)
2026-04-17 17:12:43,217 - INFO - engine.game_state - No one could disprove
2026-04-17 17:12:43,217 - INFO - engine.game_state - Accusation Decision: False
2026-04-17 17:12:43,217 - INFO - engine.game_state - --- AI Player 3 (NegamaxAI) Turn ---
2026-04-17 17:12:43,218 - INFO - engine.game_state - Dice: 4
2026-04-17 17:12:43,233 - INFO - engine.game_state - Move: Library
2026-04-17 17:12:43,366 - INFO - engine.game_state - Suggestion: Suggestion(Suspect=Hashem Sir, Weapon=Anti Cutter, Location=Library)
2026-04-17 17:12:43,367 - INFO - engine.game_state - AI Player 2 revealed a card
2026-04-17 17:12:43,367 - INFO - engine.game_state - Accusation Decision: False
2026-04-17 17:12:43,367 - INFO - engine.game_state - --- AI Player 2 (ExpectiminimaxAI) Turn ---
2026-04-17 17:12:43,367 - INFO - engine.game_state - Dice: 8
2026-04-17 17:12:43,381 - INFO - engine.game_state - Move: Central Field
2026-04-17 17:12:43,569 - INFO - engine.game_state - Suggestion: Suggestion(Suspect=Hashem Sir, Weapon=Anti Cutter, Location=Central Field)
2026-04-17 17:12:43,570 - INFO - engine.game_state - AI Player 1 revealed a card
2026-04-17 17:12:43,570 - INFO - engine.game_state - Accusation Decision: False
2026-04-17 17:12:43,570 - INFO - engine.game_state - --- AI Player 3 (NegamaxAI) Turn ---
2026-04-17 17:12:43,570 - INFO - engine.game_state - Dice: 7
2026-04-17 17:12:43,583 - INFO - engine.game_state - Move: Academic Building
2026-04-17 17:12:43,722 - INFO - engine.game_state - Suggestion: Suggestion(Suspect=Hashem Sir, Weapon=Anti Cutter, Location=Academic Building)
2026-04-17 17:12:43,722 - INFO - engine.game_state - AI Player 2 revealed a card
2026-04-17 17:12:43,722 - INFO - engine.game_state - Accusation Decision: False
2026-04-17 17:12:43,722 - INFO - engine.game_state - --- AI Player 2 (ExpectiminimaxAI) Turn ---
2026-04-17 17:12:43,723 - INFO - engine.game_state - Dice: 4
2026-04-17 17:12:43,736 - INFO - engine.game_state - Move: Pocket Gate
2026-04-17 17:12:43,808 - INFO - engine.game_state - Suggestion: Suggestion(Suspect=Hashem Sir, Weapon=Anti Cutter, Location=Pocket Gate)
2026-04-17 17:12:43,808 - INFO - engine.game_state - No one could disprove
2026-04-17 17:12:43,808 - INFO - engine.game_state - Accusation Decision: False
2026-04-17 17:12:43,809 - INFO - engine.game_state - --- AI Player 3 (NegamaxAI) Turn ---
2026-04-17 17:12:43,809 - INFO - engine.game_state - Dice: 10
2026-04-17 17:12:43,821 - INFO - engine.game_state - Move: Library
2026-04-17 17:12:43,960 - INFO - engine.game_state - Suggestion: Suggestion(Suspect=Hashem Sir, Weapon=Anti Cutter, Location=Library)
2026-04-17 17:12:43,960 - INFO - engine.game_state - AI Player 2 revealed a card
2026-04-17 17:12:43,960 - INFO - engine.game_state - Accusation Decision: False
2026-04-17 17:12:43,961 - INFO - engine.game_state - --- AI Player 2 (ExpectiminimaxAI) Turn ---
2026-04-17 17:12:43,961 - INFO - engine.game_state - Dice: 7
2026-04-17 17:12:43,975 - INFO - engine.game_state - Move: Central Field
2026-04-17 17:12:44,127 - INFO - engine.game_state - Suggestion: Suggestion(Suspect=Hashem Sir, Weapon=Anti Cutter, Location=Central Field)
2026-04-17 17:12:44,128 - INFO - engine.game_state - AI Player 1 revealed a card
2026-04-17 17:12:44,128 - INFO - engine.game_state - Accusation Decision: False
2026-04-17 17:12:44,128 - INFO - engine.game_state - --- AI Player 3 (NegamaxAI) Turn ---
2026-04-17 17:12:44,128 - INFO - engine.game_state - Dice: 4
2026-04-17 17:12:44,135 - INFO - engine.game_state - Move: Academic Building
2026-04-17 17:12:44,263 - INFO - engine.game_state - Suggestion: Suggestion(Suspect=Hashem Sir, Weapon=Anti Cutter, Location=Academic Building)
2026-04-17 17:12:44,263 - INFO - engine.game_state - AI Player 2 revealed a card
2026-04-17 17:12:44,264 - INFO - engine.game_state - Accusation Decision: False
2026-04-17 17:12:44,264 - INFO - engine.game_state - --- AI Player 2 (ExpectiminimaxAI) Turn ---
2026-04-17 17:12:44,264 - INFO - engine.game_state - Dice: 7
2026-04-17 17:12:44,278 - INFO - engine.game_state - Move: Pocket Gate
2026-04-17 17:12:44,356 - INFO - engine.game_state - Suggestion: Suggestion(Suspect=Hashem Sir, Weapon=Anti Cutter, Location=Pocket Gate)
2026-04-17 17:12:44,356 - INFO - engine.game_state - No one could disprove
2026-04-17 17:12:44,356 - INFO - engine.game_state - Accusation Decision: False
2026-04-17 17:12:44,356 - INFO - engine.game_state - --- AI Player 3 (NegamaxAI) Turn ---
2026-04-17 17:12:44,357 - INFO - engine.game_state - Dice: 7
2026-04-17 17:12:44,365 - INFO - engine.game_state - Move: Library
2026-04-17 17:12:44,496 - INFO - engine.game_state - Suggestion: Suggestion(Suspect=Hashem Sir, Weapon=Anti Cutter, Location=Library)
2026-04-17 17:12:44,496 - INFO - engine.game_state - AI Player 2 revealed a card
2026-04-17 17:12:44,496 - INFO - engine.game_state - Accusation Decision: False
2026-04-17 17:12:44,497 - INFO - engine.game_state - --- AI Player 2 (ExpectiminimaxAI) Turn ---
2026-04-17 17:12:44,497 - INFO - engine.game_state - Dice: 5
2026-04-17 17:12:44,510 - INFO - engine.game_state - Move: Central Field
2026-04-17 17:12:44,650 - INFO - engine.game_state - Suggestion: Suggestion(Suspect=Hashem Sir, Weapon=Anti Cutter, Location=Central Field)
2026-04-17 17:12:44,651 - INFO - engine.game_state - AI Player 1 revealed a card
2026-04-17 17:12:44,651 - INFO - engine.game_state - Accusation Decision: False
2026-04-17 17:12:44,651 - INFO - engine.game_state - --- AI Player 3 (NegamaxAI) Turn ---
2026-04-17 17:12:44,652 - INFO - engine.game_state - Dice: 6
2026-04-17 17:12:44,659 - INFO - engine.game_state - Move: Academic Building
2026-04-17 17:12:44,816 - INFO - engine.game_state - Suggestion: Suggestion(Suspect=Hashem Sir, Weapon=Anti Cutter, Location=Academic Building)
2026-04-17 17:12:44,817 - INFO - engine.game_state - AI Player 2 revealed a card
2026-04-17 17:12:44,817 - INFO - engine.game_state - Accusation Decision: False
2026-04-17 17:12:44,817 - INFO - engine.game_state - --- AI Player 2 (ExpectiminimaxAI) Turn ---
2026-04-17 17:12:44,817 - INFO - engine.game_state - Dice: 8
2026-04-17 17:12:44,833 - INFO - engine.game_state - Move: Pocket Gate
2026-04-17 17:12:44,918 - INFO - engine.game_state - Suggestion: Suggestion(Suspect=Hashem Sir, Weapon=Anti Cutter, Location=Pocket Gate)
2026-04-17 17:12:44,918 - INFO - engine.game_state - No one could disprove
2026-04-17 17:12:44,918 - INFO - engine.game_state - Accusation Decision: False
2026-04-17 17:12:44,918 - INFO - engine.game_state - --- AI Player 3 (NegamaxAI) Turn ---
2026-04-17 17:12:44,919 - INFO - engine.game_state - Dice: 10
2026-04-17 17:12:44,933 - INFO - engine.game_state - Move: Library
2026-04-17 17:12:45,065 - INFO - engine.game_state - Suggestion: Suggestion(Suspect=Hashem Sir, Weapon=Anti Cutter, Location=Library)
2026-04-17 17:12:45,066 - INFO - engine.game_state - AI Player 2 revealed a card
2026-04-17 17:12:45,066 - INFO - engine.game_state - Accusation Decision: False
2026-04-17 17:12:45,066 - INFO - engine.game_state - --- AI Player 2 (ExpectiminimaxAI) Turn ---
2026-04-17 17:12:45,066 - INFO - engine.game_state - Dice: 5
2026-04-17 17:12:45,079 - INFO - engine.game_state - Move: Central Field
2026-04-17 17:12:45,254 - INFO - engine.game_state - Suggestion: Suggestion(Suspect=Hashem Sir, Weapon=Anti Cutter, Location=Central Field)
2026-04-17 17:12:45,255 - INFO - engine.game_state - AI Player 1 revealed a card
2026-04-17 17:12:45,255 - INFO - engine.game_state - Accusation Decision: False
2026-04-17 17:12:45,255 - INFO - engine.game_state - --- AI Player 3 (NegamaxAI) Turn ---
2026-04-17 17:12:45,255 - INFO - engine.game_state - Dice: 10
2026-04-17 17:12:45,265 - INFO - engine.game_state - Move: Academic Building
2026-04-17 17:12:45,417 - INFO - engine.game_state - Suggestion: Suggestion(Suspect=Hashem Sir, Weapon=Anti Cutter, Location=Academic Building)
2026-04-17 17:12:45,418 - INFO - engine.game_state - AI Player 2 revealed a card
2026-04-17 17:12:45,418 - INFO - engine.game_state - Accusation Decision: False
2026-04-17 17:12:45,419 - INFO - engine.game_state - --- AI Player 2 (ExpectiminimaxAI) Turn ---
2026-04-17 17:12:45,419 - INFO - engine.game_state - Dice: 7
2026-04-17 17:12:45,436 - INFO - engine.game_state - Move: Pocket Gate
2026-04-17 17:12:45,522 - INFO - engine.game_state - Suggestion: Suggestion(Suspect=Hashem Sir, Weapon=Anti Cutter, Location=Pocket Gate)
2026-04-17 17:12:45,522 - INFO - engine.game_state - No one could disprove
2026-04-17 17:12:45,522 - INFO - engine.game_state - Accusation Decision: False
2026-04-17 17:12:45,523 - INFO - engine.game_state - --- AI Player 3 (NegamaxAI) Turn ---
2026-04-17 17:12:45,523 - INFO - engine.game_state - Dice: 10
2026-04-17 17:12:45,536 - INFO - engine.game_state - Move: Library
2026-04-17 17:12:45,672 - INFO - engine.game_state - Suggestion: Suggestion(Suspect=Hashem Sir, Weapon=Anti Cutter, Location=Library)
2026-04-17 17:12:45,672 - INFO - engine.game_state - AI Player 2 revealed a card
2026-04-17 17:12:45,673 - INFO - engine.game_state - Accusation Decision: False
2026-04-17 17:12:45,673 - INFO - engine.game_state - --- AI Player 2 (ExpectiminimaxAI) Turn ---
2026-04-17 17:12:45,673 - INFO - engine.game_state - Dice: 7
2026-04-17 17:12:45,685 - INFO - engine.game_state - Move: Central Field
2026-04-17 17:12:45,866 - INFO - engine.game_state - Suggestion: Suggestion(Suspect=Hashem Sir, Weapon=Anti Cutter, Location=Central Field)
2026-04-17 17:12:45,867 - INFO - engine.game_state - AI Player 1 revealed a card
2026-04-17 17:12:45,867 - INFO - engine.game_state - Accusation Decision: False
2026-04-17 17:12:45,867 - INFO - engine.game_state - --- AI Player 3 (NegamaxAI) Turn ---
2026-04-17 17:12:45,867 - INFO - engine.game_state - Dice: 5
2026-04-17 17:12:45,881 - INFO - engine.game_state - Move: Academic Building
2026-04-17 17:12:46,033 - INFO - engine.game_state - Suggestion: Suggestion(Suspect=Hashem Sir, Weapon=Anti Cutter, Location=Academic Building)
2026-04-17 17:12:46,033 - INFO - engine.game_state - AI Player 2 revealed a card
2026-04-17 17:12:46,034 - INFO - engine.game_state - Accusation Decision: False
2026-04-17 17:12:46,034 - INFO - engine.game_state - --- AI Player 2 (ExpectiminimaxAI) Turn ---
2026-04-17 17:12:46,034 - INFO - engine.game_state - Dice: 4
2026-04-17 17:12:46,049 - INFO - engine.game_state - Move: Pocket Gate
2026-04-17 17:12:46,140 - INFO - engine.game_state - Suggestion: Suggestion(Suspect=Hashem Sir, Weapon=Anti Cutter, Location=Pocket Gate)
2026-04-17 17:12:46,140 - INFO - engine.game_state - No one could disprove
2026-04-17 17:12:46,140 - INFO - engine.game_state - Accusation Decision: False
2026-04-17 17:12:46,140 - INFO - engine.game_state - --- AI Player 3 (NegamaxAI) Turn ---
2026-04-17 17:12:46,140 - INFO - engine.game_state - Dice: 11
2026-04-17 17:12:46,154 - INFO - engine.game_state - Move: Library
2026-04-17 17:12:46,293 - INFO - engine.game_state - Suggestion: Suggestion(Suspect=Hashem Sir, Weapon=Anti Cutter, Location=Library)
2026-04-17 17:12:46,293 - INFO - engine.game_state - AI Player 2 revealed a card
2026-04-17 17:12:46,294 - INFO - engine.game_state - Accusation Decision: False
2026-04-17 17:12:46,294 - INFO - engine.game_state - --- AI Player 2 (ExpectiminimaxAI) Turn ---
2026-04-17 17:12:46,294 - INFO - engine.game_state - Dice: 5
2026-04-17 17:12:46,308 - INFO - engine.game_state - Move: Central Field
2026-04-17 17:12:46,512 - INFO - engine.game_state - Suggestion: Suggestion(Suspect=Hashem Sir, Weapon=Anti Cutter, Location=Central Field)
2026-04-17 17:12:46,513 - INFO - engine.game_state - AI Player 1 revealed a card
2026-04-17 17:12:46,515 - INFO - engine.game_state - Accusation Decision: False
2026-04-17 17:12:46,515 - INFO - engine.game_state - --- AI Player 3 (NegamaxAI) Turn ---
2026-04-17 17:12:46,523 - INFO - engine.game_state - Dice: 8
2026-04-17 17:12:46,547 - INFO - engine.game_state - Move: Academic Building
2026-04-17 17:12:46,685 - INFO - engine.game_state - Suggestion: Suggestion(Suspect=Hashem Sir, Weapon=Anti Cutter, Location=Academic Building)
2026-04-17 17:12:46,685 - INFO - engine.game_state - AI Player 2 revealed a card
2026-04-17 17:12:46,685 - INFO - engine.game_state - Accusation Decision: False
2026-04-17 17:12:46,686 - INFO - engine.game_state - --- AI Player 2 (ExpectiminimaxAI) Turn ---
2026-04-17 17:12:46,686 - INFO - engine.game_state - Dice: 2
2026-04-17 17:12:46,689 - INFO - engine.game_state - Move: Pocket Gate
2026-04-17 17:12:46,754 - INFO - engine.game_state - Suggestion: Suggestion(Suspect=Hashem Sir, Weapon=Anti Cutter, Location=Pocket Gate)
2026-04-17 17:12:46,754 - INFO - engine.game_state - No one could disprove
2026-04-17 17:12:46,754 - INFO - engine.game_state - Accusation Decision: False
2026-04-17 17:12:46,755 - INFO - engine.game_state - --- AI Player 3 (NegamaxAI) Turn ---
2026-04-17 17:12:46,755 - INFO - engine.game_state - Dice: 8
2026-04-17 17:12:46,768 - INFO - engine.game_state - Move: Library
2026-04-17 17:12:46,899 - INFO - engine.game_state - Suggestion: Suggestion(Suspect=Hashem Sir, Weapon=Anti Cutter, Location=Library)
2026-04-17 17:12:46,899 - INFO - engine.game_state - AI Player 2 revealed a card
2026-04-17 17:12:46,900 - INFO - engine.game_state - Accusation Decision: False
2026-04-17 17:12:46,900 - INFO - engine.game_state - --- AI Player 2 (ExpectiminimaxAI) Turn ---
2026-04-17 17:12:46,900 - INFO - engine.game_state - Dice: 9
2026-04-17 17:12:46,914 - INFO - engine.game_state - Move: Central Field
2026-04-17 17:12:47,089 - INFO - engine.game_state - Suggestion: Suggestion(Suspect=Hashem Sir, Weapon=Anti Cutter, Location=Central Field)
2026-04-17 17:12:47,090 - INFO - engine.game_state - AI Player 1 revealed a card
2026-04-17 17:12:47,090 - INFO - engine.game_state - Accusation Decision: False
2026-04-17 17:12:47,090 - INFO - engine.game_state - --- AI Player 3 (NegamaxAI) Turn ---
2026-04-17 17:12:47,090 - INFO - engine.game_state - Dice: 3
2026-04-17 17:12:47,098 - INFO - engine.game_state - Move: VC Room
2026-04-17 17:12:47,220 - INFO - engine.game_state - Suggestion: Suggestion(Suspect=Hashem Sir, Weapon=Anti Cutter, Location=VC Room)
2026-04-17 17:12:47,220 - INFO - engine.game_state - AI Player 2 revealed a card
2026-04-17 17:12:47,220 - INFO - engine.game_state - Accusation Decision: False
2026-04-17 17:12:47,221 - INFO - engine.game_state - --- AI Player 2 (ExpectiminimaxAI) Turn ---
2026-04-17 17:12:47,221 - INFO - engine.game_state - Dice: 8
2026-04-17 17:12:47,235 - INFO - engine.game_state - Move: Pocket Gate
2026-04-17 17:12:47,297 - INFO - engine.game_state - Suggestion: Suggestion(Suspect=Hashem Sir, Weapon=Anti Cutter, Location=Pocket Gate)
2026-04-17 17:12:47,298 - INFO - engine.game_state - No one could disprove
2026-04-17 17:12:47,298 - INFO - engine.game_state - Accusation Decision: False
2026-04-17 17:12:47,298 - INFO - engine.game_state - --- AI Player 3 (NegamaxAI) Turn ---
2026-04-17 17:12:47,298 - INFO - engine.game_state - Dice: 11
2026-04-17 17:12:47,308 - INFO - engine.game_state - Move: Library
2026-04-17 17:12:47,431 - INFO - engine.game_state - Suggestion: Suggestion(Suspect=Hashem Sir, Weapon=Anti Cutter, Location=Library)
2026-04-17 17:12:47,431 - INFO - engine.game_state - AI Player 2 revealed a card
2026-04-17 17:12:47,431 - INFO - engine.game_state - Accusation Decision: False
2026-04-17 17:12:47,432 - INFO - engine.game_state - --- AI Player 2 (ExpectiminimaxAI) Turn ---
2026-04-17 17:12:47,432 - INFO - engine.game_state - Dice: 6
2026-04-17 17:12:47,446 - INFO - engine.game_state - Move: Central Field
2026-04-17 17:12:47,616 - INFO - engine.game_state - Suggestion: Suggestion(Suspect=Hashem Sir, Weapon=Anti Cutter, Location=Central Field)
2026-04-17 17:12:47,616 - INFO - engine.game_state - AI Player 1 revealed a card
2026-04-17 17:12:47,616 - INFO - engine.game_state - Accusation Decision: False
2026-04-17 17:12:47,616 - INFO - engine.game_state - --- AI Player 3 (NegamaxAI) Turn ---
2026-04-17 17:12:47,616 - INFO - engine.game_state - Dice: 6
2026-04-17 17:12:47,626 - INFO - engine.game_state - Move: Academic Building
2026-04-17 17:12:47,775 - INFO - engine.game_state - Suggestion: Suggestion(Suspect=Hashem Sir, Weapon=Anti Cutter, Location=Academic Building)
2026-04-17 17:12:47,776 - INFO - engine.game_state - AI Player 2 revealed a card
2026-04-17 17:12:47,776 - INFO - engine.game_state - Accusation Decision: False
2026-04-17 17:12:47,776 - INFO - engine.game_state - --- AI Player 2 (ExpectiminimaxAI) Turn ---
2026-04-17 17:12:47,776 - INFO - engine.game_state - Dice: 5
2026-04-17 17:12:47,789 - INFO - engine.game_state - Move: Pocket Gate
2026-04-17 17:12:47,864 - INFO - engine.game_state - Suggestion: Suggestion(Suspect=Hashem Sir, Weapon=Anti Cutter, Location=Pocket Gate)
2026-04-17 17:12:47,864 - INFO - engine.game_state - No one could disprove
2026-04-17 17:12:47,864 - INFO - engine.game_state - Accusation Decision: False
2026-04-17 17:12:47,864 - INFO - engine.game_state - --- AI Player 3 (NegamaxAI) Turn ---
2026-04-17 17:12:47,864 - INFO - engine.game_state - Dice: 6
2026-04-17 17:12:47,878 - INFO - engine.game_state - Move: Library
2026-04-17 17:12:48,003 - INFO - engine.game_state - Suggestion: Suggestion(Suspect=Hashem Sir, Weapon=Anti Cutter, Location=Library)
2026-04-17 17:12:48,003 - INFO - engine.game_state - AI Player 2 revealed a card
2026-04-17 17:12:48,003 - INFO - engine.game_state - Accusation Decision: False
2026-04-17 17:12:48,003 - INFO - engine.game_state - --- AI Player 2 (ExpectiminimaxAI) Turn ---
2026-04-17 17:12:48,003 - INFO - engine.game_state - Dice: 11
2026-04-17 17:12:48,018 - INFO - engine.game_state - Move: Central Field
2026-04-17 17:12:48,198 - INFO - engine.game_state - Suggestion: Suggestion(Suspect=Hashem Sir, Weapon=Anti Cutter, Location=Central Field)
2026-04-17 17:12:48,198 - INFO - engine.game_state - AI Player 1 revealed a card
2026-04-17 17:12:48,198 - INFO - engine.game_state - Accusation Decision: False
2026-04-17 17:12:48,198 - INFO - engine.game_state - --- AI Player 3 (NegamaxAI) Turn ---
2026-04-17 17:12:48,199 - INFO - engine.game_state - Dice: 9
2026-04-17 17:12:48,213 - INFO - engine.game_state - Move: Academic Building
2026-04-17 17:12:48,366 - INFO - engine.game_state - Suggestion: Suggestion(Suspect=Hashem Sir, Weapon=Anti Cutter, Location=Academic Building)
2026-04-17 17:12:48,367 - INFO - engine.game_state - AI Player 2 revealed a card
2026-04-17 17:12:48,367 - INFO - engine.game_state - Accusation Decision: False
2026-04-17 17:12:48,367 - INFO - engine.game_state - --- AI Player 2 (ExpectiminimaxAI) Turn ---
2026-04-17 17:12:48,367 - INFO - engine.game_state - Dice: 9
2026-04-17 17:12:48,379 - INFO - engine.game_state - Move: Pocket Gate
2026-04-17 17:12:48,458 - INFO - engine.game_state - Suggestion: Suggestion(Suspect=Hashem Sir, Weapon=Anti Cutter, Location=Pocket Gate)
2026-04-17 17:12:48,459 - INFO - engine.game_state - No one could disprove
2026-04-17 17:12:48,459 - INFO - engine.game_state - Accusation Decision: False
2026-04-17 17:12:48,459 - INFO - engine.game_state - --- AI Player 3 (NegamaxAI) Turn ---
2026-04-17 17:12:48,459 - INFO - engine.game_state - Dice: 11
2026-04-17 17:12:48,468 - INFO - engine.game_state - Move: Library
2026-04-17 17:12:48,607 - INFO - engine.game_state - Suggestion: Suggestion(Suspect=Hashem Sir, Weapon=Anti Cutter, Location=Library)
2026-04-17 17:12:48,608 - INFO - engine.game_state - AI Player 2 revealed a card
2026-04-17 17:12:48,608 - INFO - engine.game_state - Accusation Decision: False
2026-04-17 17:12:48,608 - INFO - engine.game_state - --- AI Player 2 (ExpectiminimaxAI) Turn ---
2026-04-17 17:12:48,608 - INFO - engine.game_state - Dice: 2
2026-04-17 17:12:48,615 - INFO - engine.game_state - Move: Central Field
2026-04-17 17:12:48,683 - INFO - engine.game_state - Suggestion: Suggestion(Suspect=Hashem Sir, Weapon=Anti Cutter, Location=Central Field)
2026-04-17 17:12:48,684 - INFO - engine.game_state - AI Player 1 revealed a card
2026-04-17 17:12:48,684 - INFO - engine.game_state - Accusation Decision: False
2026-04-17 17:12:48,684 - INFO - engine.game_state - --- AI Player 3 (NegamaxAI) Turn ---
2026-04-17 17:12:48,684 - INFO - engine.game_state - Dice: 5
2026-04-17 17:12:48,699 - INFO - engine.game_state - Move: Academic Building
2026-04-17 17:12:48,852 - INFO - engine.game_state - Suggestion: Suggestion(Suspect=Hashem Sir, Weapon=Anti Cutter, Location=Academic Building)
2026-04-17 17:12:48,852 - INFO - engine.game_state - AI Player 2 revealed a card
2026-04-17 17:12:48,852 - INFO - engine.game_state - Accusation Decision: False
2026-04-17 17:12:48,853 - INFO - engine.game_state - --- AI Player 2 (ExpectiminimaxAI) Turn ---
2026-04-17 17:12:48,853 - INFO - engine.game_state - Dice: 11
2026-04-17 17:12:48,868 - INFO - engine.game_state - Move: Pocket Gate
2026-04-17 17:12:48,937 - INFO - engine.game_state - Suggestion: Suggestion(Suspect=Hashem Sir, Weapon=Anti Cutter, Location=Pocket Gate)
2026-04-17 17:12:48,938 - INFO - engine.game_state - No one could disprove
2026-04-17 17:12:48,938 - INFO - engine.game_state - Accusation Decision: False
2026-04-17 17:12:48,938 - INFO - engine.game_state - --- AI Player 3 (NegamaxAI) Turn ---
2026-04-17 17:12:48,938 - INFO - engine.game_state - Dice: 7
2026-04-17 17:12:48,952 - INFO - engine.game_state - Move: Library
2026-04-17 17:12:49,072 - INFO - engine.game_state - Suggestion: Suggestion(Suspect=Hashem Sir, Weapon=Anti Cutter, Location=Library)
2026-04-17 17:12:49,072 - INFO - engine.game_state - AI Player 2 revealed a card
2026-04-17 17:12:49,072 - INFO - engine.game_state - Accusation Decision: False
2026-04-17 17:12:49,072 - INFO - engine.game_state - --- AI Player 2 (ExpectiminimaxAI) Turn ---
2026-04-17 17:12:49,072 - INFO - engine.game_state - Dice: 12
2026-04-17 17:12:49,083 - INFO - engine.game_state - Move: Central Field
2026-04-17 17:12:49,254 - INFO - engine.game_state - Suggestion: Suggestion(Suspect=Hashem Sir, Weapon=Anti Cutter, Location=Central Field)
2026-04-17 17:12:49,254 - INFO - engine.game_state - AI Player 1 revealed a card
2026-04-17 17:12:49,254 - INFO - engine.game_state - Accusation Decision: False
2026-04-17 17:12:49,254 - INFO - engine.game_state - --- AI Player 3 (NegamaxAI) Turn ---
2026-04-17 17:12:49,254 - INFO - engine.game_state - Dice: 6
2026-04-17 17:12:49,267 - INFO - engine.game_state - Move: Academic Building
2026-04-17 17:12:49,391 - INFO - engine.game_state - Suggestion: Suggestion(Suspect=Hashem Sir, Weapon=Anti Cutter, Location=Academic Building)
2026-04-17 17:12:49,391 - INFO - engine.game_state - AI Player 2 revealed a card
2026-04-17 17:12:49,391 - INFO - engine.game_state - Accusation Decision: False
2026-04-17 17:12:49,391 - INFO - engine.game_state - --- AI Player 2 (ExpectiminimaxAI) Turn ---
2026-04-17 17:12:49,391 - INFO - engine.game_state - Dice: 9
2026-04-17 17:12:49,402 - INFO - engine.game_state - Move: Pocket Gate
2026-04-17 17:12:49,459 - INFO - engine.game_state - Suggestion: Suggestion(Suspect=Hashem Sir, Weapon=Anti Cutter, Location=Pocket Gate)
2026-04-17 17:12:49,459 - INFO - engine.game_state - No one could disprove
2026-04-17 17:12:49,459 - INFO - engine.game_state - Accusation Decision: False
2026-04-17 17:12:49,460 - INFO - engine.game_state - --- AI Player 3 (NegamaxAI) Turn ---
2026-04-17 17:12:49,460 - INFO - engine.game_state - Dice: 7
2026-04-17 17:12:49,471 - INFO - engine.game_state - Move: Library
2026-04-17 17:12:49,578 - INFO - engine.game_state - Suggestion: Suggestion(Suspect=Hashem Sir, Weapon=Anti Cutter, Location=Library)
2026-04-17 17:12:49,579 - INFO - engine.game_state - AI Player 2 revealed a card
2026-04-17 17:12:49,579 - INFO - engine.game_state - Accusation Decision: False
2026-04-17 17:12:49,579 - INFO - engine.game_state - --- AI Player 2 (ExpectiminimaxAI) Turn ---
2026-04-17 17:12:49,579 - INFO - engine.game_state - Dice: 4
2026-04-17 17:12:49,587 - INFO - engine.game_state - Move: Central Field
2026-04-17 17:12:49,765 - INFO - engine.game_state - Suggestion: Suggestion(Suspect=Hashem Sir, Weapon=Anti Cutter, Location=Central Field)
2026-04-17 17:12:49,765 - INFO - engine.game_state - AI Player 1 revealed a card
2026-04-17 17:12:49,765 - INFO - engine.game_state - Accusation Decision: False
2026-04-17 17:12:49,766 - INFO - engine.game_state - --- AI Player 3 (NegamaxAI) Turn ---
2026-04-17 17:12:49,766 - INFO - engine.game_state - Dice: 3
2026-04-17 17:12:49,774 - INFO - engine.game_state - Move: VC Room
2026-04-17 17:12:49,860 - INFO - engine.game_state - Suggestion: Suggestion(Suspect=Hashem Sir, Weapon=Anti Cutter, Location=VC Room)
2026-04-17 17:12:49,861 - INFO - engine.game_state - AI Player 2 revealed a card
2026-04-17 17:12:49,861 - INFO - engine.game_state - Accusation Decision: False
2026-04-17 17:12:49,861 - INFO - engine.game_state - --- AI Player 2 (ExpectiminimaxAI) Turn ---
2026-04-17 17:12:49,861 - INFO - engine.game_state - Dice: 6
2026-04-17 17:12:49,876 - INFO - engine.game_state - Move: Pocket Gate
2026-04-17 17:12:49,950 - INFO - engine.game_state - Suggestion: Suggestion(Suspect=Hashem Sir, Weapon=Anti Cutter, Location=Pocket Gate)
2026-04-17 17:12:49,951 - INFO - engine.game_state - No one could disprove
2026-04-17 17:12:49,951 - INFO - engine.game_state - Accusation Decision: False
2026-04-17 17:12:49,951 - INFO - engine.game_state - --- AI Player 3 (NegamaxAI) Turn ---
2026-04-17 17:12:49,951 - INFO - engine.game_state - Dice: 6
2026-04-17 17:12:49,963 - INFO - engine.game_state - Move: Library
2026-04-17 17:12:50,089 - INFO - engine.game_state - Suggestion: Suggestion(Suspect=Hashem Sir, Weapon=Anti Cutter, Location=Library)
2026-04-17 17:12:50,089 - INFO - engine.game_state - AI Player 2 revealed a card
2026-04-17 17:12:50,089 - INFO - engine.game_state - Accusation Decision: False
2026-04-17 17:12:50,090 - WARNING - main - Winner: None (turn cap reached)
2026-04-17 17:12:50,090 - INFO - main - ====================================================================
2026-04-17 17:12:50,090 - INFO - main - Final Performance Summary
2026-04-17 17:12:50,090 - INFO - main - ====================================================================
2026-04-17 17:12:50,090 - INFO - main - MinimaxAI:
2026-04-17 17:12:50,090 - INFO - main - Wins: 0
2026-04-17 17:12:50,090 - INFO - main - Win Rate: 0.0%
2026-04-17 17:12:50,091 - INFO - main - Average Moves: 2.00
2026-04-17 17:12:50,091 - INFO - main - Average Decision Time: 0.05181 sec
2026-04-17 17:12:50,091 - INFO - main - ExpectiminimaxAI:
2026-04-17 17:12:50,091 - INFO - main - Wins: 0
2026-04-17 17:12:50,091 - INFO - main - Win Rate: 0.0%
2026-04-17 17:12:50,091 - INFO - main - Average Moves: 124.00
2026-04-17 17:12:50,091 - INFO - main - Average Decision Time: 0.03945 sec
2026-04-17 17:12:50,092 - INFO - main - NegamaxAI:
2026-04-17 17:12:50,092 - INFO - main - Wins: 0
2026-04-17 17:12:50,092 - INFO - main - Win Rate: 0.0%
2026-04-17 17:12:50,092 - INFO - main - Average Moves: 124.00
2026-04-17 17:12:50,092 - INFO - main - Average Decision Time: 0.04179 sec
2026-04-17 17:12:50,092 - INFO - main - No-Winner Games: 1
2026-04-17 17:12:50,092 - INFO - main - Average Game Runtime: 30.9036 sec
2026-04-17 17:12:50,093 - INFO - main - ====================================================================
2026-04-18 06:49:13,588 - INFO - __main__ - ====================================================================
2026-04-18 06:49:13,588 - INFO - __main__ -  Murder in KUET - Minimax vs Expectiminimax vs Negamax Metrics
2026-04-18 06:49:13,588 - INFO - __main__ - ====================================================================
2026-04-18 06:49:13,589 - INFO - __main__ - === Game 1 ===
2026-04-18 06:49:13,589 - INFO - engine.game_state - --- AI Player 1 (MinimaxAI) Turn ---
2026-04-18 06:49:13,589 - INFO - engine.game_state - Dice: 5
2026-04-18 06:49:13,749 - INFO - engine.game_state - Move: Library
2026-04-18 06:49:13,816 - INFO - engine.game_state - Suggestion: Suggestion(Suspect=Hashem Sir, Weapon=Anti Cutter, Location=Library)
2026-04-18 06:49:13,816 - INFO - engine.game_state - AI Player 2 revealed a card
2026-04-18 06:49:13,816 - INFO - engine.game_state - Accusation Decision: False
2026-04-18 06:49:13,816 - INFO - engine.game_state - --- AI Player 2 (ExpectiminimaxAI) Turn ---
2026-04-18 06:49:13,816 - INFO - engine.game_state - Dice: 9
2026-04-18 06:49:13,829 - INFO - engine.game_state - Move: Library
2026-04-18 06:49:13,896 - INFO - engine.game_state - Suggestion: Suggestion(Suspect=Hashem Sir, Weapon=Anti Cutter, Location=Library)
2026-04-18 06:49:13,896 - INFO - engine.game_state - AI Player 3 revealed a card
2026-04-18 06:49:13,897 - INFO - engine.game_state - Accusation Decision: False
2026-04-18 06:49:13,897 - INFO - engine.game_state - --- AI Player 3 (NegamaxAI) Turn ---
2026-04-18 06:49:13,897 - INFO - engine.game_state - Dice: 7
2026-04-18 06:49:13,917 - INFO - engine.game_state - Move: Library
2026-04-18 06:49:13,994 - INFO - engine.game_state - Suggestion: Suggestion(Suspect=Hashem Sir, Weapon=Anti Cutter, Location=Library)
2026-04-18 06:49:13,994 - INFO - engine.game_state - AI Player 2 revealed a card
2026-04-18 06:49:13,994 - INFO - engine.game_state - Accusation Decision: False
2026-04-18 06:49:13,994 - INFO - engine.game_state - --- AI Player 1 (MinimaxAI) Turn ---
2026-04-18 06:49:13,995 - INFO - engine.game_state - Dice: 7
2026-04-18 06:49:14,003 - INFO - engine.game_state - Move: Academic Building
2026-04-18 06:49:14,081 - INFO - engine.game_state - Suggestion: Suggestion(Suspect=Hashem Sir, Weapon=Knife, Location=Academic Building)
2026-04-18 06:49:14,082 - INFO - engine.game_state - No one could disprove
2026-04-18 06:49:14,082 - WARNING - engine.game_state - AI Player 1 eliminated
2026-04-18 06:49:14,082 - INFO - engine.game_state - Accusation Decision: True
2026-04-18 06:49:14,082 - INFO - engine.game_state - --- AI Player 2 (ExpectiminimaxAI) Turn ---
2026-04-18 06:49:14,082 - INFO - engine.game_state - Dice: 11
2026-04-18 06:49:14,086 - INFO - engine.game_state - Move: Academic Building
2026-04-18 06:49:14,174 - INFO - engine.game_state - Suggestion: Suggestion(Suspect=Hashem Sir, Weapon=Anti Cutter, Location=Academic Building)
2026-04-18 06:49:14,174 - INFO - engine.game_state - No one could disprove
2026-04-18 06:49:14,174 - INFO - engine.game_state - Accusation Decision: False
2026-04-18 06:49:14,174 - INFO - engine.game_state - --- AI Player 3 (NegamaxAI) Turn ---
2026-04-18 06:49:14,174 - INFO - engine.game_state - Dice: 7
2026-04-18 06:49:14,181 - INFO - engine.game_state - Move: Academic Building
2026-04-18 06:49:14,265 - INFO - engine.game_state - Suggestion: Suggestion(Suspect=Hashem Sir, Weapon=Anti Cutter, Location=Academic Building)
2026-04-18 06:49:14,266 - INFO - engine.game_state - AI Player 2 revealed a card
2026-04-18 06:49:14,266 - INFO - engine.game_state - Accusation Decision: False
2026-04-18 06:49:14,266 - INFO - engine.game_state - --- AI Player 2 (ExpectiminimaxAI) Turn ---
2026-04-18 06:49:14,266 - INFO - engine.game_state - Dice: 6
2026-04-18 06:49:14,272 - INFO - engine.game_state - Move: IT Park
2026-04-18 06:49:14,328 - INFO - engine.game_state - Suggestion: Suggestion(Suspect=Hashem Sir, Weapon=Anti Cutter, Location=IT Park)
2026-04-18 06:49:14,329 - INFO - engine.game_state - AI Player 1 revealed a card
2026-04-18 06:49:14,329 - INFO - engine.game_state - Accusation Decision: False
2026-04-18 06:49:14,329 - INFO - engine.game_state - --- AI Player 3 (NegamaxAI) Turn ---
2026-04-18 06:49:14,329 - INFO - engine.game_state - Dice: 7
2026-04-18 06:49:14,337 - INFO - engine.game_state - Move: Library
2026-04-18 06:49:14,410 - INFO - engine.game_state - Suggestion: Suggestion(Suspect=Hashem Sir, Weapon=Anti Cutter, Location=Library)
2026-04-18 06:49:14,410 - INFO - engine.game_state - AI Player 2 revealed a card
2026-04-18 06:49:14,411 - INFO - engine.game_state - Accusation Decision: False
2026-04-18 06:49:14,411 - INFO - engine.game_state - --- AI Player 2 (ExpectiminimaxAI) Turn ---
2026-04-18 06:49:14,411 - INFO - engine.game_state - Dice: 12
2026-04-18 06:49:14,414 - INFO - engine.game_state - Move: Academic Building
2026-04-18 06:49:14,498 - INFO - engine.game_state - Suggestion: Suggestion(Suspect=Hashem Sir, Weapon=Anti Cutter, Location=Academic Building)
2026-04-18 06:49:14,498 - INFO - engine.game_state - No one could disprove
2026-04-18 06:49:14,499 - INFO - engine.game_state - Accusation Decision: False
2026-04-18 06:49:14,499 - INFO - engine.game_state - --- AI Player 3 (NegamaxAI) Turn ---
2026-04-18 06:49:14,499 - INFO - engine.game_state - Dice: 11
2026-04-18 06:49:14,505 - INFO - engine.game_state - Move: Academic Building
2026-04-18 06:49:14,586 - INFO - engine.game_state - Suggestion: Suggestion(Suspect=Hashem Sir, Weapon=Anti Cutter, Location=Academic Building)
2026-04-18 06:49:14,587 - INFO - engine.game_state - AI Player 2 revealed a card
2026-04-18 06:49:14,587 - INFO - engine.game_state - Accusation Decision: False
2026-04-18 06:49:14,587 - INFO - engine.game_state - --- AI Player 2 (ExpectiminimaxAI) Turn ---
2026-04-18 06:49:14,587 - INFO - engine.game_state - Dice: 7
2026-04-18 06:49:14,593 - INFO - engine.game_state - Move: Cafeteria
2026-04-18 06:49:14,646 - INFO - engine.game_state - Suggestion: Suggestion(Suspect=Hashem Sir, Weapon=Anti Cutter, Location=Cafeteria)
2026-04-18 06:49:14,646 - INFO - engine.game_state - AI Player 1 revealed a card
2026-04-18 06:49:14,647 - INFO - engine.game_state - Accusation Decision: False
2026-04-18 06:49:14,647 - INFO - engine.game_state - --- AI Player 3 (NegamaxAI) Turn ---
2026-04-18 06:49:14,647 - INFO - engine.game_state - Dice: 7
2026-04-18 06:49:14,655 - INFO - engine.game_state - Move: Library
2026-04-18 06:49:14,731 - INFO - engine.game_state - Suggestion: Suggestion(Suspect=Hashem Sir, Weapon=Anti Cutter, Location=Library)
2026-04-18 06:49:14,731 - INFO - engine.game_state - AI Player 2 revealed a card
2026-04-18 06:49:14,731 - INFO - engine.game_state - Accusation Decision: False
2026-04-18 06:49:14,731 - INFO - engine.game_state - --- AI Player 2 (ExpectiminimaxAI) Turn ---
2026-04-18 06:49:14,731 - INFO - engine.game_state - Dice: 5
2026-04-18 06:49:14,735 - INFO - engine.game_state - Move: Academic Building
2026-04-18 06:49:14,815 - INFO - engine.game_state - Suggestion: Suggestion(Suspect=Hashem Sir, Weapon=Anti Cutter, Location=Academic Building)
2026-04-18 06:49:14,815 - INFO - engine.game_state - No one could disprove
2026-04-18 06:49:14,815 - INFO - engine.game_state - Accusation Decision: False
2026-04-18 06:49:14,816 - INFO - engine.game_state - --- AI Player 3 (NegamaxAI) Turn ---
2026-04-18 06:49:14,816 - INFO - engine.game_state - Dice: 10
2026-04-18 06:49:14,823 - INFO - engine.game_state - Move: Academic Building
2026-04-18 06:49:14,909 - INFO - engine.game_state - Suggestion: Suggestion(Suspect=Hashem Sir, Weapon=Anti Cutter, Location=Academic Building)
2026-04-18 06:49:14,909 - INFO - engine.game_state - AI Player 2 revealed a card
2026-04-18 06:49:14,909 - INFO - engine.game_state - Accusation Decision: False
2026-04-18 06:49:14,909 - INFO - engine.game_state - --- AI Player 2 (ExpectiminimaxAI) Turn ---
2026-04-18 06:49:14,909 - INFO - engine.game_state - Dice: 5
2026-04-18 06:49:14,916 - INFO - engine.game_state - Move: VC Room
2026-04-18 06:49:14,984 - INFO - engine.game_state - Suggestion: Suggestion(Suspect=Hashem Sir, Weapon=Anti Cutter, Location=VC Room)
2026-04-18 06:49:14,984 - INFO - engine.game_state - AI Player 3 revealed a card
2026-04-18 06:49:14,985 - INFO - engine.game_state - Accusation Decision: False
2026-04-18 06:49:14,985 - INFO - engine.game_state - --- AI Player 3 (NegamaxAI) Turn ---
2026-04-18 06:49:14,985 - INFO - engine.game_state - Dice: 9
2026-04-18 06:49:14,993 - INFO - engine.game_state - Move: Library
2026-04-18 06:49:15,067 - INFO - engine.game_state - Suggestion: Suggestion(Suspect=Hashem Sir, Weapon=Anti Cutter, Location=Library)
2026-04-18 06:49:15,068 - INFO - engine.game_state - AI Player 2 revealed a card
2026-04-18 06:49:15,068 - INFO - engine.game_state - Accusation Decision: False
2026-04-18 06:49:15,068 - INFO - engine.game_state - --- AI Player 2 (ExpectiminimaxAI) Turn ---
2026-04-18 06:49:15,068 - INFO - engine.game_state - Dice: 9
2026-04-18 06:49:15,074 - INFO - engine.game_state - Move: Academic Building
2026-04-18 06:49:15,157 - INFO - engine.game_state - Suggestion: Suggestion(Suspect=Hashem Sir, Weapon=Anti Cutter, Location=Academic Building)
2026-04-18 06:49:15,158 - INFO - engine.game_state - No one could disprove
2026-04-18 06:49:15,158 - INFO - engine.game_state - Accusation Decision: False
2026-04-18 06:49:15,158 - INFO - engine.game_state - --- AI Player 3 (NegamaxAI) Turn ---
2026-04-18 06:49:15,158 - INFO - engine.game_state - Dice: 9
2026-04-18 06:49:15,165 - INFO - engine.game_state - Move: Academic Building
2026-04-18 06:49:15,248 - INFO - engine.game_state - Suggestion: Suggestion(Suspect=Hashem Sir, Weapon=Anti Cutter, Location=Academic Building)
2026-04-18 06:49:15,248 - INFO - engine.game_state - AI Player 2 revealed a card
2026-04-18 06:49:15,248 - INFO - engine.game_state - Accusation Decision: False
2026-04-18 06:49:15,248 - INFO - engine.game_state - --- AI Player 2 (ExpectiminimaxAI) Turn ---
2026-04-18 06:49:15,248 - INFO - engine.game_state - Dice: 7
2026-04-18 06:49:15,255 - INFO - engine.game_state - Move: Library
2026-04-18 06:49:15,324 - INFO - engine.game_state - Suggestion: Suggestion(Suspect=Hashem Sir, Weapon=Anti Cutter, Location=Library)
2026-04-18 06:49:15,324 - INFO - engine.game_state - AI Player 3 revealed a card
2026-04-18 06:49:15,325 - INFO - engine.game_state - Accusation Decision: False
2026-04-18 06:49:15,325 - INFO - engine.game_state - --- AI Player 3 (NegamaxAI) Turn ---
2026-04-18 06:49:15,325 - INFO - engine.game_state - Dice: 7
2026-04-18 06:49:15,333 - INFO - engine.game_state - Move: Library
2026-04-18 06:49:15,410 - INFO - engine.game_state - Suggestion: Suggestion(Suspect=Hashem Sir, Weapon=Anti Cutter, Location=Library)
2026-04-18 06:49:15,410 - INFO - engine.game_state - AI Player 2 revealed a card
2026-04-18 06:49:15,410 - INFO - engine.game_state - Accusation Decision: False
2026-04-18 06:49:15,411 - INFO - engine.game_state - --- AI Player 2 (ExpectiminimaxAI) Turn ---
2026-04-18 06:49:15,411 - INFO - engine.game_state - Dice: 11
2026-04-18 06:49:15,416 - INFO - engine.game_state - Move: Academic Building
2026-04-18 06:49:15,497 - INFO - engine.game_state - Suggestion: Suggestion(Suspect=Hashem Sir, Weapon=Anti Cutter, Location=Academic Building)
2026-04-18 06:49:15,498 - INFO - engine.game_state - No one could disprove
2026-04-18 06:49:15,498 - INFO - engine.game_state - Accusation Decision: False
2026-04-18 06:49:15,498 - INFO - engine.game_state - --- AI Player 3 (NegamaxAI) Turn ---
2026-04-18 06:49:15,498 - INFO - engine.game_state - Dice: 8
2026-04-18 06:49:15,505 - INFO - engine.game_state - Move: Academic Building
2026-04-18 06:49:15,587 - INFO - engine.game_state - Suggestion: Suggestion(Suspect=Hashem Sir, Weapon=Anti Cutter, Location=Academic Building)
2026-04-18 06:49:15,587 - INFO - engine.game_state - AI Player 2 revealed a card
2026-04-18 06:49:15,587 - INFO - engine.game_state - Accusation Decision: False
2026-04-18 06:49:15,588 - INFO - engine.game_state - --- AI Player 2 (ExpectiminimaxAI) Turn ---
2026-04-18 06:49:15,588 - INFO - engine.game_state - Dice: 6
2026-04-18 06:49:15,595 - INFO - engine.game_state - Move: Library
2026-04-18 06:49:15,663 - INFO - engine.game_state - Suggestion: Suggestion(Suspect=Hashem Sir, Weapon=Anti Cutter, Location=Library)
2026-04-18 06:49:15,663 - INFO - engine.game_state - AI Player 3 revealed a card
2026-04-18 06:49:15,663 - INFO - engine.game_state - Accusation Decision: False
2026-04-18 06:49:15,663 - INFO - engine.game_state - --- AI Player 3 (NegamaxAI) Turn ---
2026-04-18 06:49:15,663 - INFO - engine.game_state - Dice: 12
2026-04-18 06:49:15,671 - INFO - engine.game_state - Move: Library
2026-04-18 06:49:15,751 - INFO - engine.game_state - Suggestion: Suggestion(Suspect=Hashem Sir, Weapon=Anti Cutter, Location=Library)
2026-04-18 06:49:15,752 - INFO - engine.game_state - AI Player 2 revealed a card
2026-04-18 06:49:15,752 - INFO - engine.game_state - Accusation Decision: False
2026-04-18 06:49:15,752 - INFO - engine.game_state - --- AI Player 2 (ExpectiminimaxAI) Turn ---
2026-04-18 06:49:15,752 - INFO - engine.game_state - Dice: 10
2026-04-18 06:49:15,757 - INFO - engine.game_state - Move: Academic Building
2026-04-18 06:49:15,839 - INFO - engine.game_state - Suggestion: Suggestion(Suspect=Hashem Sir, Weapon=Anti Cutter, Location=Academic Building)
2026-04-18 06:49:15,840 - INFO - engine.game_state - No one could disprove
2026-04-18 06:49:15,840 - INFO - engine.game_state - Accusation Decision: False
2026-04-18 06:49:15,840 - INFO - engine.game_state - --- AI Player 3 (NegamaxAI) Turn ---
2026-04-18 06:49:15,840 - INFO - engine.game_state - Dice: 11
2026-04-18 06:49:15,847 - INFO - engine.game_state - Move: Academic Building
2026-04-18 06:49:15,975 - INFO - engine.game_state - Suggestion: Suggestion(Suspect=Hashem Sir, Weapon=Anti Cutter, Location=Academic Building)
2026-04-18 06:49:15,975 - INFO - engine.game_state - AI Player 2 revealed a card
2026-04-18 06:49:15,975 - INFO - engine.game_state - Accusation Decision: False
2026-04-18 06:49:15,975 - INFO - engine.game_state - --- AI Player 2 (ExpectiminimaxAI) Turn ---
2026-04-18 06:49:15,975 - INFO - engine.game_state - Dice: 9
2026-04-18 06:49:15,985 - INFO - engine.game_state - Move: Library
2026-04-18 06:49:16,071 - INFO - engine.game_state - Suggestion: Suggestion(Suspect=Hashem Sir, Weapon=Anti Cutter, Location=Library)
2026-04-18 06:49:16,071 - INFO - engine.game_state - AI Player 3 revealed a card
2026-04-18 06:49:16,071 - INFO - engine.game_state - Accusation Decision: False
2026-04-18 06:49:16,071 - INFO - engine.game_state - --- AI Player 3 (NegamaxAI) Turn ---
2026-04-18 06:49:16,072 - INFO - engine.game_state - Dice: 11
2026-04-18 06:49:16,080 - INFO - engine.game_state - Move: Library
2026-04-18 06:49:16,157 - INFO - engine.game_state - Suggestion: Suggestion(Suspect=Hashem Sir, Weapon=Anti Cutter, Location=Library)
2026-04-18 06:49:16,157 - INFO - engine.game_state - AI Player 2 revealed a card
2026-04-18 06:49:16,158 - INFO - engine.game_state - Accusation Decision: False
2026-04-18 06:49:16,158 - INFO - engine.game_state - --- AI Player 2 (ExpectiminimaxAI) Turn ---
2026-04-18 06:49:16,158 - INFO - engine.game_state - Dice: 8
2026-04-18 06:49:16,163 - INFO - engine.game_state - Move: Academic Building
2026-04-18 06:49:16,291 - INFO - engine.game_state - Suggestion: Suggestion(Suspect=Hashem Sir, Weapon=Anti Cutter, Location=Academic Building)
2026-04-18 06:49:16,291 - INFO - engine.game_state - No one could disprove
2026-04-18 06:49:16,291 - INFO - engine.game_state - Accusation Decision: False
2026-04-18 06:49:16,291 - INFO - engine.game_state - --- AI Player 3 (NegamaxAI) Turn ---
2026-04-18 06:49:16,291 - INFO - engine.game_state - Dice: 5
2026-04-18 06:49:16,299 - INFO - engine.game_state - Move: Academic Building
2026-04-18 06:49:16,398 - INFO - engine.game_state - Suggestion: Suggestion(Suspect=Hashem Sir, Weapon=Anti Cutter, Location=Academic Building)
2026-04-18 06:49:16,398 - INFO - engine.game_state - AI Player 2 revealed a card
2026-04-18 06:49:16,398 - INFO - engine.game_state - Accusation Decision: False
2026-04-18 06:49:16,399 - INFO - engine.game_state - --- AI Player 2 (ExpectiminimaxAI) Turn ---
2026-04-18 06:49:16,399 - INFO - engine.game_state - Dice: 2
2026-04-18 06:49:16,401 - INFO - engine.game_state - Move: VC Room
2026-04-18 06:49:16,505 - INFO - engine.game_state - Suggestion: Suggestion(Suspect=Hashem Sir, Weapon=Anti Cutter, Location=VC Room)
2026-04-18 06:49:16,505 - INFO - engine.game_state - AI Player 3 revealed a card
2026-04-18 06:49:16,505 - INFO - engine.game_state - Accusation Decision: False
2026-04-18 06:49:16,505 - INFO - engine.game_state - --- AI Player 3 (NegamaxAI) Turn ---
2026-04-18 06:49:16,505 - INFO - engine.game_state - Dice: 11
2026-04-18 06:49:16,514 - INFO - engine.game_state - Move: Library
2026-04-18 06:49:16,628 - INFO - engine.game_state - Suggestion: Suggestion(Suspect=Hashem Sir, Weapon=Anti Cutter, Location=Library)
2026-04-18 06:49:16,629 - INFO - engine.game_state - AI Player 2 revealed a card
2026-04-18 06:49:16,629 - INFO - engine.game_state - Accusation Decision: False
2026-04-18 06:49:16,629 - INFO - engine.game_state - --- AI Player 2 (ExpectiminimaxAI) Turn ---
2026-04-18 06:49:16,629 - INFO - engine.game_state - Dice: 9
2026-04-18 06:49:16,638 - INFO - engine.game_state - Move: Academic Building
2026-04-18 06:49:16,745 - INFO - engine.game_state - Suggestion: Suggestion(Suspect=Hashem Sir, Weapon=Anti Cutter, Location=Academic Building)
2026-04-18 06:49:16,745 - INFO - engine.game_state - No one could disprove
2026-04-18 06:49:16,745 - INFO - engine.game_state - Accusation Decision: False
2026-04-18 06:49:16,746 - INFO - engine.game_state - --- AI Player 3 (NegamaxAI) Turn ---
2026-04-18 06:49:16,746 - INFO - engine.game_state - Dice: 5
2026-04-18 06:49:16,754 - INFO - engine.game_state - Move: Academic Building
2026-04-18 06:49:16,884 - INFO - engine.game_state - Suggestion: Suggestion(Suspect=Hashem Sir, Weapon=Anti Cutter, Location=Academic Building)
2026-04-18 06:49:16,884 - INFO - engine.game_state - AI Player 2 revealed a card
2026-04-18 06:49:16,884 - INFO - engine.game_state - Accusation Decision: False
2026-04-18 06:49:16,885 - INFO - engine.game_state - --- AI Player 2 (ExpectiminimaxAI) Turn ---
2026-04-18 06:49:16,885 - INFO - engine.game_state - Dice: 10
2026-04-18 06:49:16,893 - INFO - engine.game_state - Move: Library
2026-04-18 06:49:17,012 - INFO - engine.game_state - Suggestion: Suggestion(Suspect=Hashem Sir, Weapon=Anti Cutter, Location=Library)
2026-04-18 06:49:17,013 - INFO - engine.game_state - AI Player 3 revealed a card
2026-04-18 06:49:17,013 - INFO - engine.game_state - Accusation Decision: False
2026-04-18 06:49:17,013 - INFO - engine.game_state - --- AI Player 3 (NegamaxAI) Turn ---
2026-04-18 06:49:17,013 - INFO - engine.game_state - Dice: 9
2026-04-18 06:49:17,024 - INFO - engine.game_state - Move: Library
2026-04-18 06:49:17,167 - INFO - engine.game_state - Suggestion: Suggestion(Suspect=Hashem Sir, Weapon=Anti Cutter, Location=Library)
2026-04-18 06:49:17,168 - INFO - engine.game_state - AI Player 2 revealed a card
2026-04-18 06:49:17,168 - INFO - engine.game_state - Accusation Decision: False
2026-04-18 06:49:17,168 - INFO - engine.game_state - --- AI Player 2 (ExpectiminimaxAI) Turn ---
2026-04-18 06:49:17,169 - INFO - engine.game_state - Dice: 11
2026-04-18 06:49:17,178 - INFO - engine.game_state - Move: Academic Building
2026-04-18 06:49:17,325 - INFO - engine.game_state - Suggestion: Suggestion(Suspect=Hashem Sir, Weapon=Anti Cutter, Location=Academic Building)
2026-04-18 06:49:17,325 - INFO - engine.game_state - No one could disprove
2026-04-18 06:49:17,325 - INFO - engine.game_state - Accusation Decision: False
2026-04-18 06:49:17,326 - INFO - engine.game_state - --- AI Player 3 (NegamaxAI) Turn ---
2026-04-18 06:49:17,326 - INFO - engine.game_state - Dice: 4
2026-04-18 06:49:17,337 - INFO - engine.game_state - Move: Academic Building
2026-04-18 06:49:17,491 - INFO - engine.game_state - Suggestion: Suggestion(Suspect=Hashem Sir, Weapon=Anti Cutter, Location=Academic Building)
2026-04-18 06:49:17,491 - INFO - engine.game_state - AI Player 2 revealed a card
2026-04-18 06:49:17,491 - INFO - engine.game_state - Accusation Decision: False
2026-04-18 06:49:17,492 - INFO - engine.game_state - --- AI Player 2 (ExpectiminimaxAI) Turn ---
2026-04-18 06:49:17,492 - INFO - engine.game_state - Dice: 5
2026-04-18 06:49:17,504 - INFO - engine.game_state - Move: Library
2026-04-18 06:49:17,641 - INFO - engine.game_state - Suggestion: Suggestion(Suspect=Hashem Sir, Weapon=Anti Cutter, Location=Library)
2026-04-18 06:49:17,642 - INFO - engine.game_state - AI Player 3 revealed a card
2026-04-18 06:49:17,642 - INFO - engine.game_state - Accusation Decision: False
2026-04-18 06:49:17,642 - INFO - engine.game_state - --- AI Player 3 (NegamaxAI) Turn ---
2026-04-18 06:49:17,643 - INFO - engine.game_state - Dice: 12
2026-04-18 06:49:17,660 - INFO - engine.game_state - Move: Library
2026-04-18 06:49:17,783 - INFO - engine.game_state - Suggestion: Suggestion(Suspect=Hashem Sir, Weapon=Anti Cutter, Location=Library)
2026-04-18 06:49:17,783 - INFO - engine.game_state - AI Player 2 revealed a card
2026-04-18 06:49:17,783 - INFO - engine.game_state - Accusation Decision: False
2026-04-18 06:49:17,783 - INFO - engine.game_state - --- AI Player 2 (ExpectiminimaxAI) Turn ---
2026-04-18 06:49:17,783 - INFO - engine.game_state - Dice: 6
2026-04-18 06:49:17,789 - INFO - engine.game_state - Move: Academic Building
2026-04-18 06:49:17,913 - INFO - engine.game_state - Suggestion: Suggestion(Suspect=Hashem Sir, Weapon=Anti Cutter, Location=Academic Building)
2026-04-18 06:49:17,913 - INFO - engine.game_state - No one could disprove
2026-04-18 06:49:17,913 - INFO - engine.game_state - Accusation Decision: False
2026-04-18 06:49:17,913 - INFO - engine.game_state - --- AI Player 3 (NegamaxAI) Turn ---
2026-04-18 06:49:17,914 - INFO - engine.game_state - Dice: 10
2026-04-18 06:49:17,927 - INFO - engine.game_state - Move: Academic Building
2026-04-18 06:49:18,094 - INFO - engine.game_state - Suggestion: Suggestion(Suspect=Hashem Sir, Weapon=Anti Cutter, Location=Academic Building)
2026-04-18 06:49:18,095 - INFO - engine.game_state - AI Player 2 revealed a card
2026-04-18 06:49:18,095 - INFO - engine.game_state - Accusation Decision: False
2026-04-18 06:49:18,095 - INFO - engine.game_state - --- AI Player 2 (ExpectiminimaxAI) Turn ---
2026-04-18 06:49:18,095 - INFO - engine.game_state - Dice: 7
2026-04-18 06:49:18,110 - INFO - engine.game_state - Move: Library
2026-04-18 06:49:18,202 - INFO - engine.game_state - Suggestion: Suggestion(Suspect=Hashem Sir, Weapon=Anti Cutter, Location=Library)
2026-04-18 06:49:18,202 - INFO - engine.game_state - AI Player 3 revealed a card
2026-04-18 06:49:18,203 - INFO - engine.game_state - Accusation Decision: False
2026-04-18 06:49:18,203 - INFO - engine.game_state - --- AI Player 3 (NegamaxAI) Turn ---
2026-04-18 06:49:18,203 - INFO - engine.game_state - Dice: 7
2026-04-18 06:49:18,212 - INFO - engine.game_state - Move: Library
2026-04-18 06:49:18,344 - INFO - engine.game_state - Suggestion: Suggestion(Suspect=Hashem Sir, Weapon=Anti Cutter, Location=Library)
2026-04-18 06:49:18,344 - INFO - engine.game_state - AI Player 2 revealed a card
2026-04-18 06:49:18,345 - INFO - engine.game_state - Accusation Decision: False
2026-04-18 06:49:18,345 - INFO - engine.game_state - --- AI Player 2 (ExpectiminimaxAI) Turn ---
2026-04-18 06:49:18,345 - INFO - engine.game_state - Dice: 8
2026-04-18 06:49:18,351 - INFO - engine.game_state - Move: Academic Building
2026-04-18 06:49:18,497 - INFO - engine.game_state - Suggestion: Suggestion(Suspect=Hashem Sir, Weapon=Anti Cutter, Location=Academic Building)
2026-04-18 06:49:18,497 - INFO - engine.game_state - No one could disprove
2026-04-18 06:49:18,497 - INFO - engine.game_state - Accusation Decision: False
2026-04-18 06:49:18,497 - INFO - engine.game_state - --- AI Player 3 (NegamaxAI) Turn ---
2026-04-18 06:49:18,498 - INFO - engine.game_state - Dice: 6
2026-04-18 06:49:18,505 - INFO - engine.game_state - Move: Academic Building
2026-04-18 06:49:18,596 - INFO - engine.game_state - Suggestion: Suggestion(Suspect=Hashem Sir, Weapon=Anti Cutter, Location=Academic Building)
2026-04-18 06:49:18,596 - INFO - engine.game_state - AI Player 2 revealed a card
2026-04-18 06:49:18,596 - INFO - engine.game_state - Accusation Decision: False
2026-04-18 06:49:18,596 - INFO - engine.game_state - --- AI Player 2 (ExpectiminimaxAI) Turn ---
2026-04-18 06:49:18,596 - INFO - engine.game_state - Dice: 2
2026-04-18 06:49:18,599 - INFO - engine.game_state - Move: VC Room
2026-04-18 06:49:18,685 - INFO - engine.game_state - Suggestion: Suggestion(Suspect=Hashem Sir, Weapon=Anti Cutter, Location=VC Room)
2026-04-18 06:49:18,686 - INFO - engine.game_state - AI Player 3 revealed a card
2026-04-18 06:49:18,686 - INFO - engine.game_state - Accusation Decision: False
2026-04-18 06:49:18,686 - INFO - engine.game_state - --- AI Player 3 (NegamaxAI) Turn ---
2026-04-18 06:49:18,686 - INFO - engine.game_state - Dice: 9
2026-04-18 06:49:18,700 - INFO - engine.game_state - Move: Library
2026-04-18 06:49:18,847 - INFO - engine.game_state - Suggestion: Suggestion(Suspect=Hashem Sir, Weapon=Anti Cutter, Location=Library)
2026-04-18 06:49:18,848 - INFO - engine.game_state - AI Player 2 revealed a card
2026-04-18 06:49:18,848 - INFO - engine.game_state - Accusation Decision: False
2026-04-18 06:49:18,848 - INFO - engine.game_state - --- AI Player 2 (ExpectiminimaxAI) Turn ---
2026-04-18 06:49:18,848 - INFO - engine.game_state - Dice: 7
2026-04-18 06:49:18,859 - INFO - engine.game_state - Move: Academic Building
2026-04-18 06:49:18,998 - INFO - engine.game_state - Suggestion: Suggestion(Suspect=Hashem Sir, Weapon=Anti Cutter, Location=Academic Building)
2026-04-18 06:49:18,998 - INFO - engine.game_state - No one could disprove
2026-04-18 06:49:18,998 - INFO - engine.game_state - Accusation Decision: False
2026-04-18 06:49:18,998 - INFO - engine.game_state - --- AI Player 3 (NegamaxAI) Turn ---
2026-04-18 06:49:18,999 - INFO - engine.game_state - Dice: 3
2026-04-18 06:49:19,005 - INFO - engine.game_state - Move: VC Room
2026-04-18 06:49:19,122 - INFO - engine.game_state - Suggestion: Suggestion(Suspect=Hashem Sir, Weapon=Anti Cutter, Location=VC Room)
2026-04-18 06:49:19,122 - INFO - engine.game_state - AI Player 2 revealed a card
2026-04-18 06:49:19,122 - INFO - engine.game_state - Accusation Decision: False
2026-04-18 06:49:19,123 - INFO - engine.game_state - --- AI Player 2 (ExpectiminimaxAI) Turn ---
2026-04-18 06:49:19,123 - INFO - engine.game_state - Dice: 8
2026-04-18 06:49:19,138 - INFO - engine.game_state - Move: Library
2026-04-18 06:49:19,255 - INFO - engine.game_state - Suggestion: Suggestion(Suspect=Hashem Sir, Weapon=Anti Cutter, Location=Library)
2026-04-18 06:49:19,255 - INFO - engine.game_state - AI Player 3 revealed a card
2026-04-18 06:49:19,255 - INFO - engine.game_state - Accusation Decision: False
2026-04-18 06:49:19,256 - INFO - engine.game_state - --- AI Player 3 (NegamaxAI) Turn ---
2026-04-18 06:49:19,256 - INFO - engine.game_state - Dice: 3
2026-04-18 06:49:19,261 - INFO - engine.game_state - Move: Library
2026-04-18 06:49:19,357 - INFO - engine.game_state - Suggestion: Suggestion(Suspect=Hashem Sir, Weapon=Anti Cutter, Location=Library)
2026-04-18 06:49:19,358 - INFO - engine.game_state - AI Player 2 revealed a card
2026-04-18 06:49:19,358 - INFO - engine.game_state - Accusation Decision: False
2026-04-18 06:49:19,358 - INFO - engine.game_state - --- AI Player 2 (ExpectiminimaxAI) Turn ---
2026-04-18 06:49:19,358 - INFO - engine.game_state - Dice: 11
2026-04-18 06:49:19,368 - INFO - engine.game_state - Move: Academic Building
2026-04-18 06:49:19,517 - INFO - engine.game_state - Suggestion: Suggestion(Suspect=Hashem Sir, Weapon=Anti Cutter, Location=Academic Building)
2026-04-18 06:49:19,517 - INFO - engine.game_state - No one could disprove
2026-04-18 06:49:19,518 - INFO - engine.game_state - Accusation Decision: False
2026-04-18 06:49:19,518 - INFO - engine.game_state - --- AI Player 3 (NegamaxAI) Turn ---
2026-04-18 06:49:19,518 - INFO - engine.game_state - Dice: 9
2026-04-18 06:49:19,531 - INFO - engine.game_state - Move: Academic Building
2026-04-18 06:49:19,686 - INFO - engine.game_state - Suggestion: Suggestion(Suspect=Hashem Sir, Weapon=Anti Cutter, Location=Academic Building)
2026-04-18 06:49:19,687 - INFO - engine.game_state - AI Player 2 revealed a card
2026-04-18 06:49:19,687 - INFO - engine.game_state - Accusation Decision: False
2026-04-18 06:49:19,687 - INFO - engine.game_state - --- AI Player 2 (ExpectiminimaxAI) Turn ---
2026-04-18 06:49:19,687 - INFO - engine.game_state - Dice: 7
2026-04-18 06:49:19,701 - INFO - engine.game_state - Move: Library
2026-04-18 06:49:19,822 - INFO - engine.game_state - Suggestion: Suggestion(Suspect=Hashem Sir, Weapon=Anti Cutter, Location=Library)
2026-04-18 06:49:19,822 - INFO - engine.game_state - AI Player 3 revealed a card
2026-04-18 06:49:19,822 - INFO - engine.game_state - Accusation Decision: False
2026-04-18 06:49:19,823 - INFO - engine.game_state - --- AI Player 3 (NegamaxAI) Turn ---
2026-04-18 06:49:19,823 - INFO - engine.game_state - Dice: 7
2026-04-18 06:49:19,839 - INFO - engine.game_state - Move: Library
2026-04-18 06:49:19,996 - INFO - engine.game_state - Suggestion: Suggestion(Suspect=Hashem Sir, Weapon=Anti Cutter, Location=Library)
2026-04-18 06:49:19,997 - INFO - engine.game_state - AI Player 2 revealed a card
2026-04-18 06:49:19,997 - INFO - engine.game_state - Accusation Decision: False
2026-04-18 06:49:19,997 - INFO - engine.game_state - --- AI Player 2 (ExpectiminimaxAI) Turn ---
2026-04-18 06:49:19,997 - INFO - engine.game_state - Dice: 5
2026-04-18 06:49:20,007 - INFO - engine.game_state - Move: Academic Building
2026-04-18 06:49:20,162 - INFO - engine.game_state - Suggestion: Suggestion(Suspect=Hashem Sir, Weapon=Anti Cutter, Location=Academic Building)
2026-04-18 06:49:20,163 - INFO - engine.game_state - No one could disprove
2026-04-18 06:49:20,163 - INFO - engine.game_state - Accusation Decision: False
2026-04-18 06:49:20,163 - INFO - engine.game_state - --- AI Player 3 (NegamaxAI) Turn ---
2026-04-18 06:49:20,163 - INFO - engine.game_state - Dice: 8
2026-04-18 06:49:20,174 - INFO - engine.game_state - Move: Academic Building
2026-04-18 06:49:20,332 - INFO - engine.game_state - Suggestion: Suggestion(Suspect=Hashem Sir, Weapon=Anti Cutter, Location=Academic Building)
2026-04-18 06:49:20,333 - INFO - engine.game_state - AI Player 2 revealed a card
2026-04-18 06:49:20,333 - INFO - engine.game_state - Accusation Decision: False
2026-04-18 06:49:20,333 - INFO - engine.game_state - --- AI Player 2 (ExpectiminimaxAI) Turn ---
2026-04-18 06:49:20,333 - INFO - engine.game_state - Dice: 8
2026-04-18 06:49:20,348 - INFO - engine.game_state - Move: Library
2026-04-18 06:49:20,486 - INFO - engine.game_state - Suggestion: Suggestion(Suspect=Hashem Sir, Weapon=Anti Cutter, Location=Library)
2026-04-18 06:49:20,486 - INFO - engine.game_state - AI Player 3 revealed a card
2026-04-18 06:49:20,487 - INFO - engine.game_state - Accusation Decision: False
2026-04-18 06:49:20,487 - INFO - engine.game_state - --- AI Player 3 (NegamaxAI) Turn ---
2026-04-18 06:49:20,487 - INFO - engine.game_state - Dice: 6
2026-04-18 06:49:20,502 - INFO - engine.game_state - Move: Library
2026-04-18 06:49:20,644 - INFO - engine.game_state - Suggestion: Suggestion(Suspect=Hashem Sir, Weapon=Anti Cutter, Location=Library)
2026-04-18 06:49:20,644 - INFO - engine.game_state - AI Player 2 revealed a card
2026-04-18 06:49:20,644 - INFO - engine.game_state - Accusation Decision: False
2026-04-18 06:49:20,645 - INFO - engine.game_state - --- AI Player 2 (ExpectiminimaxAI) Turn ---
2026-04-18 06:49:20,645 - INFO - engine.game_state - Dice: 5
2026-04-18 06:49:20,655 - INFO - engine.game_state - Move: Academic Building
2026-04-18 06:49:20,811 - INFO - engine.game_state - Suggestion: Suggestion(Suspect=Hashem Sir, Weapon=Anti Cutter, Location=Academic Building)
2026-04-18 06:49:20,812 - INFO - engine.game_state - No one could disprove
2026-04-18 06:49:20,812 - INFO - engine.game_state - Accusation Decision: False
2026-04-18 06:49:20,812 - INFO - engine.game_state - --- AI Player 3 (NegamaxAI) Turn ---
2026-04-18 06:49:20,812 - INFO - engine.game_state - Dice: 5
2026-04-18 06:49:20,823 - INFO - engine.game_state - Move: Academic Building
2026-04-18 06:49:20,984 - INFO - engine.game_state - Suggestion: Suggestion(Suspect=Hashem Sir, Weapon=Anti Cutter, Location=Academic Building)
2026-04-18 06:49:20,985 - INFO - engine.game_state - AI Player 2 revealed a card
2026-04-18 06:49:20,985 - INFO - engine.game_state - Accusation Decision: False
2026-04-18 06:49:20,985 - INFO - engine.game_state - --- AI Player 2 (ExpectiminimaxAI) Turn ---
2026-04-18 06:49:20,985 - INFO - engine.game_state - Dice: 4
2026-04-18 06:49:20,996 - INFO - engine.game_state - Move: Library
2026-04-18 06:49:21,101 - INFO - engine.game_state - Suggestion: Suggestion(Suspect=Hashem Sir, Weapon=Anti Cutter, Location=Library)
2026-04-18 06:49:21,102 - INFO - engine.game_state - AI Player 3 revealed a card
2026-04-18 06:49:21,102 - INFO - engine.game_state - Accusation Decision: False
2026-04-18 06:49:21,102 - INFO - engine.game_state - --- AI Player 3 (NegamaxAI) Turn ---
2026-04-18 06:49:21,102 - INFO - engine.game_state - Dice: 2
2026-04-18 06:49:21,104 - INFO - engine.game_state - Move: VC Room
2026-04-18 06:49:21,171 - INFO - engine.game_state - Suggestion: Suggestion(Suspect=Hashem Sir, Weapon=Anti Cutter, Location=VC Room)
2026-04-18 06:49:21,172 - INFO - engine.game_state - AI Player 2 revealed a card
2026-04-18 06:49:21,172 - INFO - engine.game_state - Accusation Decision: False
2026-04-18 06:49:21,172 - INFO - engine.game_state - --- AI Player 2 (ExpectiminimaxAI) Turn ---
2026-04-18 06:49:21,172 - INFO - engine.game_state - Dice: 9
2026-04-18 06:49:21,177 - INFO - engine.game_state - Move: Academic Building
2026-04-18 06:49:21,261 - INFO - engine.game_state - Suggestion: Suggestion(Suspect=Hashem Sir, Weapon=Anti Cutter, Location=Academic Building)
2026-04-18 06:49:21,261 - INFO - engine.game_state - No one could disprove
2026-04-18 06:49:21,261 - INFO - engine.game_state - Accusation Decision: False
2026-04-18 06:49:21,262 - INFO - engine.game_state - --- AI Player 3 (NegamaxAI) Turn ---
2026-04-18 06:49:21,262 - INFO - engine.game_state - Dice: 7
2026-04-18 06:49:21,269 - INFO - engine.game_state - Move: Library
2026-04-18 06:49:21,354 - INFO - engine.game_state - Suggestion: Suggestion(Suspect=Hashem Sir, Weapon=Anti Cutter, Location=Library)
2026-04-18 06:49:21,354 - INFO - engine.game_state - AI Player 2 revealed a card
2026-04-18 06:49:21,354 - INFO - engine.game_state - Accusation Decision: False
2026-04-18 06:49:21,355 - INFO - engine.game_state - --- AI Player 2 (ExpectiminimaxAI) Turn ---
2026-04-18 06:49:21,355 - INFO - engine.game_state - Dice: 5
2026-04-18 06:49:21,362 - INFO - engine.game_state - Move: Library
2026-04-18 06:49:21,435 - INFO - engine.game_state - Suggestion: Suggestion(Suspect=Hashem Sir, Weapon=Anti Cutter, Location=Library)
2026-04-18 06:49:21,436 - INFO - engine.game_state - AI Player 3 revealed a card
2026-04-18 06:49:21,436 - INFO - engine.game_state - Accusation Decision: False
2026-04-18 06:49:21,436 - INFO - engine.game_state - --- AI Player 3 (NegamaxAI) Turn ---
2026-04-18 06:49:21,436 - INFO - engine.game_state - Dice: 10
2026-04-18 06:49:21,446 - INFO - engine.game_state - Move: Academic Building
2026-04-18 06:49:21,532 - INFO - engine.game_state - Suggestion: Suggestion(Suspect=Hashem Sir, Weapon=Anti Cutter, Location=Academic Building)
2026-04-18 06:49:21,532 - INFO - engine.game_state - AI Player 2 revealed a card
2026-04-18 06:49:21,532 - INFO - engine.game_state - Accusation Decision: False
2026-04-18 06:49:21,532 - INFO - engine.game_state - --- AI Player 2 (ExpectiminimaxAI) Turn ---
2026-04-18 06:49:21,532 - INFO - engine.game_state - Dice: 7
2026-04-18 06:49:21,537 - INFO - engine.game_state - Move: Academic Building
2026-04-18 06:49:21,617 - INFO - engine.game_state - Suggestion: Suggestion(Suspect=Hashem Sir, Weapon=Anti Cutter, Location=Academic Building)
2026-04-18 06:49:21,617 - INFO - engine.game_state - No one could disprove
2026-04-18 06:49:21,618 - INFO - engine.game_state - Accusation Decision: False
2026-04-18 06:49:21,618 - INFO - engine.game_state - --- AI Player 3 (NegamaxAI) Turn ---
2026-04-18 06:49:21,618 - INFO - engine.game_state - Dice: 7
2026-04-18 06:49:21,625 - INFO - engine.game_state - Move: Library
2026-04-18 06:49:21,698 - INFO - engine.game_state - Suggestion: Suggestion(Suspect=Hashem Sir, Weapon=Anti Cutter, Location=Library)
2026-04-18 06:49:21,698 - INFO - engine.game_state - AI Player 2 revealed a card
2026-04-18 06:49:21,699 - INFO - engine.game_state - Accusation Decision: False
2026-04-18 06:49:21,699 - INFO - engine.game_state - --- AI Player 2 (ExpectiminimaxAI) Turn ---
2026-04-18 06:49:21,699 - INFO - engine.game_state - Dice: 8
2026-04-18 06:49:21,705 - INFO - engine.game_state - Move: Library
2026-04-18 06:49:21,772 - INFO - engine.game_state - Suggestion: Suggestion(Suspect=Hashem Sir, Weapon=Anti Cutter, Location=Library)
2026-04-18 06:49:21,772 - INFO - engine.game_state - AI Player 3 revealed a card
2026-04-18 06:49:21,772 - INFO - engine.game_state - Accusation Decision: False
2026-04-18 06:49:21,772 - INFO - engine.game_state - --- AI Player 3 (NegamaxAI) Turn ---
2026-04-18 06:49:21,772 - INFO - engine.game_state - Dice: 7
2026-04-18 06:49:21,779 - INFO - engine.game_state - Move: Academic Building
2026-04-18 06:49:21,862 - INFO - engine.game_state - Suggestion: Suggestion(Suspect=Hashem Sir, Weapon=Anti Cutter, Location=Academic Building)
2026-04-18 06:49:21,862 - INFO - engine.game_state - AI Player 2 revealed a card
2026-04-18 06:49:21,863 - INFO - engine.game_state - Accusation Decision: False
2026-04-18 06:49:21,863 - INFO - engine.game_state - --- AI Player 2 (ExpectiminimaxAI) Turn ---
2026-04-18 06:49:21,863 - INFO - engine.game_state - Dice: 9
2026-04-18 06:49:21,867 - INFO - engine.game_state - Move: Academic Building
2026-04-18 06:49:21,947 - INFO - engine.game_state - Suggestion: Suggestion(Suspect=Hashem Sir, Weapon=Anti Cutter, Location=Academic Building)
2026-04-18 06:49:21,947 - INFO - engine.game_state - No one could disprove
2026-04-18 06:49:21,947 - INFO - engine.game_state - Accusation Decision: False
2026-04-18 06:49:21,948 - INFO - engine.game_state - --- AI Player 3 (NegamaxAI) Turn ---
2026-04-18 06:49:21,948 - INFO - engine.game_state - Dice: 3
2026-04-18 06:49:21,951 - INFO - engine.game_state - Move: Cafeteria
2026-04-18 06:49:21,998 - INFO - engine.game_state - Suggestion: Suggestion(Suspect=Hashem Sir, Weapon=Anti Cutter, Location=Cafeteria)
2026-04-18 06:49:21,998 - INFO - engine.game_state - AI Player 1 revealed a card
2026-04-18 06:49:21,999 - INFO - engine.game_state - Accusation Decision: False
2026-04-18 06:49:21,999 - INFO - engine.game_state - --- AI Player 2 (ExpectiminimaxAI) Turn ---
2026-04-18 06:49:21,999 - INFO - engine.game_state - Dice: 7
2026-04-18 06:49:22,007 - INFO - engine.game_state - Move: Library
2026-04-18 06:49:22,076 - INFO - engine.game_state - Suggestion: Suggestion(Suspect=Hashem Sir, Weapon=Anti Cutter, Location=Library)
2026-04-18 06:49:22,077 - INFO - engine.game_state - AI Player 3 revealed a card
2026-04-18 06:49:22,077 - INFO - engine.game_state - Accusation Decision: False
2026-04-18 06:49:22,077 - INFO - engine.game_state - --- AI Player 3 (NegamaxAI) Turn ---
2026-04-18 06:49:22,077 - INFO - engine.game_state - Dice: 10
2026-04-18 06:49:22,082 - INFO - engine.game_state - Move: Academic Building
2026-04-18 06:49:22,161 - INFO - engine.game_state - Suggestion: Suggestion(Suspect=Hashem Sir, Weapon=Anti Cutter, Location=Academic Building)
2026-04-18 06:49:22,161 - INFO - engine.game_state - AI Player 2 revealed a card
2026-04-18 06:49:22,161 - INFO - engine.game_state - Accusation Decision: False
2026-04-18 06:49:22,161 - INFO - engine.game_state - --- AI Player 2 (ExpectiminimaxAI) Turn ---
2026-04-18 06:49:22,161 - INFO - engine.game_state - Dice: 10
2026-04-18 06:49:22,166 - INFO - engine.game_state - Move: Academic Building
2026-04-18 06:49:22,245 - INFO - engine.game_state - Suggestion: Suggestion(Suspect=Hashem Sir, Weapon=Anti Cutter, Location=Academic Building)
2026-04-18 06:49:22,245 - INFO - engine.game_state - No one could disprove
2026-04-18 06:49:22,245 - INFO - engine.game_state - Accusation Decision: False
2026-04-18 06:49:22,245 - INFO - engine.game_state - --- AI Player 3 (NegamaxAI) Turn ---
2026-04-18 06:49:22,245 - INFO - engine.game_state - Dice: 7
2026-04-18 06:49:22,253 - INFO - engine.game_state - Move: Library
2026-04-18 06:49:22,327 - INFO - engine.game_state - Suggestion: Suggestion(Suspect=Hashem Sir, Weapon=Anti Cutter, Location=Library)
2026-04-18 06:49:22,327 - INFO - engine.game_state - AI Player 2 revealed a card
2026-04-18 06:49:22,327 - INFO - engine.game_state - Accusation Decision: False
2026-04-18 06:49:22,327 - INFO - engine.game_state - --- AI Player 2 (ExpectiminimaxAI) Turn ---
2026-04-18 06:49:22,328 - INFO - engine.game_state - Dice: 11
2026-04-18 06:49:22,334 - INFO - engine.game_state - Move: Library
2026-04-18 06:49:22,413 - INFO - engine.game_state - Suggestion: Suggestion(Suspect=Hashem Sir, Weapon=Anti Cutter, Location=Library)
2026-04-18 06:49:22,413 - INFO - engine.game_state - AI Player 3 revealed a card
2026-04-18 06:49:22,413 - INFO - engine.game_state - Accusation Decision: False
2026-04-18 06:49:22,413 - INFO - engine.game_state - --- AI Player 3 (NegamaxAI) Turn ---
2026-04-18 06:49:22,414 - INFO - engine.game_state - Dice: 7
2026-04-18 06:49:22,421 - INFO - engine.game_state - Move: Academic Building
2026-04-18 06:49:22,499 - INFO - engine.game_state - Suggestion: Suggestion(Suspect=Hashem Sir, Weapon=Anti Cutter, Location=Academic Building)
2026-04-18 06:49:22,499 - INFO - engine.game_state - AI Player 2 revealed a card
2026-04-18 06:49:22,499 - INFO - engine.game_state - Accusation Decision: False
2026-04-18 06:49:22,499 - INFO - engine.game_state - --- AI Player 2 (ExpectiminimaxAI) Turn ---
2026-04-18 06:49:22,500 - INFO - engine.game_state - Dice: 8
2026-04-18 06:49:22,504 - INFO - engine.game_state - Move: Academic Building
2026-04-18 06:49:22,592 - INFO - engine.game_state - Suggestion: Suggestion(Suspect=Hashem Sir, Weapon=Anti Cutter, Location=Academic Building)
2026-04-18 06:49:22,592 - INFO - engine.game_state - No one could disprove
2026-04-18 06:49:22,592 - INFO - engine.game_state - Accusation Decision: False
2026-04-18 06:49:22,592 - INFO - engine.game_state - --- AI Player 3 (NegamaxAI) Turn ---
2026-04-18 06:49:22,592 - INFO - engine.game_state - Dice: 7
2026-04-18 06:49:22,600 - INFO - engine.game_state - Move: Library
2026-04-18 06:49:22,689 - INFO - engine.game_state - Suggestion: Suggestion(Suspect=Hashem Sir, Weapon=Anti Cutter, Location=Library)
2026-04-18 06:49:22,689 - INFO - engine.game_state - AI Player 2 revealed a card
2026-04-18 06:49:22,689 - INFO - engine.game_state - Accusation Decision: False
2026-04-18 06:49:22,690 - INFO - engine.game_state - --- AI Player 2 (ExpectiminimaxAI) Turn ---
2026-04-18 06:49:22,690 - INFO - engine.game_state - Dice: 9
2026-04-18 06:49:22,700 - INFO - engine.game_state - Move: Library
2026-04-18 06:49:22,766 - INFO - engine.game_state - Suggestion: Suggestion(Suspect=Hashem Sir, Weapon=Anti Cutter, Location=Library)
2026-04-18 06:49:22,766 - INFO - engine.game_state - AI Player 3 revealed a card
2026-04-18 06:49:22,766 - INFO - engine.game_state - Accusation Decision: False
2026-04-18 06:49:22,766 - INFO - engine.game_state - --- AI Player 3 (NegamaxAI) Turn ---
2026-04-18 06:49:22,766 - INFO - engine.game_state - Dice: 7
2026-04-18 06:49:22,773 - INFO - engine.game_state - Move: Academic Building
2026-04-18 06:49:22,857 - INFO - engine.game_state - Suggestion: Suggestion(Suspect=Hashem Sir, Weapon=Anti Cutter, Location=Academic Building)
2026-04-18 06:49:22,858 - INFO - engine.game_state - AI Player 2 revealed a card
2026-04-18 06:49:22,858 - INFO - engine.game_state - Accusation Decision: False
2026-04-18 06:49:22,858 - INFO - engine.game_state - --- AI Player 2 (ExpectiminimaxAI) Turn ---
2026-04-18 06:49:22,858 - INFO - engine.game_state - Dice: 5
2026-04-18 06:49:22,863 - INFO - engine.game_state - Move: Academic Building
2026-04-18 06:49:22,946 - INFO - engine.game_state - Suggestion: Suggestion(Suspect=Hashem Sir, Weapon=Anti Cutter, Location=Academic Building)
2026-04-18 06:49:22,946 - INFO - engine.game_state - No one could disprove
2026-04-18 06:49:22,947 - INFO - engine.game_state - Accusation Decision: False
2026-04-18 06:49:22,947 - INFO - engine.game_state - --- AI Player 3 (NegamaxAI) Turn ---
2026-04-18 06:49:22,947 - INFO - engine.game_state - Dice: 7
2026-04-18 06:49:22,955 - INFO - engine.game_state - Move: Library
2026-04-18 06:49:23,032 - INFO - engine.game_state - Suggestion: Suggestion(Suspect=Hashem Sir, Weapon=Anti Cutter, Location=Library)
2026-04-18 06:49:23,032 - INFO - engine.game_state - AI Player 2 revealed a card
2026-04-18 06:49:23,033 - INFO - engine.game_state - Accusation Decision: False
2026-04-18 06:49:23,033 - INFO - engine.game_state - --- AI Player 2 (ExpectiminimaxAI) Turn ---
2026-04-18 06:49:23,033 - INFO - engine.game_state - Dice: 7
2026-04-18 06:49:23,040 - INFO - engine.game_state - Move: Library
2026-04-18 06:49:23,107 - INFO - engine.game_state - Suggestion: Suggestion(Suspect=Hashem Sir, Weapon=Anti Cutter, Location=Library)
2026-04-18 06:49:23,107 - INFO - engine.game_state - AI Player 3 revealed a card
2026-04-18 06:49:23,108 - INFO - engine.game_state - Accusation Decision: False
2026-04-18 06:49:23,108 - INFO - engine.game_state - --- AI Player 3 (NegamaxAI) Turn ---
2026-04-18 06:49:23,108 - INFO - engine.game_state - Dice: 5
2026-04-18 06:49:23,114 - INFO - engine.game_state - Move: Academic Building
2026-04-18 06:49:23,199 - INFO - engine.game_state - Suggestion: Suggestion(Suspect=Hashem Sir, Weapon=Anti Cutter, Location=Academic Building)
2026-04-18 06:49:23,200 - INFO - engine.game_state - AI Player 2 revealed a card
2026-04-18 06:49:23,200 - INFO - engine.game_state - Accusation Decision: False
2026-04-18 06:49:23,200 - INFO - engine.game_state - --- AI Player 2 (ExpectiminimaxAI) Turn ---
2026-04-18 06:49:23,200 - INFO - engine.game_state - Dice: 5
2026-04-18 06:49:23,205 - INFO - engine.game_state - Move: Academic Building
2026-04-18 06:49:23,287 - INFO - engine.game_state - Suggestion: Suggestion(Suspect=Hashem Sir, Weapon=Anti Cutter, Location=Academic Building)
2026-04-18 06:49:23,288 - INFO - engine.game_state - No one could disprove
2026-04-18 06:49:23,288 - INFO - engine.game_state - Accusation Decision: False
2026-04-18 06:49:23,288 - INFO - engine.game_state - --- AI Player 3 (NegamaxAI) Turn ---
2026-04-18 06:49:23,288 - INFO - engine.game_state - Dice: 10
2026-04-18 06:49:23,297 - INFO - engine.game_state - Move: Library
2026-04-18 06:49:23,379 - INFO - engine.game_state - Suggestion: Suggestion(Suspect=Hashem Sir, Weapon=Anti Cutter, Location=Library)
2026-04-18 06:49:23,380 - INFO - engine.game_state - AI Player 2 revealed a card
2026-04-18 06:49:23,380 - INFO - engine.game_state - Accusation Decision: False
2026-04-18 06:49:23,380 - INFO - engine.game_state - --- AI Player 2 (ExpectiminimaxAI) Turn ---
2026-04-18 06:49:23,380 - INFO - engine.game_state - Dice: 3
2026-04-18 06:49:23,384 - INFO - engine.game_state - Move: Cafeteria
2026-04-18 06:49:23,434 - INFO - engine.game_state - Suggestion: Suggestion(Suspect=Hashem Sir, Weapon=Anti Cutter, Location=Cafeteria)
2026-04-18 06:49:23,434 - INFO - engine.game_state - AI Player 1 revealed a card
2026-04-18 06:49:23,435 - INFO - engine.game_state - Accusation Decision: False
2026-04-18 06:49:23,435 - INFO - engine.game_state - --- AI Player 3 (NegamaxAI) Turn ---
2026-04-18 06:49:23,435 - INFO - engine.game_state - Dice: 2
2026-04-18 06:49:23,438 - INFO - engine.game_state - Move: VC Room
2026-04-18 06:49:23,500 - INFO - engine.game_state - Suggestion: Suggestion(Suspect=Hashem Sir, Weapon=Anti Cutter, Location=VC Room)
2026-04-18 06:49:23,500 - INFO - engine.game_state - AI Player 2 revealed a card
2026-04-18 06:49:23,500 - INFO - engine.game_state - Accusation Decision: False
2026-04-18 06:49:23,501 - INFO - engine.game_state - --- AI Player 2 (ExpectiminimaxAI) Turn ---
2026-04-18 06:49:23,501 - INFO - engine.game_state - Dice: 9
2026-04-18 06:49:23,504 - INFO - engine.game_state - Move: Academic Building
2026-04-18 06:49:23,587 - INFO - engine.game_state - Suggestion: Suggestion(Suspect=Hashem Sir, Weapon=Anti Cutter, Location=Academic Building)
2026-04-18 06:49:23,588 - INFO - engine.game_state - No one could disprove
2026-04-18 06:49:23,588 - INFO - engine.game_state - Accusation Decision: False
2026-04-18 06:49:23,588 - INFO - engine.game_state - --- AI Player 3 (NegamaxAI) Turn ---
2026-04-18 06:49:23,588 - INFO - engine.game_state - Dice: 9
2026-04-18 06:49:23,595 - INFO - engine.game_state - Move: Library
2026-04-18 06:49:23,670 - INFO - engine.game_state - Suggestion: Suggestion(Suspect=Hashem Sir, Weapon=Anti Cutter, Location=Library)
2026-04-18 06:49:23,670 - INFO - engine.game_state - AI Player 2 revealed a card
2026-04-18 06:49:23,670 - INFO - engine.game_state - Accusation Decision: False
2026-04-18 06:49:23,670 - INFO - engine.game_state - --- AI Player 2 (ExpectiminimaxAI) Turn ---
2026-04-18 06:49:23,670 - INFO - engine.game_state - Dice: 4
2026-04-18 06:49:23,677 - INFO - engine.game_state - Move: Library
2026-04-18 06:49:23,744 - INFO - engine.game_state - Suggestion: Suggestion(Suspect=Hashem Sir, Weapon=Anti Cutter, Location=Library)
2026-04-18 06:49:23,744 - INFO - engine.game_state - AI Player 3 revealed a card
2026-04-18 06:49:23,744 - INFO - engine.game_state - Accusation Decision: False
2026-04-18 06:49:23,745 - INFO - engine.game_state - --- AI Player 3 (NegamaxAI) Turn ---
2026-04-18 06:49:23,745 - INFO - engine.game_state - Dice: 8
2026-04-18 06:49:23,752 - INFO - engine.game_state - Move: Academic Building
2026-04-18 06:49:23,833 - INFO - engine.game_state - Suggestion: Suggestion(Suspect=Hashem Sir, Weapon=Anti Cutter, Location=Academic Building)
2026-04-18 06:49:23,833 - INFO - engine.game_state - AI Player 2 revealed a card
2026-04-18 06:49:23,834 - INFO - engine.game_state - Accusation Decision: False
2026-04-18 06:49:23,834 - INFO - engine.game_state - --- AI Player 2 (ExpectiminimaxAI) Turn ---
2026-04-18 06:49:23,834 - INFO - engine.game_state - Dice: 6
2026-04-18 06:49:23,839 - INFO - engine.game_state - Move: Academic Building
2026-04-18 06:49:23,925 - INFO - engine.game_state - Suggestion: Suggestion(Suspect=Hashem Sir, Weapon=Anti Cutter, Location=Academic Building)
2026-04-18 06:49:23,926 - INFO - engine.game_state - No one could disprove
2026-04-18 06:49:23,926 - INFO - engine.game_state - Accusation Decision: False
2026-04-18 06:49:23,926 - INFO - engine.game_state - --- AI Player 3 (NegamaxAI) Turn ---
2026-04-18 06:49:23,926 - INFO - engine.game_state - Dice: 9
2026-04-18 06:49:23,934 - INFO - engine.game_state - Move: Library
2026-04-18 06:49:24,011 - INFO - engine.game_state - Suggestion: Suggestion(Suspect=Hashem Sir, Weapon=Anti Cutter, Location=Library)
2026-04-18 06:49:24,011 - INFO - engine.game_state - AI Player 2 revealed a card
2026-04-18 06:49:24,012 - INFO - engine.game_state - Accusation Decision: False
2026-04-18 06:49:24,012 - INFO - engine.game_state - --- AI Player 2 (ExpectiminimaxAI) Turn ---
2026-04-18 06:49:24,012 - INFO - engine.game_state - Dice: 8
2026-04-18 06:49:24,019 - INFO - engine.game_state - Move: Library
2026-04-18 06:49:24,088 - INFO - engine.game_state - Suggestion: Suggestion(Suspect=Hashem Sir, Weapon=Anti Cutter, Location=Library)
2026-04-18 06:49:24,088 - INFO - engine.game_state - AI Player 3 revealed a card
2026-04-18 06:49:24,088 - INFO - engine.game_state - Accusation Decision: False
2026-04-18 06:49:24,089 - INFO - engine.game_state - --- AI Player 3 (NegamaxAI) Turn ---
2026-04-18 06:49:24,089 - INFO - engine.game_state - Dice: 11
2026-04-18 06:49:24,095 - INFO - engine.game_state - Move: Academic Building
2026-04-18 06:49:24,179 - INFO - engine.game_state - Suggestion: Suggestion(Suspect=Hashem Sir, Weapon=Anti Cutter, Location=Academic Building)
2026-04-18 06:49:24,179 - INFO - engine.game_state - AI Player 2 revealed a card
2026-04-18 06:49:24,179 - INFO - engine.game_state - Accusation Decision: False
2026-04-18 06:49:24,180 - INFO - engine.game_state - --- AI Player 2 (ExpectiminimaxAI) Turn ---
2026-04-18 06:49:24,180 - INFO - engine.game_state - Dice: 4
2026-04-18 06:49:24,185 - INFO - engine.game_state - Move: Academic Building
2026-04-18 06:49:24,268 - INFO - engine.game_state - Suggestion: Suggestion(Suspect=Hashem Sir, Weapon=Anti Cutter, Location=Academic Building)
2026-04-18 06:49:24,268 - INFO - engine.game_state - No one could disprove
2026-04-18 06:49:24,268 - INFO - engine.game_state - Accusation Decision: False
2026-04-18 06:49:24,268 - INFO - engine.game_state - --- AI Player 3 (NegamaxAI) Turn ---
2026-04-18 06:49:24,269 - INFO - engine.game_state - Dice: 5
2026-04-18 06:49:24,277 - INFO - engine.game_state - Move: Library
2026-04-18 06:49:24,354 - INFO - engine.game_state - Suggestion: Suggestion(Suspect=Hashem Sir, Weapon=Anti Cutter, Location=Library)
2026-04-18 06:49:24,355 - INFO - engine.game_state - AI Player 2 revealed a card
2026-04-18 06:49:24,355 - INFO - engine.game_state - Accusation Decision: False
2026-04-18 06:49:24,355 - INFO - engine.game_state - --- AI Player 2 (ExpectiminimaxAI) Turn ---
2026-04-18 06:49:24,355 - INFO - engine.game_state - Dice: 7
2026-04-18 06:49:24,362 - INFO - engine.game_state - Move: Library
2026-04-18 06:49:24,431 - INFO - engine.game_state - Suggestion: Suggestion(Suspect=Hashem Sir, Weapon=Anti Cutter, Location=Library)
2026-04-18 06:49:24,431 - INFO - engine.game_state - AI Player 3 revealed a card
2026-04-18 06:49:24,432 - INFO - engine.game_state - Accusation Decision: False
2026-04-18 06:49:24,432 - INFO - engine.game_state - --- AI Player 3 (NegamaxAI) Turn ---
2026-04-18 06:49:24,432 - INFO - engine.game_state - Dice: 9
2026-04-18 06:49:24,438 - INFO - engine.game_state - Move: Academic Building
2026-04-18 06:49:24,520 - INFO - engine.game_state - Suggestion: Suggestion(Suspect=Hashem Sir, Weapon=Anti Cutter, Location=Academic Building)
2026-04-18 06:49:24,520 - INFO - engine.game_state - AI Player 2 revealed a card
2026-04-18 06:49:24,520 - INFO - engine.game_state - Accusation Decision: False
2026-04-18 06:49:24,520 - INFO - engine.game_state - --- AI Player 2 (ExpectiminimaxAI) Turn ---
2026-04-18 06:49:24,521 - INFO - engine.game_state - Dice: 12
2026-04-18 06:49:24,526 - INFO - engine.game_state - Move: Academic Building
2026-04-18 06:49:24,609 - INFO - engine.game_state - Suggestion: Suggestion(Suspect=Hashem Sir, Weapon=Anti Cutter, Location=Academic Building)
2026-04-18 06:49:24,610 - INFO - engine.game_state - No one could disprove
2026-04-18 06:49:24,610 - INFO - engine.game_state - Accusation Decision: False
2026-04-18 06:49:24,610 - INFO - engine.game_state - --- AI Player 3 (NegamaxAI) Turn ---
2026-04-18 06:49:24,611 - INFO - engine.game_state - Dice: 6
2026-04-18 06:49:24,619 - INFO - engine.game_state - Move: Library
2026-04-18 06:49:24,696 - INFO - engine.game_state - Suggestion: Suggestion(Suspect=Hashem Sir, Weapon=Anti Cutter, Location=Library)
2026-04-18 06:49:24,696 - INFO - engine.game_state - AI Player 2 revealed a card
2026-04-18 06:49:24,696 - INFO - engine.game_state - Accusation Decision: False
2026-04-18 06:49:24,696 - INFO - engine.game_state - --- AI Player 2 (ExpectiminimaxAI) Turn ---
2026-04-18 06:49:24,696 - INFO - engine.game_state - Dice: 8
2026-04-18 06:49:24,703 - INFO - engine.game_state - Move: Library
2026-04-18 06:49:24,772 - INFO - engine.game_state - Suggestion: Suggestion(Suspect=Hashem Sir, Weapon=Anti Cutter, Location=Library)
2026-04-18 06:49:24,773 - INFO - engine.game_state - AI Player 3 revealed a card
2026-04-18 06:49:24,773 - INFO - engine.game_state - Accusation Decision: False
2026-04-18 06:49:24,773 - INFO - engine.game_state - --- AI Player 3 (NegamaxAI) Turn ---
2026-04-18 06:49:24,773 - INFO - engine.game_state - Dice: 6
2026-04-18 06:49:24,780 - INFO - engine.game_state - Move: Academic Building
2026-04-18 06:49:24,862 - INFO - engine.game_state - Suggestion: Suggestion(Suspect=Hashem Sir, Weapon=Anti Cutter, Location=Academic Building)
2026-04-18 06:49:24,862 - INFO - engine.game_state - AI Player 2 revealed a card
2026-04-18 06:49:24,862 - INFO - engine.game_state - Accusation Decision: False
2026-04-18 06:49:24,863 - INFO - engine.game_state - --- AI Player 2 (ExpectiminimaxAI) Turn ---
2026-04-18 06:49:24,863 - INFO - engine.game_state - Dice: 6
2026-04-18 06:49:24,868 - INFO - engine.game_state - Move: Academic Building
2026-04-18 06:49:24,951 - INFO - engine.game_state - Suggestion: Suggestion(Suspect=Hashem Sir, Weapon=Anti Cutter, Location=Academic Building)
2026-04-18 06:49:24,951 - INFO - engine.game_state - No one could disprove
2026-04-18 06:49:24,951 - INFO - engine.game_state - Accusation Decision: False
2026-04-18 06:49:24,951 - INFO - engine.game_state - --- AI Player 3 (NegamaxAI) Turn ---
2026-04-18 06:49:24,952 - INFO - engine.game_state - Dice: 2
2026-04-18 06:49:24,953 - INFO - engine.game_state - Move: VC Room
2026-04-18 06:49:25,013 - INFO - engine.game_state - Suggestion: Suggestion(Suspect=Hashem Sir, Weapon=Anti Cutter, Location=VC Room)
2026-04-18 06:49:25,014 - INFO - engine.game_state - AI Player 2 revealed a card
2026-04-18 06:49:25,014 - INFO - engine.game_state - Accusation Decision: False
2026-04-18 06:49:25,014 - INFO - engine.game_state - --- AI Player 2 (ExpectiminimaxAI) Turn ---
2026-04-18 06:49:25,014 - INFO - engine.game_state - Dice: 7
2026-04-18 06:49:25,021 - INFO - engine.game_state - Move: Library
2026-04-18 06:49:25,093 - INFO - engine.game_state - Suggestion: Suggestion(Suspect=Hashem Sir, Weapon=Anti Cutter, Location=Library)
2026-04-18 06:49:25,093 - INFO - engine.game_state - AI Player 3 revealed a card
2026-04-18 06:49:25,094 - INFO - engine.game_state - Accusation Decision: False
2026-04-18 06:49:25,094 - INFO - engine.game_state - --- AI Player 3 (NegamaxAI) Turn ---
2026-04-18 06:49:25,094 - INFO - engine.game_state - Dice: 2
2026-04-18 06:49:25,098 - INFO - engine.game_state - Move: Library
2026-04-18 06:49:25,164 - INFO - engine.game_state - Suggestion: Suggestion(Suspect=Hashem Sir, Weapon=Anti Cutter, Location=Library)
2026-04-18 06:49:25,164 - INFO - engine.game_state - AI Player 2 revealed a card
2026-04-18 06:49:25,164 - INFO - engine.game_state - Accusation Decision: False
2026-04-18 06:49:25,165 - INFO - engine.game_state - --- AI Player 2 (ExpectiminimaxAI) Turn ---
2026-04-18 06:49:25,165 - INFO - engine.game_state - Dice: 4
2026-04-18 06:49:25,171 - INFO - engine.game_state - Move: Academic Building
2026-04-18 06:49:25,334 - INFO - engine.game_state - Suggestion: Suggestion(Suspect=Hashem Sir, Weapon=Anti Cutter, Location=Academic Building)
2026-04-18 06:49:25,335 - INFO - engine.game_state - No one could disprove
2026-04-18 06:49:25,335 - INFO - engine.game_state - Accusation Decision: False
2026-04-18 06:49:25,335 - INFO - engine.game_state - --- AI Player 3 (NegamaxAI) Turn ---
2026-04-18 06:49:25,335 - INFO - engine.game_state - Dice: 2
2026-04-18 06:49:25,341 - INFO - engine.game_state - Move: VC Room
2026-04-18 06:49:25,451 - INFO - engine.game_state - Suggestion: Suggestion(Suspect=Hashem Sir, Weapon=Anti Cutter, Location=VC Room)
2026-04-18 06:49:25,451 - INFO - engine.game_state - AI Player 2 revealed a card
2026-04-18 06:49:25,452 - INFO - engine.game_state - Accusation Decision: False
2026-04-18 06:49:25,452 - INFO - engine.game_state - --- AI Player 2 (ExpectiminimaxAI) Turn ---
2026-04-18 06:49:25,452 - INFO - engine.game_state - Dice: 7
2026-04-18 06:49:25,460 - INFO - engine.game_state - Move: Library
2026-04-18 06:49:25,565 - INFO - engine.game_state - Suggestion: Suggestion(Suspect=Hashem Sir, Weapon=Anti Cutter, Location=Library)
2026-04-18 06:49:25,566 - INFO - engine.game_state - AI Player 3 revealed a card
2026-04-18 06:49:25,566 - INFO - engine.game_state - Accusation Decision: False
2026-04-18 06:49:25,566 - INFO - engine.game_state - --- AI Player 3 (NegamaxAI) Turn ---
2026-04-18 06:49:25,566 - INFO - engine.game_state - Dice: 7
2026-04-18 06:49:25,579 - INFO - engine.game_state - Move: Library
2026-04-18 06:49:25,700 - INFO - engine.game_state - Suggestion: Suggestion(Suspect=Hashem Sir, Weapon=Anti Cutter, Location=Library)
2026-04-18 06:49:25,701 - INFO - engine.game_state - AI Player 2 revealed a card
2026-04-18 06:49:25,701 - INFO - engine.game_state - Accusation Decision: False
2026-04-18 06:49:25,701 - INFO - engine.game_state - --- AI Player 2 (ExpectiminimaxAI) Turn ---
2026-04-18 06:49:25,702 - INFO - engine.game_state - Dice: 9
2026-04-18 06:49:25,708 - INFO - engine.game_state - Move: Academic Building
2026-04-18 06:49:25,846 - INFO - engine.game_state - Suggestion: Suggestion(Suspect=Hashem Sir, Weapon=Anti Cutter, Location=Academic Building)
2026-04-18 06:49:25,847 - INFO - engine.game_state - No one could disprove
2026-04-18 06:49:25,847 - INFO - engine.game_state - Accusation Decision: False
2026-04-18 06:49:25,847 - INFO - engine.game_state - --- AI Player 3 (NegamaxAI) Turn ---
2026-04-18 06:49:25,847 - INFO - engine.game_state - Dice: 10
2026-04-18 06:49:25,859 - INFO - engine.game_state - Move: Academic Building
2026-04-18 06:49:25,959 - INFO - engine.game_state - Suggestion: Suggestion(Suspect=Hashem Sir, Weapon=Anti Cutter, Location=Academic Building)
2026-04-18 06:49:25,960 - INFO - engine.game_state - AI Player 2 revealed a card
2026-04-18 06:49:25,960 - INFO - engine.game_state - Accusation Decision: False
2026-04-18 06:49:25,960 - INFO - engine.game_state - --- AI Player 2 (ExpectiminimaxAI) Turn ---
2026-04-18 06:49:25,961 - INFO - engine.game_state - Dice: 9
2026-04-18 06:49:25,969 - INFO - engine.game_state - Move: Library
2026-04-18 06:49:26,065 - INFO - engine.game_state - Suggestion: Suggestion(Suspect=Hashem Sir, Weapon=Anti Cutter, Location=Library)
2026-04-18 06:49:26,065 - INFO - engine.game_state - AI Player 3 revealed a card
2026-04-18 06:49:26,066 - INFO - engine.game_state - Accusation Decision: False
2026-04-18 06:49:26,066 - INFO - engine.game_state - --- AI Player 3 (NegamaxAI) Turn ---
2026-04-18 06:49:26,066 - INFO - engine.game_state - Dice: 7
2026-04-18 06:49:26,074 - INFO - engine.game_state - Move: Library
2026-04-18 06:49:26,183 - INFO - engine.game_state - Suggestion: Suggestion(Suspect=Hashem Sir, Weapon=Anti Cutter, Location=Library)
2026-04-18 06:49:26,184 - INFO - engine.game_state - AI Player 2 revealed a card
2026-04-18 06:49:26,184 - INFO - engine.game_state - Accusation Decision: False
2026-04-18 06:49:26,184 - INFO - engine.game_state - --- AI Player 2 (ExpectiminimaxAI) Turn ---
2026-04-18 06:49:26,184 - INFO - engine.game_state - Dice: 7
2026-04-18 06:49:26,191 - INFO - engine.game_state - Move: Academic Building
2026-04-18 06:49:26,295 - INFO - engine.game_state - Suggestion: Suggestion(Suspect=Hashem Sir, Weapon=Anti Cutter, Location=Academic Building)
2026-04-18 06:49:26,295 - INFO - engine.game_state - No one could disprove
2026-04-18 06:49:26,295 - INFO - engine.game_state - Accusation Decision: False
2026-04-18 06:49:26,295 - INFO - engine.game_state - --- AI Player 3 (NegamaxAI) Turn ---
2026-04-18 06:49:26,296 - INFO - engine.game_state - Dice: 10
2026-04-18 06:49:26,306 - INFO - engine.game_state - Move: Academic Building
2026-04-18 06:49:26,432 - INFO - engine.game_state - Suggestion: Suggestion(Suspect=Hashem Sir, Weapon=Anti Cutter, Location=Academic Building)
2026-04-18 06:49:26,432 - INFO - engine.game_state - AI Player 2 revealed a card
2026-04-18 06:49:26,433 - INFO - engine.game_state - Accusation Decision: False
2026-04-18 06:49:26,433 - INFO - engine.game_state - --- AI Player 2 (ExpectiminimaxAI) Turn ---
2026-04-18 06:49:26,433 - INFO - engine.game_state - Dice: 9
2026-04-18 06:49:26,442 - INFO - engine.game_state - Move: Library
2026-04-18 06:49:26,521 - INFO - engine.game_state - Suggestion: Suggestion(Suspect=Hashem Sir, Weapon=Anti Cutter, Location=Library)
2026-04-18 06:49:26,522 - INFO - engine.game_state - AI Player 3 revealed a card
2026-04-18 06:49:26,522 - INFO - engine.game_state - Accusation Decision: False
2026-04-18 06:49:26,522 - INFO - engine.game_state - --- AI Player 3 (NegamaxAI) Turn ---
2026-04-18 06:49:26,522 - INFO - engine.game_state - Dice: 9
2026-04-18 06:49:26,532 - INFO - engine.game_state - Move: Library
2026-04-18 06:49:26,623 - INFO - engine.game_state - Suggestion: Suggestion(Suspect=Hashem Sir, Weapon=Anti Cutter, Location=Library)
2026-04-18 06:49:26,624 - INFO - engine.game_state - AI Player 2 revealed a card
2026-04-18 06:49:26,624 - INFO - engine.game_state - Accusation Decision: False
2026-04-18 06:49:26,624 - INFO - engine.game_state - --- AI Player 2 (ExpectiminimaxAI) Turn ---
2026-04-18 06:49:26,624 - INFO - engine.game_state - Dice: 7
2026-04-18 06:49:26,630 - INFO - engine.game_state - Move: Academic Building
2026-04-18 06:49:26,740 - INFO - engine.game_state - Suggestion: Suggestion(Suspect=Hashem Sir, Weapon=Anti Cutter, Location=Academic Building)
2026-04-18 06:49:26,740 - INFO - engine.game_state - No one could disprove
2026-04-18 06:49:26,741 - INFO - engine.game_state - Accusation Decision: False
2026-04-18 06:49:26,741 - INFO - engine.game_state - --- AI Player 3 (NegamaxAI) Turn ---
2026-04-18 06:49:26,741 - INFO - engine.game_state - Dice: 8
2026-04-18 06:49:26,748 - INFO - engine.game_state - Move: Academic Building
2026-04-18 06:49:26,863 - INFO - engine.game_state - Suggestion: Suggestion(Suspect=Hashem Sir, Weapon=Anti Cutter, Location=Academic Building)
2026-04-18 06:49:26,863 - INFO - engine.game_state - AI Player 2 revealed a card
2026-04-18 06:49:26,863 - INFO - engine.game_state - Accusation Decision: False
2026-04-18 06:49:26,864 - INFO - engine.game_state - --- AI Player 2 (ExpectiminimaxAI) Turn ---
2026-04-18 06:49:26,864 - INFO - engine.game_state - Dice: 8
2026-04-18 06:49:26,872 - INFO - engine.game_state - Move: Library
2026-04-18 06:49:26,974 - INFO - engine.game_state - Suggestion: Suggestion(Suspect=Hashem Sir, Weapon=Anti Cutter, Location=Library)
2026-04-18 06:49:26,974 - INFO - engine.game_state - AI Player 3 revealed a card
2026-04-18 06:49:26,975 - INFO - engine.game_state - Accusation Decision: False
2026-04-18 06:49:26,975 - INFO - engine.game_state - --- AI Player 3 (NegamaxAI) Turn ---
2026-04-18 06:49:26,975 - INFO - engine.game_state - Dice: 6
2026-04-18 06:49:26,985 - INFO - engine.game_state - Move: Library
2026-04-18 06:49:27,103 - INFO - engine.game_state - Suggestion: Suggestion(Suspect=Hashem Sir, Weapon=Anti Cutter, Location=Library)
2026-04-18 06:49:27,103 - INFO - engine.game_state - AI Player 2 revealed a card
2026-04-18 06:49:27,103 - INFO - engine.game_state - Accusation Decision: False
2026-04-18 06:49:27,103 - INFO - engine.game_state - --- AI Player 2 (ExpectiminimaxAI) Turn ---
2026-04-18 06:49:27,104 - INFO - engine.game_state - Dice: 7
2026-04-18 06:49:27,112 - INFO - engine.game_state - Move: Academic Building
2026-04-18 06:49:27,232 - INFO - engine.game_state - Suggestion: Suggestion(Suspect=Hashem Sir, Weapon=Anti Cutter, Location=Academic Building)
2026-04-18 06:49:27,233 - INFO - engine.game_state - No one could disprove
2026-04-18 06:49:27,233 - INFO - engine.game_state - Accusation Decision: False
2026-04-18 06:49:27,233 - INFO - engine.game_state - --- AI Player 3 (NegamaxAI) Turn ---
2026-04-18 06:49:27,233 - INFO - engine.game_state - Dice: 2
2026-04-18 06:49:27,239 - INFO - engine.game_state - Move: VC Room
2026-04-18 06:49:27,319 - INFO - engine.game_state - Suggestion: Suggestion(Suspect=Hashem Sir, Weapon=Anti Cutter, Location=VC Room)
2026-04-18 06:49:27,319 - INFO - engine.game_state - AI Player 2 revealed a card
2026-04-18 06:49:27,319 - INFO - engine.game_state - Accusation Decision: False
2026-04-18 06:49:27,319 - INFO - engine.game_state - --- AI Player 2 (ExpectiminimaxAI) Turn ---
2026-04-18 06:49:27,320 - INFO - engine.game_state - Dice: 7
2026-04-18 06:49:27,329 - INFO - engine.game_state - Move: Library
2026-04-18 06:49:27,436 - INFO - engine.game_state - Suggestion: Suggestion(Suspect=Hashem Sir, Weapon=Anti Cutter, Location=Library)
2026-04-18 06:49:27,437 - INFO - engine.game_state - AI Player 3 revealed a card
2026-04-18 06:49:27,437 - INFO - engine.game_state - Accusation Decision: False
2026-04-18 06:49:27,437 - INFO - engine.game_state - --- AI Player 3 (NegamaxAI) Turn ---
2026-04-18 06:49:27,437 - INFO - engine.game_state - Dice: 11
2026-04-18 06:49:27,446 - INFO - engine.game_state - Move: Library
2026-04-18 06:49:27,568 - INFO - engine.game_state - Suggestion: Suggestion(Suspect=Hashem Sir, Weapon=Anti Cutter, Location=Library)
2026-04-18 06:49:27,568 - INFO - engine.game_state - AI Player 2 revealed a card
2026-04-18 06:49:27,572 - INFO - engine.game_state - Accusation Decision: False
2026-04-18 06:49:27,572 - INFO - engine.game_state - --- AI Player 2 (ExpectiminimaxAI) Turn ---
2026-04-18 06:49:27,572 - INFO - engine.game_state - Dice: 5
2026-04-18 06:49:27,581 - INFO - engine.game_state - Move: Academic Building
2026-04-18 06:49:27,702 - INFO - engine.game_state - Suggestion: Suggestion(Suspect=Hashem Sir, Weapon=Anti Cutter, Location=Academic Building)
2026-04-18 06:49:27,703 - INFO - engine.game_state - No one could disprove
2026-04-18 06:49:27,703 - INFO - engine.game_state - Accusation Decision: False
2026-04-18 06:49:27,703 - INFO - engine.game_state - --- AI Player 3 (NegamaxAI) Turn ---
2026-04-18 06:49:27,703 - INFO - engine.game_state - Dice: 7
2026-04-18 06:49:27,714 - INFO - engine.game_state - Move: Academic Building
2026-04-18 06:49:27,844 - INFO - engine.game_state - Suggestion: Suggestion(Suspect=Hashem Sir, Weapon=Anti Cutter, Location=Academic Building)
2026-04-18 06:49:27,845 - INFO - engine.game_state - AI Player 2 revealed a card
2026-04-18 06:49:27,845 - INFO - engine.game_state - Accusation Decision: False
2026-04-18 06:49:27,845 - INFO - engine.game_state - --- AI Player 2 (ExpectiminimaxAI) Turn ---
2026-04-18 06:49:27,845 - INFO - engine.game_state - Dice: 8
2026-04-18 06:49:27,853 - INFO - engine.game_state - Move: Library
2026-04-18 06:49:27,933 - INFO - engine.game_state - Suggestion: Suggestion(Suspect=Hashem Sir, Weapon=Anti Cutter, Location=Library)
2026-04-18 06:49:27,933 - INFO - engine.game_state - AI Player 3 revealed a card
2026-04-18 06:49:27,933 - INFO - engine.game_state - Accusation Decision: False
2026-04-18 06:49:27,934 - INFO - engine.game_state - --- AI Player 3 (NegamaxAI) Turn ---
2026-04-18 06:49:27,934 - INFO - engine.game_state - Dice: 6
2026-04-18 06:49:27,944 - INFO - engine.game_state - Move: Library
2026-04-18 06:49:28,046 - INFO - engine.game_state - Suggestion: Suggestion(Suspect=Hashem Sir, Weapon=Anti Cutter, Location=Library)
2026-04-18 06:49:28,047 - INFO - engine.game_state - AI Player 2 revealed a card
2026-04-18 06:49:28,047 - INFO - engine.game_state - Accusation Decision: False
2026-04-18 06:49:28,047 - INFO - engine.game_state - --- AI Player 2 (ExpectiminimaxAI) Turn ---
2026-04-18 06:49:28,048 - INFO - engine.game_state - Dice: 4
2026-04-18 06:49:28,056 - INFO - engine.game_state - Move: Academic Building
2026-04-18 06:49:28,207 - INFO - engine.game_state - Suggestion: Suggestion(Suspect=Hashem Sir, Weapon=Anti Cutter, Location=Academic Building)
2026-04-18 06:49:28,208 - INFO - engine.game_state - No one could disprove
2026-04-18 06:49:28,208 - INFO - engine.game_state - Accusation Decision: False
2026-04-18 06:49:28,208 - INFO - engine.game_state - --- AI Player 3 (NegamaxAI) Turn ---
2026-04-18 06:49:28,208 - INFO - engine.game_state - Dice: 6
2026-04-18 06:49:28,219 - INFO - engine.game_state - Move: Academic Building
2026-04-18 06:49:28,348 - INFO - engine.game_state - Suggestion: Suggestion(Suspect=Hashem Sir, Weapon=Anti Cutter, Location=Academic Building)
2026-04-18 06:49:28,348 - INFO - engine.game_state - AI Player 2 revealed a card
2026-04-18 06:49:28,349 - INFO - engine.game_state - Accusation Decision: False
2026-04-18 06:49:28,349 - INFO - engine.game_state - --- AI Player 2 (ExpectiminimaxAI) Turn ---
2026-04-18 06:49:28,349 - INFO - engine.game_state - Dice: 5
2026-04-18 06:49:28,360 - INFO - engine.game_state - Move: Library
2026-04-18 06:49:28,466 - INFO - engine.game_state - Suggestion: Suggestion(Suspect=Hashem Sir, Weapon=Anti Cutter, Location=Library)
2026-04-18 06:49:28,467 - INFO - engine.game_state - AI Player 3 revealed a card
2026-04-18 06:49:28,467 - INFO - engine.game_state - Accusation Decision: False
2026-04-18 06:49:28,467 - INFO - engine.game_state - --- AI Player 3 (NegamaxAI) Turn ---
2026-04-18 06:49:28,468 - INFO - engine.game_state - Dice: 2
2026-04-18 06:49:28,469 - INFO - engine.game_state - Move: VC Room
2026-04-18 06:49:28,565 - INFO - engine.game_state - Suggestion: Suggestion(Suspect=Hashem Sir, Weapon=Anti Cutter, Location=VC Room)
2026-04-18 06:49:28,566 - INFO - engine.game_state - AI Player 2 revealed a card
2026-04-18 06:49:28,566 - INFO - engine.game_state - Accusation Decision: False
2026-04-18 06:49:28,566 - INFO - engine.game_state - --- AI Player 2 (ExpectiminimaxAI) Turn ---
2026-04-18 06:49:28,566 - INFO - engine.game_state - Dice: 9
2026-04-18 06:49:28,574 - INFO - engine.game_state - Move: Academic Building
2026-04-18 06:49:28,707 - INFO - engine.game_state - Suggestion: Suggestion(Suspect=Hashem Sir, Weapon=Anti Cutter, Location=Academic Building)
2026-04-18 06:49:28,707 - INFO - engine.game_state - No one could disprove
2026-04-18 06:49:28,708 - INFO - engine.game_state - Accusation Decision: False
2026-04-18 06:49:28,708 - INFO - engine.game_state - --- AI Player 3 (NegamaxAI) Turn ---
2026-04-18 06:49:28,708 - INFO - engine.game_state - Dice: 7
2026-04-18 06:49:28,719 - INFO - engine.game_state - Move: Library
2026-04-18 06:49:28,840 - INFO - engine.game_state - Suggestion: Suggestion(Suspect=Hashem Sir, Weapon=Anti Cutter, Location=Library)
2026-04-18 06:49:28,840 - INFO - engine.game_state - AI Player 2 revealed a card
2026-04-18 06:49:28,840 - INFO - engine.game_state - Accusation Decision: False
2026-04-18 06:49:28,840 - INFO - engine.game_state - --- AI Player 2 (ExpectiminimaxAI) Turn ---
2026-04-18 06:49:28,840 - INFO - engine.game_state - Dice: 8
2026-04-18 06:49:28,852 - INFO - engine.game_state - Move: Library
2026-04-18 06:49:28,973 - INFO - engine.game_state - Suggestion: Suggestion(Suspect=Hashem Sir, Weapon=Anti Cutter, Location=Library)
2026-04-18 06:49:28,973 - INFO - engine.game_state - AI Player 3 revealed a card
2026-04-18 06:49:28,973 - INFO - engine.game_state - Accusation Decision: False
2026-04-18 06:49:28,973 - INFO - engine.game_state - --- AI Player 3 (NegamaxAI) Turn ---
2026-04-18 06:49:28,973 - INFO - engine.game_state - Dice: 7
2026-04-18 06:49:28,983 - INFO - engine.game_state - Move: Academic Building
2026-04-18 06:49:29,119 - INFO - engine.game_state - Suggestion: Suggestion(Suspect=Hashem Sir, Weapon=Anti Cutter, Location=Academic Building)
2026-04-18 06:49:29,119 - INFO - engine.game_state - AI Player 2 revealed a card
2026-04-18 06:49:29,119 - INFO - engine.game_state - Accusation Decision: False
2026-04-18 06:49:29,120 - INFO - engine.game_state - --- AI Player 2 (ExpectiminimaxAI) Turn ---
2026-04-18 06:49:29,120 - INFO - engine.game_state - Dice: 11
2026-04-18 06:49:29,127 - INFO - engine.game_state - Move: Academic Building
2026-04-18 06:49:29,233 - INFO - engine.game_state - Suggestion: Suggestion(Suspect=Hashem Sir, Weapon=Anti Cutter, Location=Academic Building)
2026-04-18 06:49:29,233 - INFO - engine.game_state - No one could disprove
2026-04-18 06:49:29,234 - INFO - engine.game_state - Accusation Decision: False
2026-04-18 06:49:29,234 - INFO - engine.game_state - --- AI Player 3 (NegamaxAI) Turn ---
2026-04-18 06:49:29,234 - INFO - engine.game_state - Dice: 6
2026-04-18 06:49:29,243 - INFO - engine.game_state - Move: Library
2026-04-18 06:49:29,372 - INFO - engine.game_state - Suggestion: Suggestion(Suspect=Hashem Sir, Weapon=Anti Cutter, Location=Library)
2026-04-18 06:49:29,372 - INFO - engine.game_state - AI Player 2 revealed a card
2026-04-18 06:49:29,372 - INFO - engine.game_state - Accusation Decision: False
2026-04-18 06:49:29,373 - INFO - engine.game_state - --- AI Player 2 (ExpectiminimaxAI) Turn ---
2026-04-18 06:49:29,373 - INFO - engine.game_state - Dice: 7
2026-04-18 06:49:29,383 - INFO - engine.game_state - Move: Library
2026-04-18 06:49:29,470 - INFO - engine.game_state - Suggestion: Suggestion(Suspect=Hashem Sir, Weapon=Anti Cutter, Location=Library)
2026-04-18 06:49:29,470 - INFO - engine.game_state - AI Player 3 revealed a card
2026-04-18 06:49:29,471 - INFO - engine.game_state - Accusation Decision: False
2026-04-18 06:49:29,471 - INFO - engine.game_state - --- AI Player 3 (NegamaxAI) Turn ---
2026-04-18 06:49:29,471 - INFO - engine.game_state - Dice: 8
2026-04-18 06:49:29,480 - INFO - engine.game_state - Move: Academic Building
2026-04-18 06:49:29,595 - INFO - engine.game_state - Suggestion: Suggestion(Suspect=Hashem Sir, Weapon=Anti Cutter, Location=Academic Building)
2026-04-18 06:49:29,595 - INFO - engine.game_state - AI Player 2 revealed a card
2026-04-18 06:49:29,596 - INFO - engine.game_state - Accusation Decision: False
2026-04-18 06:49:29,596 - INFO - engine.game_state - --- AI Player 2 (ExpectiminimaxAI) Turn ---
2026-04-18 06:49:29,596 - INFO - engine.game_state - Dice: 3
2026-04-18 06:49:29,600 - INFO - engine.game_state - Move: Pocket Gate
2026-04-18 06:49:29,683 - INFO - engine.game_state - Suggestion: Suggestion(Suspect=Hashem Sir, Weapon=Anti Cutter, Location=Pocket Gate)
2026-04-18 06:49:29,683 - INFO - engine.game_state - No one could disprove
2026-04-18 06:49:29,683 - INFO - engine.game_state - Accusation Decision: False
2026-04-18 06:49:29,683 - INFO - engine.game_state - --- AI Player 3 (NegamaxAI) Turn ---
2026-04-18 06:49:29,684 - INFO - engine.game_state - Dice: 11
2026-04-18 06:49:29,693 - INFO - engine.game_state - Move: Library
2026-04-18 06:49:29,803 - INFO - engine.game_state - Suggestion: Suggestion(Suspect=Hashem Sir, Weapon=Anti Cutter, Location=Library)
2026-04-18 06:49:29,803 - INFO - engine.game_state - AI Player 2 revealed a card
2026-04-18 06:49:29,803 - INFO - engine.game_state - Accusation Decision: False
2026-04-18 06:49:29,803 - INFO - engine.game_state - --- AI Player 2 (ExpectiminimaxAI) Turn ---
2026-04-18 06:49:29,803 - INFO - engine.game_state - Dice: 10
2026-04-18 06:49:29,810 - INFO - engine.game_state - Move: Central Field
2026-04-18 06:49:29,959 - INFO - engine.game_state - Suggestion: Suggestion(Suspect=Hashem Sir, Weapon=Anti Cutter, Location=Central Field)
2026-04-18 06:49:29,959 - INFO - engine.game_state - AI Player 1 revealed a card
2026-04-18 06:49:29,960 - INFO - engine.game_state - Accusation Decision: False
2026-04-18 06:49:29,960 - INFO - engine.game_state - --- AI Player 3 (NegamaxAI) Turn ---
2026-04-18 06:49:29,960 - INFO - engine.game_state - Dice: 7
2026-04-18 06:49:29,971 - INFO - engine.game_state - Move: Academic Building
2026-04-18 06:49:30,075 - INFO - engine.game_state - Suggestion: Suggestion(Suspect=Hashem Sir, Weapon=Anti Cutter, Location=Academic Building)
2026-04-18 06:49:30,075 - INFO - engine.game_state - AI Player 2 revealed a card
2026-04-18 06:49:30,075 - INFO - engine.game_state - Accusation Decision: False
2026-04-18 06:49:30,075 - INFO - engine.game_state - --- AI Player 2 (ExpectiminimaxAI) Turn ---
2026-04-18 06:49:30,076 - INFO - engine.game_state - Dice: 5
2026-04-18 06:49:30,084 - INFO - engine.game_state - Move: Amar Ekushey Hall
2026-04-18 06:49:30,169 - INFO - engine.game_state - Suggestion: Suggestion(Suspect=Hashem Sir, Weapon=Anti Cutter, Location=Amar Ekushey Hall)
2026-04-18 06:49:30,169 - INFO - engine.game_state - AI Player 3 revealed a card
2026-04-18 06:49:30,169 - INFO - engine.game_state - Accusation Decision: False
2026-04-18 06:49:30,169 - INFO - engine.game_state - --- AI Player 3 (NegamaxAI) Turn ---
2026-04-18 06:49:30,170 - INFO - engine.game_state - Dice: 7
2026-04-18 06:49:30,180 - INFO - engine.game_state - Move: Library
2026-04-18 06:49:30,302 - INFO - engine.game_state - Suggestion: Suggestion(Suspect=Hashem Sir, Weapon=Anti Cutter, Location=Library)
2026-04-18 06:49:30,303 - INFO - engine.game_state - AI Player 2 revealed a card
2026-04-18 06:49:30,303 - INFO - engine.game_state - Accusation Decision: False
2026-04-18 06:49:30,303 - INFO - engine.game_state - --- AI Player 2 (ExpectiminimaxAI) Turn ---
2026-04-18 06:49:30,304 - INFO - engine.game_state - Dice: 9
2026-04-18 06:49:30,310 - INFO - engine.game_state - Move: Rokeya Hall
2026-04-18 06:49:30,440 - INFO - engine.game_state - Suggestion: Suggestion(Suspect=Hashem Sir, Weapon=Anti Cutter, Location=Rokeya Hall)
2026-04-18 06:49:30,441 - INFO - engine.game_state - AI Player 3 revealed a card
2026-04-18 06:49:30,441 - INFO - engine.game_state - Accusation Decision: False
2026-04-18 06:49:30,441 - INFO - engine.game_state - --- AI Player 3 (NegamaxAI) Turn ---
2026-04-18 06:49:30,442 - INFO - engine.game_state - Dice: 4
2026-04-18 06:49:30,452 - INFO - engine.game_state - Move: Academic Building
2026-04-18 06:49:30,595 - INFO - engine.game_state - Suggestion: Suggestion(Suspect=Hashem Sir, Weapon=Anti Cutter, Location=Academic Building)
2026-04-18 06:49:30,595 - INFO - engine.game_state - AI Player 2 revealed a card
2026-04-18 06:49:30,595 - INFO - engine.game_state - Accusation Decision: False
2026-04-18 06:49:30,595 - INFO - engine.game_state - --- AI Player 2 (ExpectiminimaxAI) Turn ---
2026-04-18 06:49:30,595 - INFO - engine.game_state - Dice: 6
2026-04-18 06:49:30,606 - INFO - engine.game_state - Move: Pocket Gate
2026-04-18 06:49:30,667 - INFO - engine.game_state - Suggestion: Suggestion(Suspect=Hashem Sir, Weapon=Anti Cutter, Location=Pocket Gate)
2026-04-18 06:49:30,667 - INFO - engine.game_state - No one could disprove
2026-04-18 06:49:30,667 - INFO - engine.game_state - Accusation Decision: False
2026-04-18 06:49:30,667 - INFO - engine.game_state - --- AI Player 3 (NegamaxAI) Turn ---
2026-04-18 06:49:30,667 - INFO - engine.game_state - Dice: 4
2026-04-18 06:49:30,679 - INFO - engine.game_state - Move: Library
2026-04-18 06:49:30,764 - INFO - engine.game_state - Suggestion: Suggestion(Suspect=Hashem Sir, Weapon=Anti Cutter, Location=Library)
2026-04-18 06:49:30,764 - INFO - engine.game_state - AI Player 2 revealed a card
2026-04-18 06:49:30,765 - INFO - engine.game_state - Accusation Decision: False
2026-04-18 06:49:30,765 - INFO - engine.game_state - --- AI Player 2 (ExpectiminimaxAI) Turn ---
2026-04-18 06:49:30,765 - INFO - engine.game_state - Dice: 7
2026-04-18 06:49:30,772 - INFO - engine.game_state - Move: Central Field
2026-04-18 06:49:30,913 - INFO - engine.game_state - Suggestion: Suggestion(Suspect=Hashem Sir, Weapon=Anti Cutter, Location=Central Field)
2026-04-18 06:49:30,913 - INFO - engine.game_state - AI Player 1 revealed a card
2026-04-18 06:49:30,914 - INFO - engine.game_state - Accusation Decision: False
2026-04-18 06:49:30,914 - INFO - engine.game_state - --- AI Player 3 (NegamaxAI) Turn ---
2026-04-18 06:49:30,914 - INFO - engine.game_state - Dice: 4
2026-04-18 06:49:30,922 - INFO - engine.game_state - Move: Academic Building
2026-04-18 06:49:31,036 - INFO - engine.game_state - Suggestion: Suggestion(Suspect=Hashem Sir, Weapon=Anti Cutter, Location=Academic Building)
2026-04-18 06:49:31,036 - INFO - engine.game_state - AI Player 2 revealed a card
2026-04-18 06:49:31,037 - INFO - engine.game_state - Accusation Decision: False
2026-04-18 06:49:31,037 - INFO - engine.game_state - --- AI Player 2 (ExpectiminimaxAI) Turn ---
2026-04-18 06:49:31,037 - INFO - engine.game_state - Dice: 11
2026-04-18 06:49:31,047 - INFO - engine.game_state - Move: Pocket Gate
2026-04-18 06:49:31,103 - INFO - engine.game_state - Suggestion: Suggestion(Suspect=Hashem Sir, Weapon=Anti Cutter, Location=Pocket Gate)
2026-04-18 06:49:31,103 - INFO - engine.game_state - No one could disprove
2026-04-18 06:49:31,104 - INFO - engine.game_state - Accusation Decision: False
2026-04-18 06:49:31,104 - INFO - engine.game_state - --- AI Player 3 (NegamaxAI) Turn ---
2026-04-18 06:49:31,104 - INFO - engine.game_state - Dice: 5
2026-04-18 06:49:31,118 - INFO - engine.game_state - Move: Library
2026-04-18 06:49:31,241 - INFO - engine.game_state - Suggestion: Suggestion(Suspect=Hashem Sir, Weapon=Anti Cutter, Location=Library)
2026-04-18 06:49:31,241 - INFO - engine.game_state - AI Player 2 revealed a card
2026-04-18 06:49:31,242 - INFO - engine.game_state - Accusation Decision: False
2026-04-18 06:49:31,242 - INFO - engine.game_state - --- AI Player 2 (ExpectiminimaxAI) Turn ---
2026-04-18 06:49:31,242 - INFO - engine.game_state - Dice: 6
2026-04-18 06:49:31,255 - INFO - engine.game_state - Move: Central Field
2026-04-18 06:49:31,406 - INFO - engine.game_state - Suggestion: Suggestion(Suspect=Hashem Sir, Weapon=Anti Cutter, Location=Central Field)
2026-04-18 06:49:31,406 - INFO - engine.game_state - AI Player 1 revealed a card
2026-04-18 06:49:31,406 - INFO - engine.game_state - Accusation Decision: False
2026-04-18 06:49:31,407 - INFO - engine.game_state - --- AI Player 3 (NegamaxAI) Turn ---
2026-04-18 06:49:31,407 - INFO - engine.game_state - Dice: 11
2026-04-18 06:49:31,414 - INFO - engine.game_state - Move: Academic Building
2026-04-18 06:49:31,507 - INFO - engine.game_state - Suggestion: Suggestion(Suspect=Hashem Sir, Weapon=Anti Cutter, Location=Academic Building)
2026-04-18 06:49:31,507 - INFO - engine.game_state - AI Player 2 revealed a card
2026-04-18 06:49:31,508 - INFO - engine.game_state - Accusation Decision: False
2026-04-18 06:49:31,508 - INFO - engine.game_state - --- AI Player 2 (ExpectiminimaxAI) Turn ---
2026-04-18 06:49:31,508 - INFO - engine.game_state - Dice: 6
2026-04-18 06:49:31,517 - INFO - engine.game_state - Move: Pocket Gate
2026-04-18 06:49:31,569 - INFO - engine.game_state - Suggestion: Suggestion(Suspect=Hashem Sir, Weapon=Anti Cutter, Location=Pocket Gate)
2026-04-18 06:49:31,569 - INFO - engine.game_state - No one could disprove
2026-04-18 06:49:31,569 - INFO - engine.game_state - Accusation Decision: False
2026-04-18 06:49:31,570 - INFO - engine.game_state - --- AI Player 3 (NegamaxAI) Turn ---
2026-04-18 06:49:31,570 - INFO - engine.game_state - Dice: 8
2026-04-18 06:49:31,578 - INFO - engine.game_state - Move: Library
2026-04-18 06:49:31,700 - INFO - engine.game_state - Suggestion: Suggestion(Suspect=Hashem Sir, Weapon=Anti Cutter, Location=Library)
2026-04-18 06:49:31,701 - INFO - engine.game_state - AI Player 2 revealed a card
2026-04-18 06:49:31,701 - INFO - engine.game_state - Accusation Decision: False
2026-04-18 06:49:31,701 - INFO - engine.game_state - --- AI Player 2 (ExpectiminimaxAI) Turn ---
2026-04-18 06:49:31,701 - INFO - engine.game_state - Dice: 6
2026-04-18 06:49:31,717 - INFO - engine.game_state - Move: Central Field
2026-04-18 06:49:31,861 - INFO - engine.game_state - Suggestion: Suggestion(Suspect=Hashem Sir, Weapon=Anti Cutter, Location=Central Field)
2026-04-18 06:49:31,861 - INFO - engine.game_state - AI Player 1 revealed a card
2026-04-18 06:49:31,861 - INFO - engine.game_state - Accusation Decision: False
2026-04-18 06:49:31,861 - INFO - engine.game_state - --- AI Player 3 (NegamaxAI) Turn ---
2026-04-18 06:49:31,862 - INFO - engine.game_state - Dice: 8
2026-04-18 06:49:31,870 - INFO - engine.game_state - Move: Academic Building
2026-04-18 06:49:31,994 - INFO - engine.game_state - Suggestion: Suggestion(Suspect=Hashem Sir, Weapon=Anti Cutter, Location=Academic Building)
2026-04-18 06:49:31,994 - INFO - engine.game_state - AI Player 2 revealed a card
2026-04-18 06:49:31,994 - INFO - engine.game_state - Accusation Decision: False
2026-04-18 06:49:31,994 - INFO - engine.game_state - --- AI Player 2 (ExpectiminimaxAI) Turn ---
2026-04-18 06:49:31,994 - INFO - engine.game_state - Dice: 8
2026-04-18 06:49:32,007 - INFO - engine.game_state - Move: Pocket Gate
2026-04-18 06:49:32,078 - INFO - engine.game_state - Suggestion: Suggestion(Suspect=Hashem Sir, Weapon=Anti Cutter, Location=Pocket Gate)
2026-04-18 06:49:32,078 - INFO - engine.game_state - No one could disprove
2026-04-18 06:49:32,079 - INFO - engine.game_state - Accusation Decision: False
2026-04-18 06:49:32,079 - INFO - engine.game_state - --- AI Player 3 (NegamaxAI) Turn ---
2026-04-18 06:49:32,079 - INFO - engine.game_state - Dice: 6
2026-04-18 06:49:32,094 - INFO - engine.game_state - Move: Library
2026-04-18 06:49:32,217 - INFO - engine.game_state - Suggestion: Suggestion(Suspect=Hashem Sir, Weapon=Anti Cutter, Location=Library)
2026-04-18 06:49:32,217 - INFO - engine.game_state - AI Player 2 revealed a card
2026-04-18 06:49:32,217 - INFO - engine.game_state - Accusation Decision: False
2026-04-18 06:49:32,218 - INFO - engine.game_state - --- AI Player 2 (ExpectiminimaxAI) Turn ---
2026-04-18 06:49:32,218 - INFO - engine.game_state - Dice: 11
2026-04-18 06:49:32,233 - INFO - engine.game_state - Move: Central Field
2026-04-18 06:49:32,355 - INFO - engine.game_state - Suggestion: Suggestion(Suspect=Hashem Sir, Weapon=Anti Cutter, Location=Central Field)
2026-04-18 06:49:32,355 - INFO - engine.game_state - AI Player 1 revealed a card
2026-04-18 06:49:32,356 - INFO - engine.game_state - Accusation Decision: False
2026-04-18 06:49:32,356 - INFO - engine.game_state - --- AI Player 3 (NegamaxAI) Turn ---
2026-04-18 06:49:32,356 - INFO - engine.game_state - Dice: 5
2026-04-18 06:49:32,364 - INFO - engine.game_state - Move: Academic Building
2026-04-18 06:49:32,500 - INFO - engine.game_state - Suggestion: Suggestion(Suspect=Hashem Sir, Weapon=Anti Cutter, Location=Academic Building)
2026-04-18 06:49:32,501 - INFO - engine.game_state - AI Player 2 revealed a card
2026-04-18 06:49:32,501 - INFO - engine.game_state - Accusation Decision: False
2026-04-18 06:49:32,501 - INFO - engine.game_state - --- AI Player 2 (ExpectiminimaxAI) Turn ---
2026-04-18 06:49:32,501 - INFO - engine.game_state - Dice: 8
2026-04-18 06:49:32,511 - INFO - engine.game_state - Move: Pocket Gate
2026-04-18 06:49:32,582 - INFO - engine.game_state - Suggestion: Suggestion(Suspect=Hashem Sir, Weapon=Anti Cutter, Location=Pocket Gate)
2026-04-18 06:49:32,583 - INFO - engine.game_state - No one could disprove
2026-04-18 06:49:32,583 - INFO - engine.game_state - Accusation Decision: False
2026-04-18 06:49:32,583 - INFO - engine.game_state - --- AI Player 3 (NegamaxAI) Turn ---
2026-04-18 06:49:32,583 - INFO - engine.game_state - Dice: 5
2026-04-18 06:49:32,596 - INFO - engine.game_state - Move: Library
2026-04-18 06:49:32,696 - INFO - engine.game_state - Suggestion: Suggestion(Suspect=Hashem Sir, Weapon=Anti Cutter, Location=Library)
2026-04-18 06:49:32,696 - INFO - engine.game_state - AI Player 2 revealed a card
2026-04-18 06:49:32,697 - INFO - engine.game_state - Accusation Decision: False
2026-04-18 06:49:32,697 - INFO - engine.game_state - --- AI Player 2 (ExpectiminimaxAI) Turn ---
2026-04-18 06:49:32,697 - INFO - engine.game_state - Dice: 8
2026-04-18 06:49:32,706 - INFO - engine.game_state - Move: Central Field
2026-04-18 06:49:32,850 - INFO - engine.game_state - Suggestion: Suggestion(Suspect=Hashem Sir, Weapon=Anti Cutter, Location=Central Field)
2026-04-18 06:49:32,850 - INFO - engine.game_state - AI Player 1 revealed a card
2026-04-18 06:49:32,850 - INFO - engine.game_state - Accusation Decision: False
2026-04-18 06:49:32,850 - INFO - engine.game_state - --- AI Player 3 (NegamaxAI) Turn ---
2026-04-18 06:49:32,850 - INFO - engine.game_state - Dice: 11
2026-04-18 06:49:32,863 - INFO - engine.game_state - Move: Academic Building
2026-04-18 06:49:33,001 - INFO - engine.game_state - Suggestion: Suggestion(Suspect=Hashem Sir, Weapon=Anti Cutter, Location=Academic Building)
2026-04-18 06:49:33,002 - INFO - engine.game_state - AI Player 2 revealed a card
2026-04-18 06:49:33,002 - INFO - engine.game_state - Accusation Decision: False
2026-04-18 06:49:33,002 - INFO - engine.game_state - --- AI Player 2 (ExpectiminimaxAI) Turn ---
2026-04-18 06:49:33,002 - INFO - engine.game_state - Dice: 7
2026-04-18 06:49:33,013 - INFO - engine.game_state - Move: Pocket Gate
2026-04-18 06:49:33,067 - INFO - engine.game_state - Suggestion: Suggestion(Suspect=Hashem Sir, Weapon=Anti Cutter, Location=Pocket Gate)
2026-04-18 06:49:33,067 - INFO - engine.game_state - No one could disprove
2026-04-18 06:49:33,068 - INFO - engine.game_state - Accusation Decision: False
2026-04-18 06:49:33,068 - INFO - engine.game_state - --- AI Player 3 (NegamaxAI) Turn ---
2026-04-18 06:49:33,068 - INFO - engine.game_state - Dice: 7
2026-04-18 06:49:33,076 - INFO - engine.game_state - Move: Library
2026-04-18 06:49:33,182 - INFO - engine.game_state - Suggestion: Suggestion(Suspect=Hashem Sir, Weapon=Anti Cutter, Location=Library)
2026-04-18 06:49:33,182 - INFO - engine.game_state - AI Player 2 revealed a card
2026-04-18 06:49:33,182 - INFO - engine.game_state - Accusation Decision: False
2026-04-18 06:49:33,182 - INFO - engine.game_state - --- AI Player 2 (ExpectiminimaxAI) Turn ---
2026-04-18 06:49:33,182 - INFO - engine.game_state - Dice: 5
2026-04-18 06:49:33,193 - INFO - engine.game_state - Move: Central Field
2026-04-18 06:49:33,358 - INFO - engine.game_state - Suggestion: Suggestion(Suspect=Hashem Sir, Weapon=Anti Cutter, Location=Central Field)
2026-04-18 06:49:33,358 - INFO - engine.game_state - AI Player 1 revealed a card
2026-04-18 06:49:33,359 - INFO - engine.game_state - Accusation Decision: False
2026-04-18 06:49:33,359 - INFO - engine.game_state - --- AI Player 3 (NegamaxAI) Turn ---
2026-04-18 06:49:33,359 - INFO - engine.game_state - Dice: 3
2026-04-18 06:49:33,364 - INFO - engine.game_state - Move: VC Room
2026-04-18 06:49:33,437 - INFO - engine.game_state - Suggestion: Suggestion(Suspect=Hashem Sir, Weapon=Anti Cutter, Location=VC Room)
2026-04-18 06:49:33,437 - INFO - engine.game_state - AI Player 2 revealed a card
2026-04-18 06:49:33,437 - INFO - engine.game_state - Accusation Decision: False
2026-04-18 06:49:33,438 - INFO - engine.game_state - --- AI Player 2 (ExpectiminimaxAI) Turn ---
2026-04-18 06:49:33,438 - INFO - engine.game_state - Dice: 11
2026-04-18 06:49:33,447 - INFO - engine.game_state - Move: Pocket Gate
2026-04-18 06:49:33,502 - INFO - engine.game_state - Suggestion: Suggestion(Suspect=Hashem Sir, Weapon=Anti Cutter, Location=Pocket Gate)
2026-04-18 06:49:33,502 - INFO - engine.game_state - No one could disprove
2026-04-18 06:49:33,503 - INFO - engine.game_state - Accusation Decision: False
2026-04-18 06:49:33,503 - INFO - engine.game_state - --- AI Player 3 (NegamaxAI) Turn ---
2026-04-18 06:49:33,503 - INFO - engine.game_state - Dice: 12
2026-04-18 06:49:33,514 - INFO - engine.game_state - Move: Library
2026-04-18 06:49:33,625 - INFO - engine.game_state - Suggestion: Suggestion(Suspect=Hashem Sir, Weapon=Anti Cutter, Location=Library)
2026-04-18 06:49:33,625 - INFO - engine.game_state - AI Player 2 revealed a card
2026-04-18 06:49:33,626 - INFO - engine.game_state - Accusation Decision: False
2026-04-18 06:49:33,626 - INFO - engine.game_state - --- AI Player 2 (ExpectiminimaxAI) Turn ---
2026-04-18 06:49:33,626 - INFO - engine.game_state - Dice: 4
2026-04-18 06:49:33,636 - INFO - engine.game_state - Move: Central Field
2026-04-18 06:49:33,761 - INFO - engine.game_state - Suggestion: Suggestion(Suspect=Hashem Sir, Weapon=Anti Cutter, Location=Central Field)
2026-04-18 06:49:33,761 - INFO - engine.game_state - AI Player 1 revealed a card
2026-04-18 06:49:33,761 - INFO - engine.game_state - Accusation Decision: False
2026-04-18 06:49:33,762 - INFO - engine.game_state - --- AI Player 3 (NegamaxAI) Turn ---
2026-04-18 06:49:33,762 - INFO - engine.game_state - Dice: 5
2026-04-18 06:49:33,770 - INFO - engine.game_state - Move: Academic Building
2026-04-18 06:49:33,880 - INFO - engine.game_state - Suggestion: Suggestion(Suspect=Hashem Sir, Weapon=Anti Cutter, Location=Academic Building)
2026-04-18 06:49:33,880 - INFO - engine.game_state - AI Player 2 revealed a card
2026-04-18 06:49:33,881 - INFO - engine.game_state - Accusation Decision: False
2026-04-18 06:49:33,881 - INFO - engine.game_state - --- AI Player 2 (ExpectiminimaxAI) Turn ---
2026-04-18 06:49:33,881 - INFO - engine.game_state - Dice: 10
2026-04-18 06:49:33,890 - INFO - engine.game_state - Move: Pocket Gate
2026-04-18 06:49:33,949 - INFO - engine.game_state - Suggestion: Suggestion(Suspect=Hashem Sir, Weapon=Anti Cutter, Location=Pocket Gate)
2026-04-18 06:49:33,949 - INFO - engine.game_state - No one could disprove
2026-04-18 06:49:33,949 - INFO - engine.game_state - Accusation Decision: False
2026-04-18 06:49:33,949 - INFO - engine.game_state - --- AI Player 3 (NegamaxAI) Turn ---
2026-04-18 06:49:33,949 - INFO - engine.game_state - Dice: 4
2026-04-18 06:49:33,958 - INFO - engine.game_state - Move: Library
2026-04-18 06:49:34,069 - INFO - engine.game_state - Suggestion: Suggestion(Suspect=Hashem Sir, Weapon=Anti Cutter, Location=Library)
2026-04-18 06:49:34,069 - INFO - engine.game_state - AI Player 2 revealed a card
2026-04-18 06:49:34,070 - INFO - engine.game_state - Accusation Decision: False
2026-04-18 06:49:34,070 - INFO - engine.game_state - --- AI Player 2 (ExpectiminimaxAI) Turn ---
2026-04-18 06:49:34,070 - INFO - engine.game_state - Dice: 7
2026-04-18 06:49:34,081 - INFO - engine.game_state - Move: Central Field
2026-04-18 06:49:34,228 - INFO - engine.game_state - Suggestion: Suggestion(Suspect=Hashem Sir, Weapon=Anti Cutter, Location=Central Field)
2026-04-18 06:49:34,228 - INFO - engine.game_state - AI Player 1 revealed a card
2026-04-18 06:49:34,229 - INFO - engine.game_state - Accusation Decision: False
2026-04-18 06:49:34,229 - INFO - engine.game_state - --- AI Player 3 (NegamaxAI) Turn ---
2026-04-18 06:49:34,229 - INFO - engine.game_state - Dice: 7
2026-04-18 06:49:34,241 - INFO - engine.game_state - Move: Academic Building
2026-04-18 06:49:34,351 - INFO - engine.game_state - Suggestion: Suggestion(Suspect=Hashem Sir, Weapon=Anti Cutter, Location=Academic Building)
2026-04-18 06:49:34,351 - INFO - engine.game_state - AI Player 2 revealed a card
2026-04-18 06:49:34,351 - INFO - engine.game_state - Accusation Decision: False
2026-04-18 06:49:34,352 - INFO - engine.game_state - --- AI Player 2 (ExpectiminimaxAI) Turn ---
2026-04-18 06:49:34,352 - INFO - engine.game_state - Dice: 8
2026-04-18 06:49:34,366 - INFO - engine.game_state - Move: Pocket Gate
2026-04-18 06:49:34,429 - INFO - engine.game_state - Suggestion: Suggestion(Suspect=Hashem Sir, Weapon=Anti Cutter, Location=Pocket Gate)
2026-04-18 06:49:34,429 - INFO - engine.game_state - No one could disprove
2026-04-18 06:49:34,430 - INFO - engine.game_state - Accusation Decision: False
2026-04-18 06:49:34,430 - INFO - engine.game_state - --- AI Player 3 (NegamaxAI) Turn ---
2026-04-18 06:49:34,430 - INFO - engine.game_state - Dice: 9
2026-04-18 06:49:34,438 - INFO - engine.game_state - Move: Library
2026-04-18 06:49:34,554 - INFO - engine.game_state - Suggestion: Suggestion(Suspect=Hashem Sir, Weapon=Anti Cutter, Location=Library)
2026-04-18 06:49:34,554 - INFO - engine.game_state - AI Player 2 revealed a card
2026-04-18 06:49:34,554 - INFO - engine.game_state - Accusation Decision: False
2026-04-18 06:49:34,554 - INFO - engine.game_state - --- AI Player 2 (ExpectiminimaxAI) Turn ---
2026-04-18 06:49:34,554 - INFO - engine.game_state - Dice: 7
2026-04-18 06:49:34,562 - INFO - engine.game_state - Move: Central Field
2026-04-18 06:49:34,699 - INFO - engine.game_state - Suggestion: Suggestion(Suspect=Hashem Sir, Weapon=Anti Cutter, Location=Central Field)
2026-04-18 06:49:34,700 - INFO - engine.game_state - AI Player 1 revealed a card
2026-04-18 06:49:34,700 - INFO - engine.game_state - Accusation Decision: False
2026-04-18 06:49:34,700 - INFO - engine.game_state - --- AI Player 3 (NegamaxAI) Turn ---
2026-04-18 06:49:34,700 - INFO - engine.game_state - Dice: 6
2026-04-18 06:49:34,708 - INFO - engine.game_state - Move: Academic Building
2026-04-18 06:49:34,816 - INFO - engine.game_state - Suggestion: Suggestion(Suspect=Hashem Sir, Weapon=Anti Cutter, Location=Academic Building)
2026-04-18 06:49:34,816 - INFO - engine.game_state - AI Player 2 revealed a card
2026-04-18 06:49:34,817 - INFO - engine.game_state - Accusation Decision: False
2026-04-18 06:49:34,817 - INFO - engine.game_state - --- AI Player 2 (ExpectiminimaxAI) Turn ---
2026-04-18 06:49:34,817 - INFO - engine.game_state - Dice: 9
2026-04-18 06:49:34,826 - INFO - engine.game_state - Move: Pocket Gate
2026-04-18 06:49:34,883 - INFO - engine.game_state - Suggestion: Suggestion(Suspect=Hashem Sir, Weapon=Anti Cutter, Location=Pocket Gate)
2026-04-18 06:49:34,883 - INFO - engine.game_state - No one could disprove
2026-04-18 06:49:34,883 - INFO - engine.game_state - Accusation Decision: False
2026-04-18 06:49:34,883 - INFO - engine.game_state - --- AI Player 3 (NegamaxAI) Turn ---
2026-04-18 06:49:34,884 - INFO - engine.game_state - Dice: 9
2026-04-18 06:49:34,894 - INFO - engine.game_state - Move: Library
2026-04-18 06:49:34,982 - INFO - engine.game_state - Suggestion: Suggestion(Suspect=Hashem Sir, Weapon=Anti Cutter, Location=Library)
2026-04-18 06:49:34,982 - INFO - engine.game_state - AI Player 2 revealed a card
2026-04-18 06:49:34,982 - INFO - engine.game_state - Accusation Decision: False
2026-04-18 06:49:34,982 - INFO - engine.game_state - --- AI Player 2 (ExpectiminimaxAI) Turn ---
2026-04-18 06:49:34,982 - INFO - engine.game_state - Dice: 2
2026-04-18 06:49:34,985 - INFO - engine.game_state - Move: Central Field
2026-04-18 06:49:35,029 - INFO - engine.game_state - Suggestion: Suggestion(Suspect=Hashem Sir, Weapon=Anti Cutter, Location=Central Field)
2026-04-18 06:49:35,030 - INFO - engine.game_state - AI Player 1 revealed a card
2026-04-18 06:49:35,030 - INFO - engine.game_state - Accusation Decision: False
2026-04-18 06:49:35,030 - INFO - engine.game_state - --- AI Player 3 (NegamaxAI) Turn ---
2026-04-18 06:49:35,030 - INFO - engine.game_state - Dice: 7
2026-04-18 06:49:35,039 - INFO - engine.game_state - Move: Academic Building
2026-04-18 06:49:35,155 - INFO - engine.game_state - Suggestion: Suggestion(Suspect=Hashem Sir, Weapon=Anti Cutter, Location=Academic Building)
2026-04-18 06:49:35,156 - INFO - engine.game_state - AI Player 2 revealed a card
2026-04-18 06:49:35,156 - INFO - engine.game_state - Accusation Decision: False
2026-04-18 06:49:35,156 - INFO - engine.game_state - --- AI Player 2 (ExpectiminimaxAI) Turn ---
2026-04-18 06:49:35,156 - INFO - engine.game_state - Dice: 8
2026-04-18 06:49:35,165 - INFO - engine.game_state - Move: Pocket Gate
2026-04-18 06:49:35,222 - INFO - engine.game_state - Suggestion: Suggestion(Suspect=Hashem Sir, Weapon=Anti Cutter, Location=Pocket Gate)
2026-04-18 06:49:35,222 - INFO - engine.game_state - No one could disprove
2026-04-18 06:49:35,222 - INFO - engine.game_state - Accusation Decision: False
2026-04-18 06:49:35,222 - INFO - engine.game_state - --- AI Player 3 (NegamaxAI) Turn ---
2026-04-18 06:49:35,223 - INFO - engine.game_state - Dice: 5
2026-04-18 06:49:35,232 - INFO - engine.game_state - Move: Library
2026-04-18 06:49:35,324 - INFO - engine.game_state - Suggestion: Suggestion(Suspect=Hashem Sir, Weapon=Anti Cutter, Location=Library)
2026-04-18 06:49:35,324 - INFO - engine.game_state - AI Player 2 revealed a card
2026-04-18 06:49:35,325 - INFO - engine.game_state - Accusation Decision: False
2026-04-18 06:49:35,325 - INFO - engine.game_state - --- AI Player 2 (ExpectiminimaxAI) Turn ---
2026-04-18 06:49:35,325 - INFO - engine.game_state - Dice: 10
2026-04-18 06:49:35,334 - INFO - engine.game_state - Move: Central Field
2026-04-18 06:49:35,480 - INFO - engine.game_state - Suggestion: Suggestion(Suspect=Hashem Sir, Weapon=Anti Cutter, Location=Central Field)
2026-04-18 06:49:35,480 - INFO - engine.game_state - AI Player 1 revealed a card
2026-04-18 06:49:35,480 - INFO - engine.game_state - Accusation Decision: False
2026-04-18 06:49:35,481 - INFO - engine.game_state - --- AI Player 3 (NegamaxAI) Turn ---
2026-04-18 06:49:35,481 - INFO - engine.game_state - Dice: 9
2026-04-18 06:49:35,492 - INFO - engine.game_state - Move: Academic Building
2026-04-18 06:49:35,635 - INFO - engine.game_state - Suggestion: Suggestion(Suspect=Hashem Sir, Weapon=Anti Cutter, Location=Academic Building)
2026-04-18 06:49:35,636 - INFO - engine.game_state - AI Player 2 revealed a card
2026-04-18 06:49:35,636 - INFO - engine.game_state - Accusation Decision: False
2026-04-18 06:49:35,636 - INFO - engine.game_state - --- AI Player 2 (ExpectiminimaxAI) Turn ---
2026-04-18 06:49:35,637 - INFO - engine.game_state - Dice: 7
2026-04-18 06:49:35,653 - INFO - engine.game_state - Move: Pocket Gate
2026-04-18 06:49:35,717 - INFO - engine.game_state - Suggestion: Suggestion(Suspect=Hashem Sir, Weapon=Anti Cutter, Location=Pocket Gate)
2026-04-18 06:49:35,717 - INFO - engine.game_state - No one could disprove
2026-04-18 06:49:35,717 - INFO - engine.game_state - Accusation Decision: False
2026-04-18 06:49:35,718 - INFO - engine.game_state - --- AI Player 3 (NegamaxAI) Turn ---
2026-04-18 06:49:35,718 - INFO - engine.game_state - Dice: 4
2026-04-18 06:49:35,726 - INFO - engine.game_state - Move: Library
2026-04-18 06:49:35,821 - INFO - engine.game_state - Suggestion: Suggestion(Suspect=Hashem Sir, Weapon=Anti Cutter, Location=Library)
2026-04-18 06:49:35,821 - INFO - engine.game_state - AI Player 2 revealed a card
2026-04-18 06:49:35,821 - INFO - engine.game_state - Accusation Decision: False
2026-04-18 06:49:35,821 - INFO - engine.game_state - --- AI Player 2 (ExpectiminimaxAI) Turn ---
2026-04-18 06:49:35,821 - INFO - engine.game_state - Dice: 8
2026-04-18 06:49:35,836 - INFO - engine.game_state - Move: Central Field
2026-04-18 06:49:35,978 - INFO - engine.game_state - Suggestion: Suggestion(Suspect=Hashem Sir, Weapon=Anti Cutter, Location=Central Field)
2026-04-18 06:49:35,978 - INFO - engine.game_state - AI Player 1 revealed a card
2026-04-18 06:49:35,978 - INFO - engine.game_state - Accusation Decision: False
2026-04-18 06:49:35,978 - INFO - engine.game_state - --- AI Player 3 (NegamaxAI) Turn ---
2026-04-18 06:49:35,979 - INFO - engine.game_state - Dice: 7
2026-04-18 06:49:35,986 - INFO - engine.game_state - Move: Academic Building
2026-04-18 06:49:36,109 - INFO - engine.game_state - Suggestion: Suggestion(Suspect=Hashem Sir, Weapon=Anti Cutter, Location=Academic Building)
2026-04-18 06:49:36,109 - INFO - engine.game_state - AI Player 2 revealed a card
2026-04-18 06:49:36,109 - INFO - engine.game_state - Accusation Decision: False
2026-04-18 06:49:36,110 - INFO - engine.game_state - --- AI Player 2 (ExpectiminimaxAI) Turn ---
2026-04-18 06:49:36,110 - INFO - engine.game_state - Dice: 4
2026-04-18 06:49:36,120 - INFO - engine.game_state - Move: Pocket Gate
2026-04-18 06:49:36,171 - INFO - engine.game_state - Suggestion: Suggestion(Suspect=Hashem Sir, Weapon=Anti Cutter, Location=Pocket Gate)
2026-04-18 06:49:36,171 - INFO - engine.game_state - No one could disprove
2026-04-18 06:49:36,171 - INFO - engine.game_state - Accusation Decision: False
2026-04-18 06:49:36,171 - INFO - engine.game_state - --- AI Player 3 (NegamaxAI) Turn ---
2026-04-18 06:49:36,171 - INFO - engine.game_state - Dice: 10
2026-04-18 06:49:36,181 - INFO - engine.game_state - Move: Library
2026-04-18 06:49:36,266 - INFO - engine.game_state - Suggestion: Suggestion(Suspect=Hashem Sir, Weapon=Anti Cutter, Location=Library)
2026-04-18 06:49:36,267 - INFO - engine.game_state - AI Player 2 revealed a card
2026-04-18 06:49:36,267 - INFO - engine.game_state - Accusation Decision: False
2026-04-18 06:49:36,267 - INFO - engine.game_state - --- AI Player 2 (ExpectiminimaxAI) Turn ---
2026-04-18 06:49:36,267 - INFO - engine.game_state - Dice: 7
2026-04-18 06:49:36,276 - INFO - engine.game_state - Move: Central Field
2026-04-18 06:49:36,421 - INFO - engine.game_state - Suggestion: Suggestion(Suspect=Hashem Sir, Weapon=Anti Cutter, Location=Central Field)
2026-04-18 06:49:36,421 - INFO - engine.game_state - AI Player 1 revealed a card
2026-04-18 06:49:36,421 - INFO - engine.game_state - Accusation Decision: False
2026-04-18 06:49:36,422 - INFO - engine.game_state - --- AI Player 3 (NegamaxAI) Turn ---
2026-04-18 06:49:36,422 - INFO - engine.game_state - Dice: 4
2026-04-18 06:49:36,430 - INFO - engine.game_state - Move: Academic Building
2026-04-18 06:49:36,574 - INFO - engine.game_state - Suggestion: Suggestion(Suspect=Hashem Sir, Weapon=Anti Cutter, Location=Academic Building)
2026-04-18 06:49:36,575 - INFO - engine.game_state - AI Player 2 revealed a card
2026-04-18 06:49:36,575 - INFO - engine.game_state - Accusation Decision: False
2026-04-18 06:49:36,575 - INFO - engine.game_state - --- AI Player 2 (ExpectiminimaxAI) Turn ---
2026-04-18 06:49:36,575 - INFO - engine.game_state - Dice: 7
2026-04-18 06:49:36,585 - INFO - engine.game_state - Move: Pocket Gate
2026-04-18 06:49:36,665 - INFO - engine.game_state - Suggestion: Suggestion(Suspect=Hashem Sir, Weapon=Anti Cutter, Location=Pocket Gate)
2026-04-18 06:49:36,666 - INFO - engine.game_state - No one could disprove
2026-04-18 06:49:36,666 - INFO - engine.game_state - Accusation Decision: False
2026-04-18 06:49:36,666 - INFO - engine.game_state - --- AI Player 3 (NegamaxAI) Turn ---
2026-04-18 06:49:36,666 - INFO - engine.game_state - Dice: 7
2026-04-18 06:49:36,675 - INFO - engine.game_state - Move: Library
2026-04-18 06:49:36,789 - INFO - engine.game_state - Suggestion: Suggestion(Suspect=Hashem Sir, Weapon=Anti Cutter, Location=Library)
2026-04-18 06:49:36,790 - INFO - engine.game_state - AI Player 2 revealed a card
2026-04-18 06:49:36,790 - INFO - engine.game_state - Accusation Decision: False
2026-04-18 06:49:36,790 - INFO - engine.game_state - --- AI Player 2 (ExpectiminimaxAI) Turn ---
2026-04-18 06:49:36,790 - INFO - engine.game_state - Dice: 5
2026-04-18 06:49:36,799 - INFO - engine.game_state - Move: Central Field
2026-04-18 06:49:36,926 - INFO - engine.game_state - Suggestion: Suggestion(Suspect=Hashem Sir, Weapon=Anti Cutter, Location=Central Field)
2026-04-18 06:49:36,927 - INFO - engine.game_state - AI Player 1 revealed a card
2026-04-18 06:49:36,927 - INFO - engine.game_state - Accusation Decision: False
2026-04-18 06:49:36,927 - INFO - engine.game_state - --- AI Player 3 (NegamaxAI) Turn ---
2026-04-18 06:49:36,927 - INFO - engine.game_state - Dice: 6
2026-04-18 06:49:36,935 - INFO - engine.game_state - Move: Academic Building
2026-04-18 06:49:37,028 - INFO - engine.game_state - Suggestion: Suggestion(Suspect=Hashem Sir, Weapon=Anti Cutter, Location=Academic Building)
2026-04-18 06:49:37,029 - INFO - engine.game_state - AI Player 2 revealed a card
2026-04-18 06:49:37,029 - INFO - engine.game_state - Accusation Decision: False
2026-04-18 06:49:37,029 - INFO - engine.game_state - --- AI Player 2 (ExpectiminimaxAI) Turn ---
2026-04-18 06:49:37,029 - INFO - engine.game_state - Dice: 8
2026-04-18 06:49:37,038 - INFO - engine.game_state - Move: Pocket Gate
2026-04-18 06:49:37,092 - INFO - engine.game_state - Suggestion: Suggestion(Suspect=Hashem Sir, Weapon=Anti Cutter, Location=Pocket Gate)
2026-04-18 06:49:37,093 - INFO - engine.game_state - No one could disprove
2026-04-18 06:49:37,093 - INFO - engine.game_state - Accusation Decision: False
2026-04-18 06:49:37,093 - INFO - engine.game_state - --- AI Player 3 (NegamaxAI) Turn ---
2026-04-18 06:49:37,093 - INFO - engine.game_state - Dice: 10
2026-04-18 06:49:37,103 - INFO - engine.game_state - Move: Library
2026-04-18 06:49:37,193 - INFO - engine.game_state - Suggestion: Suggestion(Suspect=Hashem Sir, Weapon=Anti Cutter, Location=Library)
2026-04-18 06:49:37,193 - INFO - engine.game_state - AI Player 2 revealed a card
2026-04-18 06:49:37,193 - INFO - engine.game_state - Accusation Decision: False
2026-04-18 06:49:37,193 - INFO - engine.game_state - --- AI Player 2 (ExpectiminimaxAI) Turn ---
2026-04-18 06:49:37,193 - INFO - engine.game_state - Dice: 5
2026-04-18 06:49:37,201 - INFO - engine.game_state - Move: Central Field
2026-04-18 06:49:37,335 - INFO - engine.game_state - Suggestion: Suggestion(Suspect=Hashem Sir, Weapon=Anti Cutter, Location=Central Field)
2026-04-18 06:49:37,336 - INFO - engine.game_state - AI Player 1 revealed a card
2026-04-18 06:49:37,336 - INFO - engine.game_state - Accusation Decision: False
2026-04-18 06:49:37,336 - INFO - engine.game_state - --- AI Player 3 (NegamaxAI) Turn ---
2026-04-18 06:49:37,336 - INFO - engine.game_state - Dice: 10
2026-04-18 06:49:37,347 - INFO - engine.game_state - Move: Academic Building
2026-04-18 06:49:37,465 - INFO - engine.game_state - Suggestion: Suggestion(Suspect=Hashem Sir, Weapon=Anti Cutter, Location=Academic Building)
2026-04-18 06:49:37,466 - INFO - engine.game_state - AI Player 2 revealed a card
2026-04-18 06:49:37,466 - INFO - engine.game_state - Accusation Decision: False
2026-04-18 06:49:37,466 - INFO - engine.game_state - --- AI Player 2 (ExpectiminimaxAI) Turn ---
2026-04-18 06:49:37,466 - INFO - engine.game_state - Dice: 7
2026-04-18 06:49:37,476 - INFO - engine.game_state - Move: Pocket Gate
2026-04-18 06:49:37,534 - INFO - engine.game_state - Suggestion: Suggestion(Suspect=Hashem Sir, Weapon=Anti Cutter, Location=Pocket Gate)
2026-04-18 06:49:37,534 - INFO - engine.game_state - No one could disprove
2026-04-18 06:49:37,534 - INFO - engine.game_state - Accusation Decision: False
2026-04-18 06:49:37,534 - INFO - engine.game_state - --- AI Player 3 (NegamaxAI) Turn ---
2026-04-18 06:49:37,535 - INFO - engine.game_state - Dice: 10
2026-04-18 06:49:37,547 - INFO - engine.game_state - Move: Library
2026-04-18 06:49:37,660 - INFO - engine.game_state - Suggestion: Suggestion(Suspect=Hashem Sir, Weapon=Anti Cutter, Location=Library)
2026-04-18 06:49:37,660 - INFO - engine.game_state - AI Player 2 revealed a card
2026-04-18 06:49:37,661 - INFO - engine.game_state - Accusation Decision: False
2026-04-18 06:49:37,661 - INFO - engine.game_state - --- AI Player 2 (ExpectiminimaxAI) Turn ---
2026-04-18 06:49:37,661 - INFO - engine.game_state - Dice: 7
2026-04-18 06:49:37,676 - INFO - engine.game_state - Move: Central Field
2026-04-18 06:49:37,817 - INFO - engine.game_state - Suggestion: Suggestion(Suspect=Hashem Sir, Weapon=Anti Cutter, Location=Central Field)
2026-04-18 06:49:37,817 - INFO - engine.game_state - AI Player 1 revealed a card
2026-04-18 06:49:37,817 - INFO - engine.game_state - Accusation Decision: False
2026-04-18 06:49:37,817 - INFO - engine.game_state - --- AI Player 3 (NegamaxAI) Turn ---
2026-04-18 06:49:37,817 - INFO - engine.game_state - Dice: 5
2026-04-18 06:49:37,824 - INFO - engine.game_state - Move: Academic Building
2026-04-18 06:49:37,949 - INFO - engine.game_state - Suggestion: Suggestion(Suspect=Hashem Sir, Weapon=Anti Cutter, Location=Academic Building)
2026-04-18 06:49:37,950 - INFO - engine.game_state - AI Player 2 revealed a card
2026-04-18 06:49:37,950 - INFO - engine.game_state - Accusation Decision: False
2026-04-18 06:49:37,950 - INFO - engine.game_state - --- AI Player 2 (ExpectiminimaxAI) Turn ---
2026-04-18 06:49:37,950 - INFO - engine.game_state - Dice: 4
2026-04-18 06:49:37,960 - INFO - engine.game_state - Move: Pocket Gate
2026-04-18 06:49:38,020 - INFO - engine.game_state - Suggestion: Suggestion(Suspect=Hashem Sir, Weapon=Anti Cutter, Location=Pocket Gate)
2026-04-18 06:49:38,020 - INFO - engine.game_state - No one could disprove
2026-04-18 06:49:38,020 - INFO - engine.game_state - Accusation Decision: False
2026-04-18 06:49:38,020 - INFO - engine.game_state - --- AI Player 3 (NegamaxAI) Turn ---
2026-04-18 06:49:38,021 - INFO - engine.game_state - Dice: 11
2026-04-18 06:49:38,032 - INFO - engine.game_state - Move: Library
2026-04-18 06:49:38,150 - INFO - engine.game_state - Suggestion: Suggestion(Suspect=Hashem Sir, Weapon=Anti Cutter, Location=Library)
2026-04-18 06:49:38,150 - INFO - engine.game_state - AI Player 2 revealed a card
2026-04-18 06:49:38,151 - INFO - engine.game_state - Accusation Decision: False
2026-04-18 06:49:38,151 - INFO - engine.game_state - --- AI Player 2 (ExpectiminimaxAI) Turn ---
2026-04-18 06:49:38,151 - INFO - engine.game_state - Dice: 5
2026-04-18 06:49:38,160 - INFO - engine.game_state - Move: Central Field
2026-04-18 06:49:38,321 - INFO - engine.game_state - Suggestion: Suggestion(Suspect=Hashem Sir, Weapon=Anti Cutter, Location=Central Field)
2026-04-18 06:49:38,321 - INFO - engine.game_state - AI Player 1 revealed a card
2026-04-18 06:49:38,321 - INFO - engine.game_state - Accusation Decision: False
2026-04-18 06:49:38,322 - INFO - engine.game_state - --- AI Player 3 (NegamaxAI) Turn ---
2026-04-18 06:49:38,322 - INFO - engine.game_state - Dice: 8
2026-04-18 06:49:38,329 - INFO - engine.game_state - Move: Academic Building
2026-04-18 06:49:38,442 - INFO - engine.game_state - Suggestion: Suggestion(Suspect=Hashem Sir, Weapon=Anti Cutter, Location=Academic Building)
2026-04-18 06:49:38,442 - INFO - engine.game_state - AI Player 2 revealed a card
2026-04-18 06:49:38,443 - INFO - engine.game_state - Accusation Decision: False
2026-04-18 06:49:38,443 - INFO - engine.game_state - --- AI Player 2 (ExpectiminimaxAI) Turn ---
2026-04-18 06:49:38,443 - INFO - engine.game_state - Dice: 2
2026-04-18 06:49:38,445 - INFO - engine.game_state - Move: Pocket Gate
2026-04-18 06:49:38,499 - INFO - engine.game_state - Suggestion: Suggestion(Suspect=Hashem Sir, Weapon=Anti Cutter, Location=Pocket Gate)
2026-04-18 06:49:38,499 - INFO - engine.game_state - No one could disprove
2026-04-18 06:49:38,499 - INFO - engine.game_state - Accusation Decision: False
2026-04-18 06:49:38,499 - INFO - engine.game_state - --- AI Player 3 (NegamaxAI) Turn ---
2026-04-18 06:49:38,500 - INFO - engine.game_state - Dice: 8
2026-04-18 06:49:38,514 - INFO - engine.game_state - Move: Library
2026-04-18 06:49:38,636 - INFO - engine.game_state - Suggestion: Suggestion(Suspect=Hashem Sir, Weapon=Anti Cutter, Location=Library)
2026-04-18 06:49:38,636 - INFO - engine.game_state - AI Player 2 revealed a card
2026-04-18 06:49:38,636 - INFO - engine.game_state - Accusation Decision: False
2026-04-18 06:49:38,637 - INFO - engine.game_state - --- AI Player 2 (ExpectiminimaxAI) Turn ---
2026-04-18 06:49:38,637 - INFO - engine.game_state - Dice: 9
2026-04-18 06:49:38,645 - INFO - engine.game_state - Move: Central Field
2026-04-18 06:49:38,789 - INFO - engine.game_state - Suggestion: Suggestion(Suspect=Hashem Sir, Weapon=Anti Cutter, Location=Central Field)
2026-04-18 06:49:38,789 - INFO - engine.game_state - AI Player 1 revealed a card
2026-04-18 06:49:38,789 - INFO - engine.game_state - Accusation Decision: False
2026-04-18 06:49:38,790 - INFO - engine.game_state - --- AI Player 3 (NegamaxAI) Turn ---
2026-04-18 06:49:38,790 - INFO - engine.game_state - Dice: 3
2026-04-18 06:49:38,794 - INFO - engine.game_state - Move: VC Room
2026-04-18 06:49:38,896 - INFO - engine.game_state - Suggestion: Suggestion(Suspect=Hashem Sir, Weapon=Anti Cutter, Location=VC Room)
2026-04-18 06:49:38,896 - INFO - engine.game_state - AI Player 2 revealed a card
2026-04-18 06:49:38,897 - INFO - engine.game_state - Accusation Decision: False
2026-04-18 06:49:38,897 - INFO - engine.game_state - --- AI Player 2 (ExpectiminimaxAI) Turn ---
2026-04-18 06:49:38,897 - INFO - engine.game_state - Dice: 8
2026-04-18 06:49:38,909 - INFO - engine.game_state - Move: Pocket Gate
2026-04-18 06:49:38,982 - INFO - engine.game_state - Suggestion: Suggestion(Suspect=Hashem Sir, Weapon=Anti Cutter, Location=Pocket Gate)
2026-04-18 06:49:38,982 - INFO - engine.game_state - No one could disprove
2026-04-18 06:49:38,982 - INFO - engine.game_state - Accusation Decision: False
2026-04-18 06:49:38,982 - INFO - engine.game_state - --- AI Player 3 (NegamaxAI) Turn ---
2026-04-18 06:49:38,982 - INFO - engine.game_state - Dice: 11
2026-04-18 06:49:38,992 - INFO - engine.game_state - Move: Library
2026-04-18 06:49:39,108 - INFO - engine.game_state - Suggestion: Suggestion(Suspect=Hashem Sir, Weapon=Anti Cutter, Location=Library)
2026-04-18 06:49:39,108 - INFO - engine.game_state - AI Player 2 revealed a card
2026-04-18 06:49:39,108 - INFO - engine.game_state - Accusation Decision: False
2026-04-18 06:49:39,109 - INFO - engine.game_state - --- AI Player 2 (ExpectiminimaxAI) Turn ---
2026-04-18 06:49:39,109 - INFO - engine.game_state - Dice: 6
2026-04-18 06:49:39,117 - INFO - engine.game_state - Move: Central Field
2026-04-18 06:49:39,275 - INFO - engine.game_state - Suggestion: Suggestion(Suspect=Hashem Sir, Weapon=Anti Cutter, Location=Central Field)
2026-04-18 06:49:39,276 - INFO - engine.game_state - AI Player 1 revealed a card
2026-04-18 06:49:39,276 - INFO - engine.game_state - Accusation Decision: False
2026-04-18 06:49:39,276 - INFO - engine.game_state - --- AI Player 3 (NegamaxAI) Turn ---
2026-04-18 06:49:39,276 - INFO - engine.game_state - Dice: 6
2026-04-18 06:49:39,286 - INFO - engine.game_state - Move: Academic Building
2026-04-18 06:49:39,414 - INFO - engine.game_state - Suggestion: Suggestion(Suspect=Hashem Sir, Weapon=Anti Cutter, Location=Academic Building)
2026-04-18 06:49:39,414 - INFO - engine.game_state - AI Player 2 revealed a card
2026-04-18 06:49:39,415 - INFO - engine.game_state - Accusation Decision: False
2026-04-18 06:49:39,415 - INFO - engine.game_state - --- AI Player 2 (ExpectiminimaxAI) Turn ---
2026-04-18 06:49:39,415 - INFO - engine.game_state - Dice: 5
2026-04-18 06:49:39,425 - INFO - engine.game_state - Move: Pocket Gate
2026-04-18 06:49:39,481 - INFO - engine.game_state - Suggestion: Suggestion(Suspect=Hashem Sir, Weapon=Anti Cutter, Location=Pocket Gate)
2026-04-18 06:49:39,481 - INFO - engine.game_state - No one could disprove
2026-04-18 06:49:39,481 - INFO - engine.game_state - Accusation Decision: False
2026-04-18 06:49:39,482 - INFO - engine.game_state - --- AI Player 3 (NegamaxAI) Turn ---
2026-04-18 06:49:39,482 - INFO - engine.game_state - Dice: 6
2026-04-18 06:49:39,490 - INFO - engine.game_state - Move: Library
2026-04-18 06:49:39,584 - INFO - engine.game_state - Suggestion: Suggestion(Suspect=Hashem Sir, Weapon=Anti Cutter, Location=Library)
2026-04-18 06:49:39,584 - INFO - engine.game_state - AI Player 2 revealed a card
2026-04-18 06:49:39,585 - INFO - engine.game_state - Accusation Decision: False
2026-04-18 06:49:39,585 - INFO - engine.game_state - --- AI Player 2 (ExpectiminimaxAI) Turn ---
2026-04-18 06:49:39,585 - INFO - engine.game_state - Dice: 11
2026-04-18 06:49:39,593 - INFO - engine.game_state - Move: Central Field
2026-04-18 06:49:39,718 - INFO - engine.game_state - Suggestion: Suggestion(Suspect=Hashem Sir, Weapon=Anti Cutter, Location=Central Field)
2026-04-18 06:49:39,718 - INFO - engine.game_state - AI Player 1 revealed a card
2026-04-18 06:49:39,719 - INFO - engine.game_state - Accusation Decision: False
2026-04-18 06:49:39,719 - INFO - engine.game_state - --- AI Player 3 (NegamaxAI) Turn ---
2026-04-18 06:49:39,719 - INFO - engine.game_state - Dice: 9
2026-04-18 06:49:39,727 - INFO - engine.game_state - Move: Academic Building
2026-04-18 06:49:39,831 - INFO - engine.game_state - Suggestion: Suggestion(Suspect=Hashem Sir, Weapon=Anti Cutter, Location=Academic Building)
2026-04-18 06:49:39,837 - INFO - engine.game_state - AI Player 2 revealed a card
2026-04-18 06:49:39,837 - INFO - engine.game_state - Accusation Decision: False
2026-04-18 06:49:39,838 - INFO - engine.game_state - --- AI Player 2 (ExpectiminimaxAI) Turn ---
2026-04-18 06:49:39,838 - INFO - engine.game_state - Dice: 9
2026-04-18 06:49:39,847 - INFO - engine.game_state - Move: Pocket Gate
2026-04-18 06:49:39,903 - INFO - engine.game_state - Suggestion: Suggestion(Suspect=Hashem Sir, Weapon=Anti Cutter, Location=Pocket Gate)
2026-04-18 06:49:39,903 - INFO - engine.game_state - No one could disprove
2026-04-18 06:49:39,903 - INFO - engine.game_state - Accusation Decision: False
2026-04-18 06:49:39,904 - INFO - engine.game_state - --- AI Player 3 (NegamaxAI) Turn ---
2026-04-18 06:49:39,904 - INFO - engine.game_state - Dice: 11
2026-04-18 06:49:39,913 - INFO - engine.game_state - Move: Library
2026-04-18 06:49:40,003 - INFO - engine.game_state - Suggestion: Suggestion(Suspect=Hashem Sir, Weapon=Anti Cutter, Location=Library)
2026-04-18 06:49:40,004 - INFO - engine.game_state - AI Player 2 revealed a card
2026-04-18 06:49:40,004 - INFO - engine.game_state - Accusation Decision: False
2026-04-18 06:49:40,004 - INFO - engine.game_state - --- AI Player 2 (ExpectiminimaxAI) Turn ---
2026-04-18 06:49:40,004 - INFO - engine.game_state - Dice: 2
2026-04-18 06:49:40,008 - INFO - engine.game_state - Move: Central Field
2026-04-18 06:49:40,052 - INFO - engine.game_state - Suggestion: Suggestion(Suspect=Hashem Sir, Weapon=Anti Cutter, Location=Central Field)
2026-04-18 06:49:40,053 - INFO - engine.game_state - AI Player 1 revealed a card
2026-04-18 06:49:40,053 - INFO - engine.game_state - Accusation Decision: False
2026-04-18 06:49:40,053 - INFO - engine.game_state - --- AI Player 3 (NegamaxAI) Turn ---
2026-04-18 06:49:40,053 - INFO - engine.game_state - Dice: 5
2026-04-18 06:49:40,062 - INFO - engine.game_state - Move: Academic Building
2026-04-18 06:49:40,179 - INFO - engine.game_state - Suggestion: Suggestion(Suspect=Hashem Sir, Weapon=Anti Cutter, Location=Academic Building)
2026-04-18 06:49:40,179 - INFO - engine.game_state - AI Player 2 revealed a card
2026-04-18 06:49:40,180 - INFO - engine.game_state - Accusation Decision: False
2026-04-18 06:49:40,180 - INFO - engine.game_state - --- AI Player 2 (ExpectiminimaxAI) Turn ---
2026-04-18 06:49:40,180 - INFO - engine.game_state - Dice: 11
2026-04-18 06:49:40,189 - INFO - engine.game_state - Move: Pocket Gate
2026-04-18 06:49:40,247 - INFO - engine.game_state - Suggestion: Suggestion(Suspect=Hashem Sir, Weapon=Anti Cutter, Location=Pocket Gate)
2026-04-18 06:49:40,247 - INFO - engine.game_state - No one could disprove
2026-04-18 06:49:40,247 - INFO - engine.game_state - Accusation Decision: False
2026-04-18 06:49:40,248 - INFO - engine.game_state - --- AI Player 3 (NegamaxAI) Turn ---
2026-04-18 06:49:40,248 - INFO - engine.game_state - Dice: 7
2026-04-18 06:49:40,257 - INFO - engine.game_state - Move: Library
2026-04-18 06:49:40,336 - INFO - engine.game_state - Suggestion: Suggestion(Suspect=Hashem Sir, Weapon=Anti Cutter, Location=Library)
2026-04-18 06:49:40,337 - INFO - engine.game_state - AI Player 2 revealed a card
2026-04-18 06:49:40,337 - INFO - engine.game_state - Accusation Decision: False
2026-04-18 06:49:40,337 - INFO - engine.game_state - --- AI Player 2 (ExpectiminimaxAI) Turn ---
2026-04-18 06:49:40,338 - INFO - engine.game_state - Dice: 12
2026-04-18 06:49:40,347 - INFO - engine.game_state - Move: Central Field
2026-04-18 06:49:40,442 - INFO - engine.game_state - Suggestion: Suggestion(Suspect=Hashem Sir, Weapon=Anti Cutter, Location=Central Field)
2026-04-18 06:49:40,442 - INFO - engine.game_state - AI Player 1 revealed a card
2026-04-18 06:49:40,443 - INFO - engine.game_state - Accusation Decision: False
2026-04-18 06:49:40,443 - INFO - engine.game_state - --- AI Player 3 (NegamaxAI) Turn ---
2026-04-18 06:49:40,443 - INFO - engine.game_state - Dice: 6
2026-04-18 06:49:40,450 - INFO - engine.game_state - Move: Academic Building
2026-04-18 06:49:40,543 - INFO - engine.game_state - Suggestion: Suggestion(Suspect=Hashem Sir, Weapon=Anti Cutter, Location=Academic Building)
2026-04-18 06:49:40,544 - INFO - engine.game_state - AI Player 2 revealed a card
2026-04-18 06:49:40,544 - INFO - engine.game_state - Accusation Decision: False
2026-04-18 06:49:40,544 - INFO - engine.game_state - --- AI Player 2 (ExpectiminimaxAI) Turn ---
2026-04-18 06:49:40,545 - INFO - engine.game_state - Dice: 9
2026-04-18 06:49:40,553 - INFO - engine.game_state - Move: Pocket Gate
2026-04-18 06:49:40,598 - INFO - engine.game_state - Suggestion: Suggestion(Suspect=Hashem Sir, Weapon=Anti Cutter, Location=Pocket Gate)
2026-04-18 06:49:40,598 - INFO - engine.game_state - No one could disprove
2026-04-18 06:49:40,599 - INFO - engine.game_state - Accusation Decision: False
2026-04-18 06:49:40,599 - INFO - engine.game_state - --- AI Player 3 (NegamaxAI) Turn ---
2026-04-18 06:49:40,599 - INFO - engine.game_state - Dice: 7
2026-04-18 06:49:40,606 - INFO - engine.game_state - Move: Library
2026-04-18 06:49:40,684 - INFO - engine.game_state - Suggestion: Suggestion(Suspect=Hashem Sir, Weapon=Anti Cutter, Location=Library)
2026-04-18 06:49:40,685 - INFO - engine.game_state - AI Player 2 revealed a card
2026-04-18 06:49:40,685 - INFO - engine.game_state - Accusation Decision: False
2026-04-18 06:49:40,685 - INFO - engine.game_state - --- AI Player 2 (ExpectiminimaxAI) Turn ---
2026-04-18 06:49:40,685 - INFO - engine.game_state - Dice: 4
2026-04-18 06:49:40,692 - INFO - engine.game_state - Move: Central Field
2026-04-18 06:49:40,789 - INFO - engine.game_state - Suggestion: Suggestion(Suspect=Hashem Sir, Weapon=Anti Cutter, Location=Central Field)
2026-04-18 06:49:40,790 - INFO - engine.game_state - AI Player 1 revealed a card
2026-04-18 06:49:40,790 - INFO - engine.game_state - Accusation Decision: False
2026-04-18 06:49:40,790 - INFO - engine.game_state - --- AI Player 3 (NegamaxAI) Turn ---
2026-04-18 06:49:40,790 - INFO - engine.game_state - Dice: 3
2026-04-18 06:49:40,794 - INFO - engine.game_state - Move: VC Room
2026-04-18 06:49:40,855 - INFO - engine.game_state - Suggestion: Suggestion(Suspect=Hashem Sir, Weapon=Anti Cutter, Location=VC Room)
2026-04-18 06:49:40,855 - INFO - engine.game_state - AI Player 2 revealed a card
2026-04-18 06:49:40,855 - INFO - engine.game_state - Accusation Decision: False
2026-04-18 06:49:40,856 - INFO - engine.game_state - --- AI Player 2 (ExpectiminimaxAI) Turn ---
2026-04-18 06:49:40,856 - INFO - engine.game_state - Dice: 6
2026-04-18 06:49:40,864 - INFO - engine.game_state - Move: Pocket Gate
2026-04-18 06:49:40,909 - INFO - engine.game_state - Suggestion: Suggestion(Suspect=Hashem Sir, Weapon=Anti Cutter, Location=Pocket Gate)
2026-04-18 06:49:40,910 - INFO - engine.game_state - No one could disprove
2026-04-18 06:49:40,910 - INFO - engine.game_state - Accusation Decision: False
2026-04-18 06:49:40,910 - INFO - engine.game_state - --- AI Player 3 (NegamaxAI) Turn ---
2026-04-18 06:49:40,910 - INFO - engine.game_state - Dice: 6
2026-04-18 06:49:40,918 - INFO - engine.game_state - Move: Library
2026-04-18 06:49:40,993 - INFO - engine.game_state - Suggestion: Suggestion(Suspect=Hashem Sir, Weapon=Anti Cutter, Location=Library)
2026-04-18 06:49:40,994 - INFO - engine.game_state - AI Player 2 revealed a card
2026-04-18 06:49:40,994 - INFO - engine.game_state - Accusation Decision: False
2026-04-18 06:49:40,994 - WARNING - __main__ - Winner: None (turn cap reached)
2026-04-18 06:49:40,994 - INFO - __main__ - === Game 2 ===
2026-04-18 06:50:06,376 - WARNING - __main__ - Winner: None (turn cap reached)
2026-04-18 06:50:06,376 - INFO - __main__ - === Game 3 ===
2026-04-18 06:50:33,002 - WARNING - __main__ - Winner: None (turn cap reached)
2026-04-18 06:50:33,003 - INFO - __main__ - === Game 4 ===
2026-04-18 06:50:58,414 - WARNING - __main__ - Winner: None (turn cap reached)
2026-04-18 06:50:58,414 - INFO - __main__ - === Game 5 ===
2026-04-18 06:51:23,153 - WARNING - __main__ - Winner: None (turn cap reached)
2026-04-18 06:51:23,153 - INFO - __main__ - === Game 6 ===
2026-04-18 06:51:48,980 - WARNING - __main__ - Winner: None (turn cap reached)
2026-04-18 06:51:48,980 - INFO - __main__ - === Game 7 ===
2026-04-18 06:52:10,522 - WARNING - __main__ - Winner: None (turn cap reached)
2026-04-18 06:52:10,523 - INFO - __main__ - === Game 8 ===
2026-04-18 06:52:37,735 - WARNING - __main__ - Winner: None (turn cap reached)
2026-04-18 06:52:37,735 - INFO - __main__ - === Game 9 ===
2026-04-18 06:52:59,540 - WARNING - __main__ - Winner: None (turn cap reached)
2026-04-18 06:52:59,540 - INFO - __main__ - === Game 10 ===
2026-04-18 06:53:22,114 - WARNING - __main__ - Winner: None (turn cap reached)
2026-04-18 06:53:22,114 - INFO - __main__ - ====================================================================
2026-04-18 06:53:22,114 - INFO - __main__ - Final Performance Summary
2026-04-18 06:53:22,114 - INFO - __main__ - ====================================================================
2026-04-18 06:53:22,114 - INFO - __main__ - MinimaxAI:
2026-04-18 06:53:22,114 - INFO - __main__ - Wins: 0
2026-04-18 06:53:22,115 - INFO - __main__ - Win Rate: 0.0%
2026-04-18 06:53:22,115 - INFO - __main__ - Average Moves: 10.10
2026-04-18 06:53:22,115 - INFO - __main__ - Average Decision Time: 0.03811 sec
2026-04-18 06:53:22,115 - INFO - __main__ - ExpectiminimaxAI:
2026-04-18 06:53:22,116 - INFO - __main__ - Wins: 0
2026-04-18 06:53:22,116 - INFO - __main__ - Win Rate: 0.0%
2026-04-18 06:53:22,116 - INFO - __main__ - Average Moves: 120.30
2026-04-18 06:53:22,116 - INFO - __main__ - Average Decision Time: 0.02743 sec
2026-04-18 06:53:22,116 - INFO - __main__ - NegamaxAI:
2026-04-18 06:53:22,116 - INFO - __main__ - Wins: 0
2026-04-18 06:53:22,116 - INFO - __main__ - Win Rate: 0.0%
2026-04-18 06:53:22,116 - INFO - __main__ - Average Moves: 119.60
2026-04-18 06:53:22,116 - INFO - __main__ - Average Decision Time: 0.03833 sec
2026-04-18 06:53:22,116 - INFO - __main__ - No-Winner Games: 10
2026-04-18 06:53:22,116 - INFO - __main__ - Average Game Runtime: 24.8518 sec
2026-04-18 06:53:22,116 - INFO - __main__ - ====================================================================
2026-04-18 06:56:03,822 - INFO - __main__ - ====================================================================
2026-04-18 06:56:03,822 - INFO - __main__ -  Murder in KUET - Minimax vs Expectiminimax vs Negamax Metrics
2026-04-18 06:56:03,823 - INFO - __main__ - ====================================================================
2026-04-18 06:56:03,823 - INFO - __main__ - === Game 1 ===
2026-04-18 06:56:03,823 - INFO - engine.game_state - --- AI Player 1 (MinimaxAI) Turn ---
2026-04-18 06:56:03,823 - INFO - engine.game_state - Dice: 5
2026-04-18 06:56:03,985 - INFO - engine.game_state - Move: Library
2026-04-18 06:56:04,050 - INFO - engine.game_state - Suggestion: Suggestion(Suspect=Hashem Sir, Weapon=Anti Cutter, Location=Library)
2026-04-18 06:56:04,050 - INFO - engine.game_state - AI Player 2 revealed a card
2026-04-18 06:56:04,051 - INFO - engine.game_state - Accusation Decision: False
2026-04-18 06:56:04,051 - INFO - engine.game_state - --- AI Player 2 (ExpectiminimaxAI) Turn ---
2026-04-18 06:56:04,051 - INFO - engine.game_state - Dice: 9
2026-04-18 06:56:04,064 - INFO - engine.game_state - Move: Library
2026-04-18 06:56:04,130 - INFO - engine.game_state - Suggestion: Suggestion(Suspect=Hashem Sir, Weapon=Anti Cutter, Location=Library)
2026-04-18 06:56:04,130 - INFO - engine.game_state - AI Player 3 revealed a card
2026-04-18 06:56:04,130 - INFO - engine.game_state - Accusation Decision: False
2026-04-18 06:56:04,130 - INFO - engine.game_state - --- AI Player 3 (NegamaxAI) Turn ---
2026-04-18 06:56:04,131 - INFO - engine.game_state - Dice: 7
2026-04-18 06:56:04,150 - INFO - engine.game_state - Move: Library
2026-04-18 06:56:04,225 - INFO - engine.game_state - Suggestion: Suggestion(Suspect=Hashem Sir, Weapon=Anti Cutter, Location=Library)
2026-04-18 06:56:04,226 - INFO - engine.game_state - AI Player 2 revealed a card
2026-04-18 06:56:04,226 - INFO - engine.game_state - Accusation Decision: False
2026-04-18 06:56:04,226 - INFO - engine.game_state - --- AI Player 1 (MinimaxAI) Turn ---
2026-04-18 06:56:04,227 - INFO - engine.game_state - Dice: 7
2026-04-18 06:56:04,235 - INFO - engine.game_state - Move: Academic Building
2026-04-18 06:56:04,312 - INFO - engine.game_state - Suggestion: Suggestion(Suspect=Hashem Sir, Weapon=Knife, Location=Academic Building)
2026-04-18 06:56:04,312 - INFO - engine.game_state - No one could disprove
2026-04-18 06:56:04,312 - WARNING - engine.game_state - AI Player 1 eliminated
2026-04-18 06:56:04,312 - INFO - engine.game_state - Accusation Decision: True
2026-04-18 06:56:04,313 - INFO - engine.game_state - --- AI Player 2 (ExpectiminimaxAI) Turn ---
2026-04-18 06:56:04,313 - INFO - engine.game_state - Dice: 11
2026-04-18 06:56:04,317 - INFO - engine.game_state - Move: Academic Building
2026-04-18 06:56:04,393 - INFO - engine.game_state - Suggestion: Suggestion(Suspect=Hashem Sir, Weapon=Anti Cutter, Location=Academic Building)
2026-04-18 06:56:04,394 - INFO - engine.game_state - No one could disprove
2026-04-18 06:56:04,394 - INFO - engine.game_state - Accusation Decision: False
2026-04-18 06:56:04,394 - INFO - engine.game_state - --- AI Player 3 (NegamaxAI) Turn ---
2026-04-18 06:56:04,395 - INFO - engine.game_state - Dice: 7
2026-04-18 06:56:04,401 - INFO - engine.game_state - Move: Academic Building
2026-04-18 06:56:04,479 - INFO - engine.game_state - Suggestion: Suggestion(Suspect=Hashem Sir, Weapon=Anti Cutter, Location=Academic Building)
2026-04-18 06:56:04,479 - INFO - engine.game_state - AI Player 2 revealed a card
2026-04-18 06:56:04,479 - INFO - engine.game_state - Accusation Decision: False
2026-04-18 06:56:04,479 - INFO - engine.game_state - --- AI Player 2 (ExpectiminimaxAI) Turn ---
2026-04-18 06:56:04,479 - INFO - engine.game_state - Dice: 6
2026-04-18 06:56:04,484 - INFO - engine.game_state - Move: IT Park
2026-04-18 06:56:04,535 - INFO - engine.game_state - Suggestion: Suggestion(Suspect=Hashem Sir, Weapon=Anti Cutter, Location=IT Park)
2026-04-18 06:56:04,535 - INFO - engine.game_state - AI Player 1 revealed a card
2026-04-18 06:56:04,536 - INFO - engine.game_state - Accusation Decision: False
2026-04-18 06:56:04,536 - INFO - engine.game_state - --- AI Player 3 (NegamaxAI) Turn ---
2026-04-18 06:56:04,536 - INFO - engine.game_state - Dice: 7
2026-04-18 06:56:04,544 - INFO - engine.game_state - Move: Library
2026-04-18 06:56:04,619 - INFO - engine.game_state - Suggestion: Suggestion(Suspect=Hashem Sir, Weapon=Anti Cutter, Location=Library)
2026-04-18 06:56:04,619 - INFO - engine.game_state - AI Player 2 revealed a card
2026-04-18 06:56:04,619 - INFO - engine.game_state - Accusation Decision: False
2026-04-18 06:56:04,620 - INFO - engine.game_state - --- AI Player 2 (ExpectiminimaxAI) Turn ---
2026-04-18 06:56:04,620 - INFO - engine.game_state - Dice: 12
2026-04-18 06:56:04,623 - INFO - engine.game_state - Move: Academic Building
2026-04-18 06:56:04,701 - INFO - engine.game_state - Suggestion: Suggestion(Suspect=Hashem Sir, Weapon=Anti Cutter, Location=Academic Building)
2026-04-18 06:56:04,701 - INFO - engine.game_state - No one could disprove
2026-04-18 06:56:04,702 - INFO - engine.game_state - Accusation Decision: False
2026-04-18 06:56:04,702 - INFO - engine.game_state - --- AI Player 3 (NegamaxAI) Turn ---
2026-04-18 06:56:04,702 - INFO - engine.game_state - Dice: 11
2026-04-18 06:56:04,708 - INFO - engine.game_state - Move: Academic Building
2026-04-18 06:56:04,786 - INFO - engine.game_state - Suggestion: Suggestion(Suspect=Hashem Sir, Weapon=Anti Cutter, Location=Academic Building)
2026-04-18 06:56:04,787 - INFO - engine.game_state - AI Player 2 revealed a card
2026-04-18 06:56:04,787 - INFO - engine.game_state - Accusation Decision: False
2026-04-18 06:56:04,787 - INFO - engine.game_state - --- AI Player 2 (ExpectiminimaxAI) Turn ---
2026-04-18 06:56:04,787 - INFO - engine.game_state - Dice: 7
2026-04-18 06:56:04,793 - INFO - engine.game_state - Move: Cafeteria
2026-04-18 06:56:04,842 - INFO - engine.game_state - Suggestion: Suggestion(Suspect=Hashem Sir, Weapon=Anti Cutter, Location=Cafeteria)
2026-04-18 06:56:04,842 - INFO - engine.game_state - AI Player 1 revealed a card
2026-04-18 06:56:04,843 - INFO - engine.game_state - Accusation Decision: False
2026-04-18 06:56:04,843 - INFO - engine.game_state - --- AI Player 3 (NegamaxAI) Turn ---
2026-04-18 06:56:04,843 - INFO - engine.game_state - Dice: 7
2026-04-18 06:56:04,850 - INFO - engine.game_state - Move: Library
2026-04-18 06:56:04,921 - INFO - engine.game_state - Suggestion: Suggestion(Suspect=Hashem Sir, Weapon=Anti Cutter, Location=Library)
2026-04-18 06:56:04,922 - INFO - engine.game_state - AI Player 2 revealed a card
2026-04-18 06:56:04,922 - INFO - engine.game_state - Accusation Decision: False
2026-04-18 06:56:04,922 - INFO - engine.game_state - --- AI Player 2 (ExpectiminimaxAI) Turn ---
2026-04-18 06:56:04,922 - INFO - engine.game_state - Dice: 5
2026-04-18 06:56:04,925 - INFO - engine.game_state - Move: Academic Building
2026-04-18 06:56:05,003 - INFO - engine.game_state - Suggestion: Suggestion(Suspect=Hashem Sir, Weapon=Anti Cutter, Location=Academic Building)
2026-04-18 06:56:05,003 - INFO - engine.game_state - No one could disprove
2026-04-18 06:56:05,003 - INFO - engine.game_state - Accusation Decision: False
2026-04-18 06:56:05,003 - INFO - engine.game_state - --- AI Player 3 (NegamaxAI) Turn ---
2026-04-18 06:56:05,003 - INFO - engine.game_state - Dice: 10
2026-04-18 06:56:05,010 - INFO - engine.game_state - Move: Academic Building
2026-04-18 06:56:05,087 - INFO - engine.game_state - Suggestion: Suggestion(Suspect=Hashem Sir, Weapon=Anti Cutter, Location=Academic Building)
2026-04-18 06:56:05,087 - INFO - engine.game_state - AI Player 2 revealed a card
2026-04-18 06:56:05,087 - INFO - engine.game_state - Accusation Decision: False
2026-04-18 06:56:05,087 - INFO - engine.game_state - --- AI Player 2 (ExpectiminimaxAI) Turn ---
2026-04-18 06:56:05,087 - INFO - engine.game_state - Dice: 5
2026-04-18 06:56:05,093 - INFO - engine.game_state - Move: VC Room
2026-04-18 06:56:05,156 - INFO - engine.game_state - Suggestion: Suggestion(Suspect=Hashem Sir, Weapon=Anti Cutter, Location=VC Room)
2026-04-18 06:56:05,156 - INFO - engine.game_state - AI Player 3 revealed a card
2026-04-18 06:56:05,156 - INFO - engine.game_state - Accusation Decision: False
2026-04-18 06:56:05,156 - INFO - engine.game_state - --- AI Player 3 (NegamaxAI) Turn ---
2026-04-18 06:56:05,157 - INFO - engine.game_state - Dice: 9
2026-04-18 06:56:05,163 - INFO - engine.game_state - Move: Library
2026-04-18 06:56:05,232 - INFO - engine.game_state - Suggestion: Suggestion(Suspect=Hashem Sir, Weapon=Anti Cutter, Location=Library)
2026-04-18 06:56:05,232 - INFO - engine.game_state - AI Player 2 revealed a card
2026-04-18 06:56:05,232 - INFO - engine.game_state - Accusation Decision: False
2026-04-18 06:56:05,233 - INFO - engine.game_state - --- AI Player 2 (ExpectiminimaxAI) Turn ---
2026-04-18 06:56:05,233 - INFO - engine.game_state - Dice: 9
2026-04-18 06:56:05,238 - INFO - engine.game_state - Move: Academic Building
2026-04-18 06:56:05,314 - INFO - engine.game_state - Suggestion: Suggestion(Suspect=Hashem Sir, Weapon=Anti Cutter, Location=Academic Building)
2026-04-18 06:56:05,314 - INFO - engine.game_state - No one could disprove
2026-04-18 06:56:05,314 - INFO - engine.game_state - Accusation Decision: False
2026-04-18 06:56:05,314 - INFO - engine.game_state - --- AI Player 3 (NegamaxAI) Turn ---
2026-04-18 06:56:05,314 - INFO - engine.game_state - Dice: 9
2026-04-18 06:56:05,321 - INFO - engine.game_state - Move: Academic Building
2026-04-18 06:56:05,398 - INFO - engine.game_state - Suggestion: Suggestion(Suspect=Hashem Sir, Weapon=Anti Cutter, Location=Academic Building)
2026-04-18 06:56:05,398 - INFO - engine.game_state - AI Player 2 revealed a card
2026-04-18 06:56:05,398 - INFO - engine.game_state - Accusation Decision: False
2026-04-18 06:56:05,398 - INFO - engine.game_state - --- AI Player 2 (ExpectiminimaxAI) Turn ---
2026-04-18 06:56:05,399 - INFO - engine.game_state - Dice: 7
2026-04-18 06:56:05,405 - INFO - engine.game_state - Move: Library
2026-04-18 06:56:05,476 - INFO - engine.game_state - Suggestion: Suggestion(Suspect=Hashem Sir, Weapon=Anti Cutter, Location=Library)
2026-04-18 06:56:05,476 - INFO - engine.game_state - AI Player 3 revealed a card
2026-04-18 06:56:05,476 - INFO - engine.game_state - Accusation Decision: False
2026-04-18 06:56:05,476 - INFO - engine.game_state - --- AI Player 3 (NegamaxAI) Turn ---
2026-04-18 06:56:05,476 - INFO - engine.game_state - Dice: 7
2026-04-18 06:56:05,484 - INFO - engine.game_state - Move: Library
2026-04-18 06:56:05,553 - INFO - engine.game_state - Suggestion: Suggestion(Suspect=Hashem Sir, Weapon=Anti Cutter, Location=Library)
2026-04-18 06:56:05,553 - INFO - engine.game_state - AI Player 2 revealed a card
2026-04-18 06:56:05,553 - INFO - engine.game_state - Accusation Decision: False
2026-04-18 06:56:05,554 - INFO - engine.game_state - --- AI Player 2 (ExpectiminimaxAI) Turn ---
2026-04-18 06:56:05,554 - INFO - engine.game_state - Dice: 11
2026-04-18 06:56:05,558 - INFO - engine.game_state - Move: Academic Building
2026-04-18 06:56:05,640 - INFO - engine.game_state - Suggestion: Suggestion(Suspect=Hashem Sir, Weapon=Anti Cutter, Location=Academic Building)
2026-04-18 06:56:05,640 - INFO - engine.game_state - No one could disprove
2026-04-18 06:56:05,640 - INFO - engine.game_state - Accusation Decision: False
2026-04-18 06:56:05,641 - INFO - engine.game_state - --- AI Player 3 (NegamaxAI) Turn ---
2026-04-18 06:56:05,641 - INFO - engine.game_state - Dice: 8
2026-04-18 06:56:05,647 - INFO - engine.game_state - Move: Academic Building
2026-04-18 06:56:05,724 - INFO - engine.game_state - Suggestion: Suggestion(Suspect=Hashem Sir, Weapon=Anti Cutter, Location=Academic Building)
2026-04-18 06:56:05,724 - INFO - engine.game_state - AI Player 2 revealed a card
2026-04-18 06:56:05,724 - INFO - engine.game_state - Accusation Decision: False
2026-04-18 06:56:05,725 - INFO - engine.game_state - --- AI Player 2 (ExpectiminimaxAI) Turn ---
2026-04-18 06:56:05,725 - INFO - engine.game_state - Dice: 6
2026-04-18 06:56:05,732 - INFO - engine.game_state - Move: Library
2026-04-18 06:56:05,795 - INFO - engine.game_state - Suggestion: Suggestion(Suspect=Hashem Sir, Weapon=Anti Cutter, Location=Library)
2026-04-18 06:56:05,796 - INFO - engine.game_state - AI Player 3 revealed a card
2026-04-18 06:56:05,796 - INFO - engine.game_state - Accusation Decision: False
2026-04-18 06:56:05,796 - INFO - engine.game_state - --- AI Player 3 (NegamaxAI) Turn ---
2026-04-18 06:56:05,796 - INFO - engine.game_state - Dice: 12
2026-04-18 06:56:05,804 - INFO - engine.game_state - Move: Library
2026-04-18 06:56:05,877 - INFO - engine.game_state - Suggestion: Suggestion(Suspect=Hashem Sir, Weapon=Anti Cutter, Location=Library)
2026-04-18 06:56:05,878 - INFO - engine.game_state - AI Player 2 revealed a card
2026-04-18 06:56:05,878 - INFO - engine.game_state - Accusation Decision: False
2026-04-18 06:56:05,878 - INFO - engine.game_state - --- AI Player 2 (ExpectiminimaxAI) Turn ---
2026-04-18 06:56:05,878 - INFO - engine.game_state - Dice: 10
2026-04-18 06:56:05,883 - INFO - engine.game_state - Move: Academic Building
2026-04-18 06:56:05,964 - INFO - engine.game_state - Suggestion: Suggestion(Suspect=Hashem Sir, Weapon=Anti Cutter, Location=Academic Building)
2026-04-18 06:56:05,965 - INFO - engine.game_state - No one could disprove
2026-04-18 06:56:05,965 - INFO - engine.game_state - Accusation Decision: False
2026-04-18 06:56:05,965 - INFO - engine.game_state - --- AI Player 3 (NegamaxAI) Turn ---
2026-04-18 06:56:05,965 - INFO - engine.game_state - Dice: 11
2026-04-18 06:56:05,971 - INFO - engine.game_state - Move: Academic Building
2026-04-18 06:56:06,048 - INFO - engine.game_state - Suggestion: Suggestion(Suspect=Hashem Sir, Weapon=Anti Cutter, Location=Academic Building)
2026-04-18 06:56:06,048 - INFO - engine.game_state - AI Player 2 revealed a card
2026-04-18 06:56:06,048 - INFO - engine.game_state - Accusation Decision: False
2026-04-18 06:56:06,048 - INFO - engine.game_state - --- AI Player 2 (ExpectiminimaxAI) Turn ---
2026-04-18 06:56:06,049 - INFO - engine.game_state - Dice: 9
2026-04-18 06:56:06,056 - INFO - engine.game_state - Move: Library
2026-04-18 06:56:06,119 - INFO - engine.game_state - Suggestion: Suggestion(Suspect=Hashem Sir, Weapon=Anti Cutter, Location=Library)
2026-04-18 06:56:06,119 - INFO - engine.game_state - AI Player 3 revealed a card
2026-04-18 06:56:06,119 - INFO - engine.game_state - Accusation Decision: False
2026-04-18 06:56:06,120 - INFO - engine.game_state - --- AI Player 3 (NegamaxAI) Turn ---
2026-04-18 06:56:06,120 - INFO - engine.game_state - Dice: 11
2026-04-18 06:56:06,127 - INFO - engine.game_state - Move: Library
2026-04-18 06:56:06,197 - INFO - engine.game_state - Suggestion: Suggestion(Suspect=Hashem Sir, Weapon=Anti Cutter, Location=Library)
2026-04-18 06:56:06,198 - INFO - engine.game_state - AI Player 2 revealed a card
2026-04-18 06:56:06,198 - INFO - engine.game_state - Accusation Decision: False
2026-04-18 06:56:06,198 - INFO - engine.game_state - --- AI Player 2 (ExpectiminimaxAI) Turn ---
2026-04-18 06:56:06,198 - INFO - engine.game_state - Dice: 8
2026-04-18 06:56:06,202 - INFO - engine.game_state - Move: Academic Building
2026-04-18 06:56:06,280 - INFO - engine.game_state - Suggestion: Suggestion(Suspect=Hashem Sir, Weapon=Anti Cutter, Location=Academic Building)
2026-04-18 06:56:06,280 - INFO - engine.game_state - No one could disprove
2026-04-18 06:56:06,280 - INFO - engine.game_state - Accusation Decision: False
2026-04-18 06:56:06,280 - INFO - engine.game_state - --- AI Player 3 (NegamaxAI) Turn ---
2026-04-18 06:56:06,280 - INFO - engine.game_state - Dice: 5
2026-04-18 06:56:06,286 - INFO - engine.game_state - Move: Academic Building
2026-04-18 06:56:06,362 - INFO - engine.game_state - Suggestion: Suggestion(Suspect=Hashem Sir, Weapon=Anti Cutter, Location=Academic Building)
2026-04-18 06:56:06,363 - INFO - engine.game_state - AI Player 2 revealed a card
2026-04-18 06:56:06,363 - INFO - engine.game_state - Accusation Decision: False
2026-04-18 06:56:06,363 - INFO - engine.game_state - --- AI Player 2 (ExpectiminimaxAI) Turn ---
2026-04-18 06:56:06,363 - INFO - engine.game_state - Dice: 2
2026-04-18 06:56:06,365 - INFO - engine.game_state - Move: VC Room
2026-04-18 06:56:06,427 - INFO - engine.game_state - Suggestion: Suggestion(Suspect=Hashem Sir, Weapon=Anti Cutter, Location=VC Room)
2026-04-18 06:56:06,428 - INFO - engine.game_state - AI Player 3 revealed a card
2026-04-18 06:56:06,428 - INFO - engine.game_state - Accusation Decision: False
2026-04-18 06:56:06,429 - INFO - engine.game_state - --- AI Player 3 (NegamaxAI) Turn ---
2026-04-18 06:56:06,429 - INFO - engine.game_state - Dice: 11
2026-04-18 06:56:06,436 - INFO - engine.game_state - Move: Library
2026-04-18 06:56:06,505 - INFO - engine.game_state - Suggestion: Suggestion(Suspect=Hashem Sir, Weapon=Anti Cutter, Location=Library)
2026-04-18 06:56:06,506 - INFO - engine.game_state - AI Player 2 revealed a card
2026-04-18 06:56:06,506 - INFO - engine.game_state - Accusation Decision: False
2026-04-18 06:56:06,506 - INFO - engine.game_state - --- AI Player 2 (ExpectiminimaxAI) Turn ---
2026-04-18 06:56:06,506 - INFO - engine.game_state - Dice: 9
2026-04-18 06:56:06,511 - INFO - engine.game_state - Move: Academic Building
2026-04-18 06:56:06,587 - INFO - engine.game_state - Suggestion: Suggestion(Suspect=Hashem Sir, Weapon=Anti Cutter, Location=Academic Building)
2026-04-18 06:56:06,587 - INFO - engine.game_state - No one could disprove
2026-04-18 06:56:06,588 - INFO - engine.game_state - Accusation Decision: False
2026-04-18 06:56:06,588 - INFO - engine.game_state - --- AI Player 3 (NegamaxAI) Turn ---
2026-04-18 06:56:06,588 - INFO - engine.game_state - Dice: 5
2026-04-18 06:56:06,594 - INFO - engine.game_state - Move: Academic Building
2026-04-18 06:56:06,693 - INFO - engine.game_state - Suggestion: Suggestion(Suspect=Hashem Sir, Weapon=Anti Cutter, Location=Academic Building)
2026-04-18 06:56:06,694 - INFO - engine.game_state - AI Player 2 revealed a card
2026-04-18 06:56:06,694 - INFO - engine.game_state - Accusation Decision: False
2026-04-18 06:56:06,694 - INFO - engine.game_state - --- AI Player 2 (ExpectiminimaxAI) Turn ---
2026-04-18 06:56:06,695 - INFO - engine.game_state - Dice: 10
2026-04-18 06:56:06,702 - INFO - engine.game_state - Move: Library
2026-04-18 06:56:06,780 - INFO - engine.game_state - Suggestion: Suggestion(Suspect=Hashem Sir, Weapon=Anti Cutter, Location=Library)
2026-04-18 06:56:06,780 - INFO - engine.game_state - AI Player 3 revealed a card
2026-04-18 06:56:06,781 - INFO - engine.game_state - Accusation Decision: False
2026-04-18 06:56:06,781 - INFO - engine.game_state - --- AI Player 3 (NegamaxAI) Turn ---
2026-04-18 06:56:06,781 - INFO - engine.game_state - Dice: 9
2026-04-18 06:56:06,788 - INFO - engine.game_state - Move: Library
2026-04-18 06:56:06,885 - INFO - engine.game_state - Suggestion: Suggestion(Suspect=Hashem Sir, Weapon=Anti Cutter, Location=Library)
2026-04-18 06:56:06,885 - INFO - engine.game_state - AI Player 2 revealed a card
2026-04-18 06:56:06,886 - INFO - engine.game_state - Accusation Decision: False
2026-04-18 06:56:06,886 - INFO - engine.game_state - --- AI Player 2 (ExpectiminimaxAI) Turn ---
2026-04-18 06:56:06,886 - INFO - engine.game_state - Dice: 11
2026-04-18 06:56:06,899 - INFO - engine.game_state - Move: Academic Building
2026-04-18 06:56:06,995 - INFO - engine.game_state - Suggestion: Suggestion(Suspect=Hashem Sir, Weapon=Anti Cutter, Location=Academic Building)
2026-04-18 06:56:06,995 - INFO - engine.game_state - No one could disprove
2026-04-18 06:56:06,995 - INFO - engine.game_state - Accusation Decision: False
2026-04-18 06:56:06,996 - INFO - engine.game_state - --- AI Player 3 (NegamaxAI) Turn ---
2026-04-18 06:56:06,996 - INFO - engine.game_state - Dice: 4
2026-04-18 06:56:07,003 - INFO - engine.game_state - Move: Academic Building
2026-04-18 06:56:07,119 - INFO - engine.game_state - Suggestion: Suggestion(Suspect=Hashem Sir, Weapon=Anti Cutter, Location=Academic Building)
2026-04-18 06:56:07,119 - INFO - engine.game_state - AI Player 2 revealed a card
2026-04-18 06:56:07,119 - INFO - engine.game_state - Accusation Decision: False
2026-04-18 06:56:07,119 - INFO - engine.game_state - --- AI Player 2 (ExpectiminimaxAI) Turn ---
2026-04-18 06:56:07,119 - INFO - engine.game_state - Dice: 5
2026-04-18 06:56:07,129 - INFO - engine.game_state - Move: Library
2026-04-18 06:56:07,211 - INFO - engine.game_state - Suggestion: Suggestion(Suspect=Hashem Sir, Weapon=Anti Cutter, Location=Library)
2026-04-18 06:56:07,211 - INFO - engine.game_state - AI Player 3 revealed a card
2026-04-18 06:56:07,211 - INFO - engine.game_state - Accusation Decision: False
2026-04-18 06:56:07,211 - INFO - engine.game_state - --- AI Player 3 (NegamaxAI) Turn ---
2026-04-18 06:56:07,212 - INFO - engine.game_state - Dice: 12
2026-04-18 06:56:07,219 - INFO - engine.game_state - Move: Library
2026-04-18 06:56:07,311 - INFO - engine.game_state - Suggestion: Suggestion(Suspect=Hashem Sir, Weapon=Anti Cutter, Location=Library)
2026-04-18 06:56:07,312 - INFO - engine.game_state - AI Player 2 revealed a card
2026-04-18 06:56:07,312 - INFO - engine.game_state - Accusation Decision: False
2026-04-18 06:56:07,312 - INFO - engine.game_state - --- AI Player 2 (ExpectiminimaxAI) Turn ---
2026-04-18 06:56:07,312 - INFO - engine.game_state - Dice: 6
2026-04-18 06:56:07,318 - INFO - engine.game_state - Move: Academic Building
2026-04-18 06:56:07,412 - INFO - engine.game_state - Suggestion: Suggestion(Suspect=Hashem Sir, Weapon=Anti Cutter, Location=Academic Building)
2026-04-18 06:56:07,412 - INFO - engine.game_state - No one could disprove
2026-04-18 06:56:07,412 - INFO - engine.game_state - Accusation Decision: False
2026-04-18 06:56:07,412 - INFO - engine.game_state - --- AI Player 3 (NegamaxAI) Turn ---
2026-04-18 06:56:07,413 - INFO - engine.game_state - Dice: 10
2026-04-18 06:56:07,428 - INFO - engine.game_state - Move: Academic Building
2026-04-18 06:56:07,532 - INFO - engine.game_state - Suggestion: Suggestion(Suspect=Hashem Sir, Weapon=Anti Cutter, Location=Academic Building)
2026-04-18 06:56:07,532 - INFO - engine.game_state - AI Player 2 revealed a card
2026-04-18 06:56:07,532 - INFO - engine.game_state - Accusation Decision: False
2026-04-18 06:56:07,532 - INFO - engine.game_state - --- AI Player 2 (ExpectiminimaxAI) Turn ---
2026-04-18 06:56:07,533 - INFO - engine.game_state - Dice: 7
2026-04-18 06:56:07,541 - INFO - engine.game_state - Move: Library
2026-04-18 06:56:07,620 - INFO - engine.game_state - Suggestion: Suggestion(Suspect=Hashem Sir, Weapon=Anti Cutter, Location=Library)
2026-04-18 06:56:07,621 - INFO - engine.game_state - AI Player 3 revealed a card
2026-04-18 06:56:07,621 - INFO - engine.game_state - Accusation Decision: False
2026-04-18 06:56:07,621 - INFO - engine.game_state - --- AI Player 3 (NegamaxAI) Turn ---
2026-04-18 06:56:07,621 - INFO - engine.game_state - Dice: 7
2026-04-18 06:56:07,631 - INFO - engine.game_state - Move: Library
2026-04-18 06:56:07,730 - INFO - engine.game_state - Suggestion: Suggestion(Suspect=Hashem Sir, Weapon=Anti Cutter, Location=Library)
2026-04-18 06:56:07,731 - INFO - engine.game_state - AI Player 2 revealed a card
2026-04-18 06:56:07,731 - INFO - engine.game_state - Accusation Decision: False
2026-04-18 06:56:07,731 - INFO - engine.game_state - --- AI Player 2 (ExpectiminimaxAI) Turn ---
2026-04-18 06:56:07,731 - INFO - engine.game_state - Dice: 8
2026-04-18 06:56:07,737 - INFO - engine.game_state - Move: Academic Building
2026-04-18 06:56:07,830 - INFO - engine.game_state - Suggestion: Suggestion(Suspect=Hashem Sir, Weapon=Anti Cutter, Location=Academic Building)
2026-04-18 06:56:07,830 - INFO - engine.game_state - No one could disprove
2026-04-18 06:56:07,831 - INFO - engine.game_state - Accusation Decision: False
2026-04-18 06:56:07,831 - INFO - engine.game_state - --- AI Player 3 (NegamaxAI) Turn ---
2026-04-18 06:56:07,831 - INFO - engine.game_state - Dice: 6
2026-04-18 06:56:07,839 - INFO - engine.game_state - Move: Academic Building
2026-04-18 06:56:07,937 - INFO - engine.game_state - Suggestion: Suggestion(Suspect=Hashem Sir, Weapon=Anti Cutter, Location=Academic Building)
2026-04-18 06:56:07,937 - INFO - engine.game_state - AI Player 2 revealed a card
2026-04-18 06:56:07,937 - INFO - engine.game_state - Accusation Decision: False
2026-04-18 06:56:07,937 - INFO - engine.game_state - --- AI Player 2 (ExpectiminimaxAI) Turn ---
2026-04-18 06:56:07,938 - INFO - engine.game_state - Dice: 2
2026-04-18 06:56:07,940 - INFO - engine.game_state - Move: VC Room
2026-04-18 06:56:08,029 - INFO - engine.game_state - Suggestion: Suggestion(Suspect=Hashem Sir, Weapon=Anti Cutter, Location=VC Room)
2026-04-18 06:56:08,029 - INFO - engine.game_state - AI Player 3 revealed a card
2026-04-18 06:56:08,029 - INFO - engine.game_state - Accusation Decision: False
2026-04-18 06:56:08,029 - INFO - engine.game_state - --- AI Player 3 (NegamaxAI) Turn ---
2026-04-18 06:56:08,029 - INFO - engine.game_state - Dice: 9
2026-04-18 06:56:08,038 - INFO - engine.game_state - Move: Library
2026-04-18 06:56:08,126 - INFO - engine.game_state - Suggestion: Suggestion(Suspect=Hashem Sir, Weapon=Anti Cutter, Location=Library)
2026-04-18 06:56:08,126 - INFO - engine.game_state - AI Player 2 revealed a card
2026-04-18 06:56:08,126 - INFO - engine.game_state - Accusation Decision: False
2026-04-18 06:56:08,126 - INFO - engine.game_state - --- AI Player 2 (ExpectiminimaxAI) Turn ---
2026-04-18 06:56:08,126 - INFO - engine.game_state - Dice: 7
2026-04-18 06:56:08,132 - INFO - engine.game_state - Move: Academic Building
2026-04-18 06:56:08,224 - INFO - engine.game_state - Suggestion: Suggestion(Suspect=Hashem Sir, Weapon=Anti Cutter, Location=Academic Building)
2026-04-18 06:56:08,224 - INFO - engine.game_state - No one could disprove
2026-04-18 06:56:08,225 - INFO - engine.game_state - Accusation Decision: False
2026-04-18 06:56:08,225 - INFO - engine.game_state - --- AI Player 3 (NegamaxAI) Turn ---
2026-04-18 06:56:08,225 - INFO - engine.game_state - Dice: 3
2026-04-18 06:56:08,229 - INFO - engine.game_state - Move: VC Room
2026-04-18 06:56:08,294 - INFO - engine.game_state - Suggestion: Suggestion(Suspect=Hashem Sir, Weapon=Anti Cutter, Location=VC Room)
2026-04-18 06:56:08,294 - INFO - engine.game_state - AI Player 2 revealed a card
2026-04-18 06:56:08,294 - INFO - engine.game_state - Accusation Decision: False
2026-04-18 06:56:08,295 - INFO - engine.game_state - --- AI Player 2 (ExpectiminimaxAI) Turn ---
2026-04-18 06:56:08,295 - INFO - engine.game_state - Dice: 8
2026-04-18 06:56:08,302 - INFO - engine.game_state - Move: Library
2026-04-18 06:56:08,394 - INFO - engine.game_state - Suggestion: Suggestion(Suspect=Hashem Sir, Weapon=Anti Cutter, Location=Library)
2026-04-18 06:56:08,394 - INFO - engine.game_state - AI Player 3 revealed a card
2026-04-18 06:56:08,394 - INFO - engine.game_state - Accusation Decision: False
2026-04-18 06:56:08,395 - INFO - engine.game_state - --- AI Player 3 (NegamaxAI) Turn ---
2026-04-18 06:56:08,395 - INFO - engine.game_state - Dice: 3
2026-04-18 06:56:08,400 - INFO - engine.game_state - Move: Library
2026-04-18 06:56:08,472 - INFO - engine.game_state - Suggestion: Suggestion(Suspect=Hashem Sir, Weapon=Anti Cutter, Location=Library)
2026-04-18 06:56:08,472 - INFO - engine.game_state - AI Player 2 revealed a card
2026-04-18 06:56:08,472 - INFO - engine.game_state - Accusation Decision: False
2026-04-18 06:56:08,473 - INFO - engine.game_state - --- AI Player 2 (ExpectiminimaxAI) Turn ---
2026-04-18 06:56:08,473 - INFO - engine.game_state - Dice: 11
2026-04-18 06:56:08,478 - INFO - engine.game_state - Move: Academic Building
2026-04-18 06:56:08,576 - INFO - engine.game_state - Suggestion: Suggestion(Suspect=Hashem Sir, Weapon=Anti Cutter, Location=Academic Building)
2026-04-18 06:56:08,576 - INFO - engine.game_state - No one could disprove
2026-04-18 06:56:08,576 - INFO - engine.game_state - Accusation Decision: False
2026-04-18 06:56:08,576 - INFO - engine.game_state - --- AI Player 3 (NegamaxAI) Turn ---
2026-04-18 06:56:08,577 - INFO - engine.game_state - Dice: 9
2026-04-18 06:56:08,584 - INFO - engine.game_state - Move: Academic Building
2026-04-18 06:56:08,677 - INFO - engine.game_state - Suggestion: Suggestion(Suspect=Hashem Sir, Weapon=Anti Cutter, Location=Academic Building)
2026-04-18 06:56:08,677 - INFO - engine.game_state - AI Player 2 revealed a card
2026-04-18 06:56:08,677 - INFO - engine.game_state - Accusation Decision: False
2026-04-18 06:56:08,677 - INFO - engine.game_state - --- AI Player 2 (ExpectiminimaxAI) Turn ---
2026-04-18 06:56:08,678 - INFO - engine.game_state - Dice: 7
2026-04-18 06:56:08,685 - INFO - engine.game_state - Move: Library
2026-04-18 06:56:08,784 - INFO - engine.game_state - Suggestion: Suggestion(Suspect=Hashem Sir, Weapon=Anti Cutter, Location=Library)
2026-04-18 06:56:08,784 - INFO - engine.game_state - AI Player 3 revealed a card
2026-04-18 06:56:08,784 - INFO - engine.game_state - Accusation Decision: False
2026-04-18 06:56:08,784 - INFO - engine.game_state - --- AI Player 3 (NegamaxAI) Turn ---
2026-04-18 06:56:08,784 - INFO - engine.game_state - Dice: 7
2026-04-18 06:56:08,792 - INFO - engine.game_state - Move: Library
2026-04-18 06:56:08,890 - INFO - engine.game_state - Suggestion: Suggestion(Suspect=Hashem Sir, Weapon=Anti Cutter, Location=Library)
2026-04-18 06:56:08,891 - INFO - engine.game_state - AI Player 2 revealed a card
2026-04-18 06:56:08,891 - INFO - engine.game_state - Accusation Decision: False
2026-04-18 06:56:08,891 - INFO - engine.game_state - --- AI Player 2 (ExpectiminimaxAI) Turn ---
2026-04-18 06:56:08,891 - INFO - engine.game_state - Dice: 5
2026-04-18 06:56:08,898 - INFO - engine.game_state - Move: Academic Building
2026-04-18 06:56:09,009 - INFO - engine.game_state - Suggestion: Suggestion(Suspect=Hashem Sir, Weapon=Anti Cutter, Location=Academic Building)
2026-04-18 06:56:09,009 - INFO - engine.game_state - No one could disprove
2026-04-18 06:56:09,009 - INFO - engine.game_state - Accusation Decision: False
2026-04-18 06:56:09,009 - INFO - engine.game_state - --- AI Player 3 (NegamaxAI) Turn ---
2026-04-18 06:56:09,009 - INFO - engine.game_state - Dice: 8
2026-04-18 06:56:09,017 - INFO - engine.game_state - Move: Academic Building
2026-04-18 06:56:09,124 - INFO - engine.game_state - Suggestion: Suggestion(Suspect=Hashem Sir, Weapon=Anti Cutter, Location=Academic Building)
2026-04-18 06:56:09,124 - INFO - engine.game_state - AI Player 2 revealed a card
2026-04-18 06:56:09,124 - INFO - engine.game_state - Accusation Decision: False
2026-04-18 06:56:09,124 - INFO - engine.game_state - --- AI Player 2 (ExpectiminimaxAI) Turn ---
2026-04-18 06:56:09,124 - INFO - engine.game_state - Dice: 8
2026-04-18 06:56:09,132 - INFO - engine.game_state - Move: Library
2026-04-18 06:56:09,216 - INFO - engine.game_state - Suggestion: Suggestion(Suspect=Hashem Sir, Weapon=Anti Cutter, Location=Library)
2026-04-18 06:56:09,216 - INFO - engine.game_state - AI Player 3 revealed a card
2026-04-18 06:56:09,217 - INFO - engine.game_state - Accusation Decision: False
2026-04-18 06:56:09,217 - INFO - engine.game_state - --- AI Player 3 (NegamaxAI) Turn ---
2026-04-18 06:56:09,217 - INFO - engine.game_state - Dice: 6
2026-04-18 06:56:09,229 - INFO - engine.game_state - Move: Library
2026-04-18 06:56:09,321 - INFO - engine.game_state - Suggestion: Suggestion(Suspect=Hashem Sir, Weapon=Anti Cutter, Location=Library)
2026-04-18 06:56:09,322 - INFO - engine.game_state - AI Player 2 revealed a card
2026-04-18 06:56:09,322 - INFO - engine.game_state - Accusation Decision: False
2026-04-18 06:56:09,322 - INFO - engine.game_state - --- AI Player 2 (ExpectiminimaxAI) Turn ---
2026-04-18 06:56:09,322 - INFO - engine.game_state - Dice: 5
2026-04-18 06:56:09,327 - INFO - engine.game_state - Move: Academic Building
2026-04-18 06:56:09,433 - INFO - engine.game_state - Suggestion: Suggestion(Suspect=Hashem Sir, Weapon=Anti Cutter, Location=Academic Building)
2026-04-18 06:56:09,433 - INFO - engine.game_state - No one could disprove
2026-04-18 06:56:09,433 - INFO - engine.game_state - Accusation Decision: False
2026-04-18 06:56:09,434 - INFO - engine.game_state - --- AI Player 3 (NegamaxAI) Turn ---
2026-04-18 06:56:09,434 - INFO - engine.game_state - Dice: 5
2026-04-18 06:56:09,443 - INFO - engine.game_state - Move: Academic Building
2026-04-18 06:56:09,540 - INFO - engine.game_state - Suggestion: Suggestion(Suspect=Hashem Sir, Weapon=Anti Cutter, Location=Academic Building)
2026-04-18 06:56:09,540 - INFO - engine.game_state - AI Player 2 revealed a card
2026-04-18 06:56:09,541 - INFO - engine.game_state - Accusation Decision: False
2026-04-18 06:56:09,541 - INFO - engine.game_state - --- AI Player 2 (ExpectiminimaxAI) Turn ---
2026-04-18 06:56:09,541 - INFO - engine.game_state - Dice: 4
2026-04-18 06:56:09,550 - INFO - engine.game_state - Move: Library
2026-04-18 06:56:09,641 - INFO - engine.game_state - Suggestion: Suggestion(Suspect=Hashem Sir, Weapon=Anti Cutter, Location=Library)
2026-04-18 06:56:09,641 - INFO - engine.game_state - AI Player 3 revealed a card
2026-04-18 06:56:09,641 - INFO - engine.game_state - Accusation Decision: False
2026-04-18 06:56:09,642 - INFO - engine.game_state - --- AI Player 3 (NegamaxAI) Turn ---
2026-04-18 06:56:09,642 - INFO - engine.game_state - Dice: 2
2026-04-18 06:56:09,644 - INFO - engine.game_state - Move: VC Room
2026-04-18 06:56:09,718 - INFO - engine.game_state - Suggestion: Suggestion(Suspect=Hashem Sir, Weapon=Anti Cutter, Location=VC Room)
2026-04-18 06:56:09,718 - INFO - engine.game_state - AI Player 2 revealed a card
2026-04-18 06:56:09,718 - INFO - engine.game_state - Accusation Decision: False
2026-04-18 06:56:09,719 - INFO - engine.game_state - --- AI Player 2 (ExpectiminimaxAI) Turn ---
2026-04-18 06:56:09,719 - INFO - engine.game_state - Dice: 9
2026-04-18 06:56:09,725 - INFO - engine.game_state - Move: Academic Building
2026-04-18 06:56:09,828 - INFO - engine.game_state - Suggestion: Suggestion(Suspect=Hashem Sir, Weapon=Anti Cutter, Location=Academic Building)
2026-04-18 06:56:09,828 - INFO - engine.game_state - No one could disprove
2026-04-18 06:56:09,828 - INFO - engine.game_state - Accusation Decision: False
2026-04-18 06:56:09,829 - INFO - engine.game_state - --- AI Player 3 (NegamaxAI) Turn ---
2026-04-18 06:56:09,829 - INFO - engine.game_state - Dice: 7
2026-04-18 06:56:09,836 - INFO - engine.game_state - Move: Library
2026-04-18 06:56:09,925 - INFO - engine.game_state - Suggestion: Suggestion(Suspect=Hashem Sir, Weapon=Anti Cutter, Location=Library)
2026-04-18 06:56:09,925 - INFO - engine.game_state - AI Player 2 revealed a card
2026-04-18 06:56:09,926 - INFO - engine.game_state - Accusation Decision: False
2026-04-18 06:56:09,926 - INFO - engine.game_state - --- AI Player 2 (ExpectiminimaxAI) Turn ---
2026-04-18 06:56:09,926 - INFO - engine.game_state - Dice: 5
2026-04-18 06:56:09,934 - INFO - engine.game_state - Move: Library
2026-04-18 06:56:10,052 - INFO - engine.game_state - Suggestion: Suggestion(Suspect=Hashem Sir, Weapon=Anti Cutter, Location=Library)
2026-04-18 06:56:10,053 - INFO - engine.game_state - AI Player 3 revealed a card
2026-04-18 06:56:10,053 - INFO - engine.game_state - Accusation Decision: False
2026-04-18 06:56:10,053 - INFO - engine.game_state - --- AI Player 3 (NegamaxAI) Turn ---
2026-04-18 06:56:10,053 - INFO - engine.game_state - Dice: 10
2026-04-18 06:56:10,060 - INFO - engine.game_state - Move: Academic Building
2026-04-18 06:56:10,154 - INFO - engine.game_state - Suggestion: Suggestion(Suspect=Hashem Sir, Weapon=Anti Cutter, Location=Academic Building)
2026-04-18 06:56:10,155 - INFO - engine.game_state - AI Player 2 revealed a card
2026-04-18 06:56:10,155 - INFO - engine.game_state - Accusation Decision: False
2026-04-18 06:56:10,156 - INFO - engine.game_state - --- AI Player 2 (ExpectiminimaxAI) Turn ---
2026-04-18 06:56:10,156 - INFO - engine.game_state - Dice: 7
2026-04-18 06:56:10,161 - INFO - engine.game_state - Move: Academic Building
2026-04-18 06:56:10,271 - INFO - engine.game_state - Suggestion: Suggestion(Suspect=Hashem Sir, Weapon=Anti Cutter, Location=Academic Building)
2026-04-18 06:56:10,271 - INFO - engine.game_state - No one could disprove
2026-04-18 06:56:10,272 - INFO - engine.game_state - Accusation Decision: False
2026-04-18 06:56:10,272 - INFO - engine.game_state - --- AI Player 3 (NegamaxAI) Turn ---
2026-04-18 06:56:10,272 - INFO - engine.game_state - Dice: 7
2026-04-18 06:56:10,282 - INFO - engine.game_state - Move: Library
2026-04-18 06:56:10,371 - INFO - engine.game_state - Suggestion: Suggestion(Suspect=Hashem Sir, Weapon=Anti Cutter, Location=Library)
2026-04-18 06:56:10,372 - INFO - engine.game_state - AI Player 2 revealed a card
2026-04-18 06:56:10,372 - INFO - engine.game_state - Accusation Decision: False
2026-04-18 06:56:10,372 - INFO - engine.game_state - --- AI Player 2 (ExpectiminimaxAI) Turn ---
2026-04-18 06:56:10,372 - INFO - engine.game_state - Dice: 8
2026-04-18 06:56:10,379 - INFO - engine.game_state - Move: Library
2026-04-18 06:56:10,456 - INFO - engine.game_state - Suggestion: Suggestion(Suspect=Hashem Sir, Weapon=Anti Cutter, Location=Library)
2026-04-18 06:56:10,457 - INFO - engine.game_state - AI Player 3 revealed a card
2026-04-18 06:56:10,457 - INFO - engine.game_state - Accusation Decision: False
2026-04-18 06:56:10,457 - INFO - engine.game_state - --- AI Player 3 (NegamaxAI) Turn ---
2026-04-18 06:56:10,457 - INFO - engine.game_state - Dice: 7
2026-04-18 06:56:10,467 - INFO - engine.game_state - Move: Academic Building
2026-04-18 06:56:10,610 - INFO - engine.game_state - Suggestion: Suggestion(Suspect=Hashem Sir, Weapon=Anti Cutter, Location=Academic Building)
2026-04-18 06:56:10,611 - INFO - engine.game_state - AI Player 2 revealed a card
2026-04-18 06:56:10,611 - INFO - engine.game_state - Accusation Decision: False
2026-04-18 06:56:10,611 - INFO - engine.game_state - --- AI Player 2 (ExpectiminimaxAI) Turn ---
2026-04-18 06:56:10,612 - INFO - engine.game_state - Dice: 9
2026-04-18 06:56:10,619 - INFO - engine.game_state - Move: Academic Building
2026-04-18 06:56:10,721 - INFO - engine.game_state - Suggestion: Suggestion(Suspect=Hashem Sir, Weapon=Anti Cutter, Location=Academic Building)
2026-04-18 06:56:10,721 - INFO - engine.game_state - No one could disprove
2026-04-18 06:56:10,721 - INFO - engine.game_state - Accusation Decision: False
2026-04-18 06:56:10,721 - INFO - engine.game_state - --- AI Player 3 (NegamaxAI) Turn ---
2026-04-18 06:56:10,721 - INFO - engine.game_state - Dice: 3
2026-04-18 06:56:10,724 - INFO - engine.game_state - Move: Cafeteria
2026-04-18 06:56:10,785 - INFO - engine.game_state - Suggestion: Suggestion(Suspect=Hashem Sir, Weapon=Anti Cutter, Location=Cafeteria)
2026-04-18 06:56:10,786 - INFO - engine.game_state - AI Player 1 revealed a card
2026-04-18 06:56:10,786 - INFO - engine.game_state - Accusation Decision: False
2026-04-18 06:56:10,786 - INFO - engine.game_state - --- AI Player 2 (ExpectiminimaxAI) Turn ---
2026-04-18 06:56:10,786 - INFO - engine.game_state - Dice: 7
2026-04-18 06:56:10,795 - INFO - engine.game_state - Move: Library
2026-04-18 06:56:10,870 - INFO - engine.game_state - Suggestion: Suggestion(Suspect=Hashem Sir, Weapon=Anti Cutter, Location=Library)
2026-04-18 06:56:10,870 - INFO - engine.game_state - AI Player 3 revealed a card
2026-04-18 06:56:10,870 - INFO - engine.game_state - Accusation Decision: False
2026-04-18 06:56:10,870 - INFO - engine.game_state - --- AI Player 3 (NegamaxAI) Turn ---
2026-04-18 06:56:10,871 - INFO - engine.game_state - Dice: 10
2026-04-18 06:56:10,880 - INFO - engine.game_state - Move: Academic Building
2026-04-18 06:56:10,977 - INFO - engine.game_state - Suggestion: Suggestion(Suspect=Hashem Sir, Weapon=Anti Cutter, Location=Academic Building)
2026-04-18 06:56:10,977 - INFO - engine.game_state - AI Player 2 revealed a card
2026-04-18 06:56:10,977 - INFO - engine.game_state - Accusation Decision: False
2026-04-18 06:56:10,977 - INFO - engine.game_state - --- AI Player 2 (ExpectiminimaxAI) Turn ---
2026-04-18 06:56:10,977 - INFO - engine.game_state - Dice: 10
2026-04-18 06:56:10,983 - INFO - engine.game_state - Move: Academic Building
2026-04-18 06:56:11,081 - INFO - engine.game_state - Suggestion: Suggestion(Suspect=Hashem Sir, Weapon=Anti Cutter, Location=Academic Building)
2026-04-18 06:56:11,081 - INFO - engine.game_state - No one could disprove
2026-04-18 06:56:11,081 - INFO - engine.game_state - Accusation Decision: False
2026-04-18 06:56:11,081 - INFO - engine.game_state - --- AI Player 3 (NegamaxAI) Turn ---
2026-04-18 06:56:11,081 - INFO - engine.game_state - Dice: 7
2026-04-18 06:56:11,089 - INFO - engine.game_state - Move: Library
2026-04-18 06:56:11,171 - INFO - engine.game_state - Suggestion: Suggestion(Suspect=Hashem Sir, Weapon=Anti Cutter, Location=Library)
2026-04-18 06:56:11,171 - INFO - engine.game_state - AI Player 2 revealed a card
2026-04-18 06:56:11,171 - INFO - engine.game_state - Accusation Decision: False
2026-04-18 06:56:11,172 - INFO - engine.game_state - --- AI Player 2 (ExpectiminimaxAI) Turn ---
2026-04-18 06:56:11,172 - INFO - engine.game_state - Dice: 11
2026-04-18 06:56:11,179 - INFO - engine.game_state - Move: Library
2026-04-18 06:56:11,260 - INFO - engine.game_state - Suggestion: Suggestion(Suspect=Hashem Sir, Weapon=Anti Cutter, Location=Library)
2026-04-18 06:56:11,260 - INFO - engine.game_state - AI Player 3 revealed a card
2026-04-18 06:56:11,261 - INFO - engine.game_state - Accusation Decision: False
2026-04-18 06:56:11,261 - INFO - engine.game_state - --- AI Player 3 (NegamaxAI) Turn ---
2026-04-18 06:56:11,261 - INFO - engine.game_state - Dice: 7
2026-04-18 06:56:11,269 - INFO - engine.game_state - Move: Academic Building
2026-04-18 06:56:11,378 - INFO - engine.game_state - Suggestion: Suggestion(Suspect=Hashem Sir, Weapon=Anti Cutter, Location=Academic Building)
2026-04-18 06:56:11,378 - INFO - engine.game_state - AI Player 2 revealed a card
2026-04-18 06:56:11,378 - INFO - engine.game_state - Accusation Decision: False
2026-04-18 06:56:11,378 - INFO - engine.game_state - --- AI Player 2 (ExpectiminimaxAI) Turn ---
2026-04-18 06:56:11,379 - INFO - engine.game_state - Dice: 8
2026-04-18 06:56:11,384 - INFO - engine.game_state - Move: Academic Building
2026-04-18 06:56:11,487 - INFO - engine.game_state - Suggestion: Suggestion(Suspect=Hashem Sir, Weapon=Anti Cutter, Location=Academic Building)
2026-04-18 06:56:11,487 - INFO - engine.game_state - No one could disprove
2026-04-18 06:56:11,487 - INFO - engine.game_state - Accusation Decision: False
2026-04-18 06:56:11,487 - INFO - engine.game_state - --- AI Player 3 (NegamaxAI) Turn ---
2026-04-18 06:56:11,488 - INFO - engine.game_state - Dice: 7
2026-04-18 06:56:11,497 - INFO - engine.game_state - Move: Library
2026-04-18 06:56:11,615 - INFO - engine.game_state - Suggestion: Suggestion(Suspect=Hashem Sir, Weapon=Anti Cutter, Location=Library)
2026-04-18 06:56:11,616 - INFO - engine.game_state - AI Player 2 revealed a card
2026-04-18 06:56:11,616 - INFO - engine.game_state - Accusation Decision: False
2026-04-18 06:56:11,616 - INFO - engine.game_state - --- AI Player 2 (ExpectiminimaxAI) Turn ---
2026-04-18 06:56:11,616 - INFO - engine.game_state - Dice: 9
2026-04-18 06:56:11,628 - INFO - engine.game_state - Move: Library
2026-04-18 06:56:11,710 - INFO - engine.game_state - Suggestion: Suggestion(Suspect=Hashem Sir, Weapon=Anti Cutter, Location=Library)
2026-04-18 06:56:11,710 - INFO - engine.game_state - AI Player 3 revealed a card
2026-04-18 06:56:11,710 - INFO - engine.game_state - Accusation Decision: False
2026-04-18 06:56:11,711 - INFO - engine.game_state - --- AI Player 3 (NegamaxAI) Turn ---
2026-04-18 06:56:11,711 - INFO - engine.game_state - Dice: 7
2026-04-18 06:56:11,718 - INFO - engine.game_state - Move: Academic Building
2026-04-18 06:56:11,816 - INFO - engine.game_state - Suggestion: Suggestion(Suspect=Hashem Sir, Weapon=Anti Cutter, Location=Academic Building)
2026-04-18 06:56:11,816 - INFO - engine.game_state - AI Player 2 revealed a card
2026-04-18 06:56:11,816 - INFO - engine.game_state - Accusation Decision: False
2026-04-18 06:56:11,817 - INFO - engine.game_state - --- AI Player 2 (ExpectiminimaxAI) Turn ---
2026-04-18 06:56:11,817 - INFO - engine.game_state - Dice: 5
2026-04-18 06:56:11,822 - INFO - engine.game_state - Move: Academic Building
2026-04-18 06:56:11,932 - INFO - engine.game_state - Suggestion: Suggestion(Suspect=Hashem Sir, Weapon=Anti Cutter, Location=Academic Building)
2026-04-18 06:56:11,932 - INFO - engine.game_state - No one could disprove
2026-04-18 06:56:11,933 - INFO - engine.game_state - Accusation Decision: False
2026-04-18 06:56:11,933 - INFO - engine.game_state - --- AI Player 3 (NegamaxAI) Turn ---
2026-04-18 06:56:11,933 - INFO - engine.game_state - Dice: 7
2026-04-18 06:56:11,941 - INFO - engine.game_state - Move: Library
2026-04-18 06:56:12,040 - INFO - engine.game_state - Suggestion: Suggestion(Suspect=Hashem Sir, Weapon=Anti Cutter, Location=Library)
2026-04-18 06:56:12,041 - INFO - engine.game_state - AI Player 2 revealed a card
2026-04-18 06:56:12,041 - INFO - engine.game_state - Accusation Decision: False
2026-04-18 06:56:12,041 - INFO - engine.game_state - --- AI Player 2 (ExpectiminimaxAI) Turn ---
2026-04-18 06:56:12,041 - INFO - engine.game_state - Dice: 7
2026-04-18 06:56:12,050 - INFO - engine.game_state - Move: Library
2026-04-18 06:56:12,131 - INFO - engine.game_state - Suggestion: Suggestion(Suspect=Hashem Sir, Weapon=Anti Cutter, Location=Library)
2026-04-18 06:56:12,131 - INFO - engine.game_state - AI Player 3 revealed a card
2026-04-18 06:56:12,131 - INFO - engine.game_state - Accusation Decision: False
2026-04-18 06:56:12,131 - INFO - engine.game_state - --- AI Player 3 (NegamaxAI) Turn ---
2026-04-18 06:56:12,132 - INFO - engine.game_state - Dice: 5
2026-04-18 06:56:12,140 - INFO - engine.game_state - Move: Academic Building
2026-04-18 06:56:12,237 - INFO - engine.game_state - Suggestion: Suggestion(Suspect=Hashem Sir, Weapon=Anti Cutter, Location=Academic Building)
2026-04-18 06:56:12,237 - INFO - engine.game_state - AI Player 2 revealed a card
2026-04-18 06:56:12,238 - INFO - engine.game_state - Accusation Decision: False
2026-04-18 06:56:12,238 - INFO - engine.game_state - --- AI Player 2 (ExpectiminimaxAI) Turn ---
2026-04-18 06:56:12,238 - INFO - engine.game_state - Dice: 5
2026-04-18 06:56:12,244 - INFO - engine.game_state - Move: Academic Building
2026-04-18 06:56:12,359 - INFO - engine.game_state - Suggestion: Suggestion(Suspect=Hashem Sir, Weapon=Anti Cutter, Location=Academic Building)
2026-04-18 06:56:12,359 - INFO - engine.game_state - No one could disprove
2026-04-18 06:56:12,359 - INFO - engine.game_state - Accusation Decision: False
2026-04-18 06:56:12,360 - INFO - engine.game_state - --- AI Player 3 (NegamaxAI) Turn ---
2026-04-18 06:56:12,360 - INFO - engine.game_state - Dice: 10
2026-04-18 06:56:12,368 - INFO - engine.game_state - Move: Library
2026-04-18 06:56:12,467 - INFO - engine.game_state - Suggestion: Suggestion(Suspect=Hashem Sir, Weapon=Anti Cutter, Location=Library)
2026-04-18 06:56:12,468 - INFO - engine.game_state - AI Player 2 revealed a card
2026-04-18 06:56:12,468 - INFO - engine.game_state - Accusation Decision: False
2026-04-18 06:56:12,468 - INFO - engine.game_state - --- AI Player 2 (ExpectiminimaxAI) Turn ---
2026-04-18 06:56:12,468 - INFO - engine.game_state - Dice: 3
2026-04-18 06:56:12,475 - INFO - engine.game_state - Move: Cafeteria
2026-04-18 06:56:12,531 - INFO - engine.game_state - Suggestion: Suggestion(Suspect=Hashem Sir, Weapon=Anti Cutter, Location=Cafeteria)
2026-04-18 06:56:12,532 - INFO - engine.game_state - AI Player 1 revealed a card
2026-04-18 06:56:12,532 - INFO - engine.game_state - Accusation Decision: False
2026-04-18 06:56:12,532 - INFO - engine.game_state - --- AI Player 3 (NegamaxAI) Turn ---
2026-04-18 06:56:12,532 - INFO - engine.game_state - Dice: 2
2026-04-18 06:56:12,536 - INFO - engine.game_state - Move: VC Room
2026-04-18 06:56:12,609 - INFO - engine.game_state - Suggestion: Suggestion(Suspect=Hashem Sir, Weapon=Anti Cutter, Location=VC Room)
2026-04-18 06:56:12,610 - INFO - engine.game_state - AI Player 2 revealed a card
2026-04-18 06:56:12,610 - INFO - engine.game_state - Accusation Decision: False
2026-04-18 06:56:12,610 - INFO - engine.game_state - --- AI Player 2 (ExpectiminimaxAI) Turn ---
2026-04-18 06:56:12,610 - INFO - engine.game_state - Dice: 9
2026-04-18 06:56:12,614 - INFO - engine.game_state - Move: Academic Building
2026-04-18 06:56:12,713 - INFO - engine.game_state - Suggestion: Suggestion(Suspect=Hashem Sir, Weapon=Anti Cutter, Location=Academic Building)
2026-04-18 06:56:12,714 - INFO - engine.game_state - No one could disprove
2026-04-18 06:56:12,714 - INFO - engine.game_state - Accusation Decision: False
2026-04-18 06:56:12,714 - INFO - engine.game_state - --- AI Player 3 (NegamaxAI) Turn ---
2026-04-18 06:56:12,714 - INFO - engine.game_state - Dice: 9
2026-04-18 06:56:12,727 - INFO - engine.game_state - Move: Library
2026-04-18 06:56:12,825 - INFO - engine.game_state - Suggestion: Suggestion(Suspect=Hashem Sir, Weapon=Anti Cutter, Location=Library)
2026-04-18 06:56:12,826 - INFO - engine.game_state - AI Player 2 revealed a card
2026-04-18 06:56:12,826 - INFO - engine.game_state - Accusation Decision: False
2026-04-18 06:56:12,826 - INFO - engine.game_state - --- AI Player 2 (ExpectiminimaxAI) Turn ---
2026-04-18 06:56:12,826 - INFO - engine.game_state - Dice: 4
2026-04-18 06:56:12,834 - INFO - engine.game_state - Move: Library
2026-04-18 06:56:12,925 - INFO - engine.game_state - Suggestion: Suggestion(Suspect=Hashem Sir, Weapon=Anti Cutter, Location=Library)
2026-04-18 06:56:12,925 - INFO - engine.game_state - AI Player 3 revealed a card
2026-04-18 06:56:12,926 - INFO - engine.game_state - Accusation Decision: False
2026-04-18 06:56:12,926 - INFO - engine.game_state - --- AI Player 3 (NegamaxAI) Turn ---
2026-04-18 06:56:12,926 - INFO - engine.game_state - Dice: 8
2026-04-18 06:56:12,937 - INFO - engine.game_state - Move: Academic Building
2026-04-18 06:56:13,029 - INFO - engine.game_state - Suggestion: Suggestion(Suspect=Hashem Sir, Weapon=Anti Cutter, Location=Academic Building)
2026-04-18 06:56:13,030 - INFO - engine.game_state - AI Player 2 revealed a card
2026-04-18 06:56:13,030 - INFO - engine.game_state - Accusation Decision: False
2026-04-18 06:56:13,030 - INFO - engine.game_state - --- AI Player 2 (ExpectiminimaxAI) Turn ---
2026-04-18 06:56:13,030 - INFO - engine.game_state - Dice: 6
2026-04-18 06:56:13,035 - INFO - engine.game_state - Move: Academic Building
2026-04-18 06:56:13,132 - INFO - engine.game_state - Suggestion: Suggestion(Suspect=Hashem Sir, Weapon=Anti Cutter, Location=Academic Building)
2026-04-18 06:56:13,132 - INFO - engine.game_state - No one could disprove
2026-04-18 06:56:13,132 - INFO - engine.game_state - Accusation Decision: False
2026-04-18 06:56:13,133 - INFO - engine.game_state - --- AI Player 3 (NegamaxAI) Turn ---
2026-04-18 06:56:13,133 - INFO - engine.game_state - Dice: 9
2026-04-18 06:56:13,144 - INFO - engine.game_state - Move: Library
2026-04-18 06:56:13,225 - INFO - engine.game_state - Suggestion: Suggestion(Suspect=Hashem Sir, Weapon=Anti Cutter, Location=Library)
2026-04-18 06:56:13,226 - INFO - engine.game_state - AI Player 2 revealed a card
2026-04-18 06:56:13,226 - INFO - engine.game_state - Accusation Decision: False
2026-04-18 06:56:13,226 - INFO - engine.game_state - --- AI Player 2 (ExpectiminimaxAI) Turn ---
2026-04-18 06:56:13,227 - INFO - engine.game_state - Dice: 8
2026-04-18 06:56:13,235 - INFO - engine.game_state - Move: Library
2026-04-18 06:56:13,319 - INFO - engine.game_state - Suggestion: Suggestion(Suspect=Hashem Sir, Weapon=Anti Cutter, Location=Library)
2026-04-18 06:56:13,319 - INFO - engine.game_state - AI Player 3 revealed a card
2026-04-18 06:56:13,319 - INFO - engine.game_state - Accusation Decision: False
2026-04-18 06:56:13,320 - INFO - engine.game_state - --- AI Player 3 (NegamaxAI) Turn ---
2026-04-18 06:56:13,320 - INFO - engine.game_state - Dice: 11
2026-04-18 06:56:13,331 - INFO - engine.game_state - Move: Academic Building
2026-04-18 06:56:13,425 - INFO - engine.game_state - Suggestion: Suggestion(Suspect=Hashem Sir, Weapon=Anti Cutter, Location=Academic Building)
2026-04-18 06:56:13,425 - INFO - engine.game_state - AI Player 2 revealed a card
2026-04-18 06:56:13,425 - INFO - engine.game_state - Accusation Decision: False
2026-04-18 06:56:13,425 - INFO - engine.game_state - --- AI Player 2 (ExpectiminimaxAI) Turn ---
2026-04-18 06:56:13,425 - INFO - engine.game_state - Dice: 4
2026-04-18 06:56:13,431 - INFO - engine.game_state - Move: Academic Building
2026-04-18 06:56:13,523 - INFO - engine.game_state - Suggestion: Suggestion(Suspect=Hashem Sir, Weapon=Anti Cutter, Location=Academic Building)
2026-04-18 06:56:13,524 - INFO - engine.game_state - No one could disprove
2026-04-18 06:56:13,524 - INFO - engine.game_state - Accusation Decision: False
2026-04-18 06:56:13,524 - INFO - engine.game_state - --- AI Player 3 (NegamaxAI) Turn ---
2026-04-18 06:56:13,524 - INFO - engine.game_state - Dice: 5
2026-04-18 06:56:13,532 - INFO - engine.game_state - Move: Library
2026-04-18 06:56:13,613 - INFO - engine.game_state - Suggestion: Suggestion(Suspect=Hashem Sir, Weapon=Anti Cutter, Location=Library)
2026-04-18 06:56:13,613 - INFO - engine.game_state - AI Player 2 revealed a card
2026-04-18 06:56:13,613 - INFO - engine.game_state - Accusation Decision: False
2026-04-18 06:56:13,613 - INFO - engine.game_state - --- AI Player 2 (ExpectiminimaxAI) Turn ---
2026-04-18 06:56:13,614 - INFO - engine.game_state - Dice: 7
2026-04-18 06:56:13,621 - INFO - engine.game_state - Move: Library
2026-04-18 06:56:13,700 - INFO - engine.game_state - Suggestion: Suggestion(Suspect=Hashem Sir, Weapon=Anti Cutter, Location=Library)
2026-04-18 06:56:13,700 - INFO - engine.game_state - AI Player 3 revealed a card
2026-04-18 06:56:13,700 - INFO - engine.game_state - Accusation Decision: False
2026-04-18 06:56:13,701 - INFO - engine.game_state - --- AI Player 3 (NegamaxAI) Turn ---
2026-04-18 06:56:13,701 - INFO - engine.game_state - Dice: 9
2026-04-18 06:56:13,709 - INFO - engine.game_state - Move: Academic Building
2026-04-18 06:56:13,803 - INFO - engine.game_state - Suggestion: Suggestion(Suspect=Hashem Sir, Weapon=Anti Cutter, Location=Academic Building)
2026-04-18 06:56:13,803 - INFO - engine.game_state - AI Player 2 revealed a card
2026-04-18 06:56:13,803 - INFO - engine.game_state - Accusation Decision: False
2026-04-18 06:56:13,804 - INFO - engine.game_state - --- AI Player 2 (ExpectiminimaxAI) Turn ---
2026-04-18 06:56:13,804 - INFO - engine.game_state - Dice: 12
2026-04-18 06:56:13,813 - INFO - engine.game_state - Move: Academic Building
2026-04-18 06:56:13,913 - INFO - engine.game_state - Suggestion: Suggestion(Suspect=Hashem Sir, Weapon=Anti Cutter, Location=Academic Building)
2026-04-18 06:56:13,914 - INFO - engine.game_state - No one could disprove
2026-04-18 06:56:13,914 - INFO - engine.game_state - Accusation Decision: False
2026-04-18 06:56:13,914 - INFO - engine.game_state - --- AI Player 3 (NegamaxAI) Turn ---
2026-04-18 06:56:13,914 - INFO - engine.game_state - Dice: 6
2026-04-18 06:56:13,922 - INFO - engine.game_state - Move: Library
2026-04-18 06:56:14,010 - INFO - engine.game_state - Suggestion: Suggestion(Suspect=Hashem Sir, Weapon=Anti Cutter, Location=Library)
2026-04-18 06:56:14,010 - INFO - engine.game_state - AI Player 2 revealed a card
2026-04-18 06:56:14,010 - INFO - engine.game_state - Accusation Decision: False
2026-04-18 06:56:14,011 - INFO - engine.game_state - --- AI Player 2 (ExpectiminimaxAI) Turn ---
2026-04-18 06:56:14,011 - INFO - engine.game_state - Dice: 8
2026-04-18 06:56:14,021 - INFO - engine.game_state - Move: Library
2026-04-18 06:56:14,111 - INFO - engine.game_state - Suggestion: Suggestion(Suspect=Hashem Sir, Weapon=Anti Cutter, Location=Library)
2026-04-18 06:56:14,112 - INFO - engine.game_state - AI Player 3 revealed a card
2026-04-18 06:56:14,112 - INFO - engine.game_state - Accusation Decision: False
2026-04-18 06:56:14,112 - INFO - engine.game_state - --- AI Player 3 (NegamaxAI) Turn ---
2026-04-18 06:56:14,113 - INFO - engine.game_state - Dice: 6
2026-04-18 06:56:14,120 - INFO - engine.game_state - Move: Academic Building
2026-04-18 06:56:14,219 - INFO - engine.game_state - Suggestion: Suggestion(Suspect=Hashem Sir, Weapon=Anti Cutter, Location=Academic Building)
2026-04-18 06:56:14,219 - INFO - engine.game_state - AI Player 2 revealed a card
2026-04-18 06:56:14,219 - INFO - engine.game_state - Accusation Decision: False
2026-04-18 06:56:14,220 - INFO - engine.game_state - --- AI Player 2 (ExpectiminimaxAI) Turn ---
2026-04-18 06:56:14,220 - INFO - engine.game_state - Dice: 6
2026-04-18 06:56:14,226 - INFO - engine.game_state - Move: Academic Building
2026-04-18 06:56:14,339 - INFO - engine.game_state - Suggestion: Suggestion(Suspect=Hashem Sir, Weapon=Anti Cutter, Location=Academic Building)
2026-04-18 06:56:14,339 - INFO - engine.game_state - No one could disprove
2026-04-18 06:56:14,340 - INFO - engine.game_state - Accusation Decision: False
2026-04-18 06:56:14,340 - INFO - engine.game_state - --- AI Player 3 (NegamaxAI) Turn ---
2026-04-18 06:56:14,340 - INFO - engine.game_state - Dice: 2
2026-04-18 06:56:14,342 - INFO - engine.game_state - Move: VC Room
2026-04-18 06:56:14,410 - INFO - engine.game_state - Suggestion: Suggestion(Suspect=Hashem Sir, Weapon=Anti Cutter, Location=VC Room)
2026-04-18 06:56:14,410 - INFO - engine.game_state - AI Player 2 revealed a card
2026-04-18 06:56:14,411 - INFO - engine.game_state - Accusation Decision: False
2026-04-18 06:56:14,411 - INFO - engine.game_state - --- AI Player 2 (ExpectiminimaxAI) Turn ---
2026-04-18 06:56:14,411 - INFO - engine.game_state - Dice: 7
2026-04-18 06:56:14,419 - INFO - engine.game_state - Move: Library
2026-04-18 06:56:14,518 - INFO - engine.game_state - Suggestion: Suggestion(Suspect=Hashem Sir, Weapon=Anti Cutter, Location=Library)
2026-04-18 06:56:14,519 - INFO - engine.game_state - AI Player 3 revealed a card
2026-04-18 06:56:14,519 - INFO - engine.game_state - Accusation Decision: False
2026-04-18 06:56:14,519 - INFO - engine.game_state - --- AI Player 3 (NegamaxAI) Turn ---
2026-04-18 06:56:14,520 - INFO - engine.game_state - Dice: 2
2026-04-18 06:56:14,525 - INFO - engine.game_state - Move: Library
2026-04-18 06:56:14,582 - INFO - engine.game_state - Suggestion: Suggestion(Suspect=Hashem Sir, Weapon=Anti Cutter, Location=Library)
2026-04-18 06:56:14,582 - INFO - engine.game_state - AI Player 2 revealed a card
2026-04-18 06:56:14,582 - INFO - engine.game_state - Accusation Decision: False
2026-04-18 06:56:14,582 - INFO - engine.game_state - --- AI Player 2 (ExpectiminimaxAI) Turn ---
2026-04-18 06:56:14,583 - INFO - engine.game_state - Dice: 4
2026-04-18 06:56:14,590 - INFO - engine.game_state - Move: Academic Building
2026-04-18 06:56:14,687 - INFO - engine.game_state - Suggestion: Suggestion(Suspect=Hashem Sir, Weapon=Anti Cutter, Location=Academic Building)
2026-04-18 06:56:14,688 - INFO - engine.game_state - No one could disprove
2026-04-18 06:56:14,688 - INFO - engine.game_state - Accusation Decision: False
2026-04-18 06:56:14,689 - INFO - engine.game_state - --- AI Player 3 (NegamaxAI) Turn ---
2026-04-18 06:56:14,689 - INFO - engine.game_state - Dice: 2
2026-04-18 06:56:14,693 - INFO - engine.game_state - Move: VC Room
2026-04-18 06:56:14,757 - INFO - engine.game_state - Suggestion: Suggestion(Suspect=Hashem Sir, Weapon=Anti Cutter, Location=VC Room)
2026-04-18 06:56:14,757 - INFO - engine.game_state - AI Player 2 revealed a card
2026-04-18 06:56:14,758 - INFO - engine.game_state - Accusation Decision: False
2026-04-18 06:56:14,758 - INFO - engine.game_state - --- AI Player 2 (ExpectiminimaxAI) Turn ---
2026-04-18 06:56:14,758 - INFO - engine.game_state - Dice: 7
2026-04-18 06:56:14,768 - INFO - engine.game_state - Move: Library
2026-04-18 06:56:14,869 - INFO - engine.game_state - Suggestion: Suggestion(Suspect=Hashem Sir, Weapon=Anti Cutter, Location=Library)
2026-04-18 06:56:14,869 - INFO - engine.game_state - AI Player 3 revealed a card
2026-04-18 06:56:14,869 - INFO - engine.game_state - Accusation Decision: False
2026-04-18 06:56:14,869 - INFO - engine.game_state - --- AI Player 3 (NegamaxAI) Turn ---
2026-04-18 06:56:14,870 - INFO - engine.game_state - Dice: 7
2026-04-18 06:56:14,877 - INFO - engine.game_state - Move: Library
2026-04-18 06:56:14,962 - INFO - engine.game_state - Suggestion: Suggestion(Suspect=Hashem Sir, Weapon=Anti Cutter, Location=Library)
2026-04-18 06:56:14,963 - INFO - engine.game_state - AI Player 2 revealed a card
2026-04-18 06:56:14,963 - INFO - engine.game_state - Accusation Decision: False
2026-04-18 06:56:14,963 - INFO - engine.game_state - --- AI Player 2 (ExpectiminimaxAI) Turn ---
2026-04-18 06:56:14,963 - INFO - engine.game_state - Dice: 9
2026-04-18 06:56:14,969 - INFO - engine.game_state - Move: Academic Building
2026-04-18 06:56:15,075 - INFO - engine.game_state - Suggestion: Suggestion(Suspect=Hashem Sir, Weapon=Anti Cutter, Location=Academic Building)
2026-04-18 06:56:15,075 - INFO - engine.game_state - No one could disprove
2026-04-18 06:56:15,076 - INFO - engine.game_state - Accusation Decision: False
2026-04-18 06:56:15,076 - INFO - engine.game_state - --- AI Player 3 (NegamaxAI) Turn ---
2026-04-18 06:56:15,076 - INFO - engine.game_state - Dice: 10
2026-04-18 06:56:15,088 - INFO - engine.game_state - Move: Academic Building
2026-04-18 06:56:15,188 - INFO - engine.game_state - Suggestion: Suggestion(Suspect=Hashem Sir, Weapon=Anti Cutter, Location=Academic Building)
2026-04-18 06:56:15,189 - INFO - engine.game_state - AI Player 2 revealed a card
2026-04-18 06:56:15,189 - INFO - engine.game_state - Accusation Decision: False
2026-04-18 06:56:15,189 - INFO - engine.game_state - --- AI Player 2 (ExpectiminimaxAI) Turn ---
2026-04-18 06:56:15,189 - INFO - engine.game_state - Dice: 9
2026-04-18 06:56:15,196 - INFO - engine.game_state - Move: Library
2026-04-18 06:56:15,270 - INFO - engine.game_state - Suggestion: Suggestion(Suspect=Hashem Sir, Weapon=Anti Cutter, Location=Library)
2026-04-18 06:56:15,270 - INFO - engine.game_state - AI Player 3 revealed a card
2026-04-18 06:56:15,271 - INFO - engine.game_state - Accusation Decision: False
2026-04-18 06:56:15,271 - INFO - engine.game_state - --- AI Player 3 (NegamaxAI) Turn ---
2026-04-18 06:56:15,271 - INFO - engine.game_state - Dice: 7
2026-04-18 06:56:15,279 - INFO - engine.game_state - Move: Library
2026-04-18 06:56:15,372 - INFO - engine.game_state - Suggestion: Suggestion(Suspect=Hashem Sir, Weapon=Anti Cutter, Location=Library)
2026-04-18 06:56:15,373 - INFO - engine.game_state - AI Player 2 revealed a card
2026-04-18 06:56:15,373 - INFO - engine.game_state - Accusation Decision: False
2026-04-18 06:56:15,374 - INFO - engine.game_state - --- AI Player 2 (ExpectiminimaxAI) Turn ---
2026-04-18 06:56:15,374 - INFO - engine.game_state - Dice: 7
2026-04-18 06:56:15,379 - INFO - engine.game_state - Move: Academic Building
2026-04-18 06:56:15,479 - INFO - engine.game_state - Suggestion: Suggestion(Suspect=Hashem Sir, Weapon=Anti Cutter, Location=Academic Building)
2026-04-18 06:56:15,479 - INFO - engine.game_state - No one could disprove
2026-04-18 06:56:15,479 - INFO - engine.game_state - Accusation Decision: False
2026-04-18 06:56:15,479 - INFO - engine.game_state - --- AI Player 3 (NegamaxAI) Turn ---
2026-04-18 06:56:15,479 - INFO - engine.game_state - Dice: 10
2026-04-18 06:56:15,488 - INFO - engine.game_state - Move: Academic Building
2026-04-18 06:56:15,617 - INFO - engine.game_state - Suggestion: Suggestion(Suspect=Hashem Sir, Weapon=Anti Cutter, Location=Academic Building)
2026-04-18 06:56:15,617 - INFO - engine.game_state - AI Player 2 revealed a card
2026-04-18 06:56:15,617 - INFO - engine.game_state - Accusation Decision: False
2026-04-18 06:56:15,618 - INFO - engine.game_state - --- AI Player 2 (ExpectiminimaxAI) Turn ---
2026-04-18 06:56:15,618 - INFO - engine.game_state - Dice: 9
2026-04-18 06:56:15,629 - INFO - engine.game_state - Move: Library
2026-04-18 06:56:15,721 - INFO - engine.game_state - Suggestion: Suggestion(Suspect=Hashem Sir, Weapon=Anti Cutter, Location=Library)
2026-04-18 06:56:15,722 - INFO - engine.game_state - AI Player 3 revealed a card
2026-04-18 06:56:15,722 - INFO - engine.game_state - Accusation Decision: False
2026-04-18 06:56:15,722 - INFO - engine.game_state - --- AI Player 3 (NegamaxAI) Turn ---
2026-04-18 06:56:15,723 - INFO - engine.game_state - Dice: 9
2026-04-18 06:56:15,732 - INFO - engine.game_state - Move: Library
2026-04-18 06:56:15,817 - INFO - engine.game_state - Suggestion: Suggestion(Suspect=Hashem Sir, Weapon=Anti Cutter, Location=Library)
2026-04-18 06:56:15,817 - INFO - engine.game_state - AI Player 2 revealed a card
2026-04-18 06:56:15,818 - INFO - engine.game_state - Accusation Decision: False
2026-04-18 06:56:15,818 - INFO - engine.game_state - --- AI Player 2 (ExpectiminimaxAI) Turn ---
2026-04-18 06:56:15,818 - INFO - engine.game_state - Dice: 7
2026-04-18 06:56:15,824 - INFO - engine.game_state - Move: Academic Building
2026-04-18 06:56:15,917 - INFO - engine.game_state - Suggestion: Suggestion(Suspect=Hashem Sir, Weapon=Anti Cutter, Location=Academic Building)
2026-04-18 06:56:15,918 - INFO - engine.game_state - No one could disprove
2026-04-18 06:56:15,918 - INFO - engine.game_state - Accusation Decision: False
2026-04-18 06:56:15,918 - INFO - engine.game_state - --- AI Player 3 (NegamaxAI) Turn ---
2026-04-18 06:56:15,918 - INFO - engine.game_state - Dice: 8
2026-04-18 06:56:15,925 - INFO - engine.game_state - Move: Academic Building
2026-04-18 06:56:16,019 - INFO - engine.game_state - Suggestion: Suggestion(Suspect=Hashem Sir, Weapon=Anti Cutter, Location=Academic Building)
2026-04-18 06:56:16,019 - INFO - engine.game_state - AI Player 2 revealed a card
2026-04-18 06:56:16,019 - INFO - engine.game_state - Accusation Decision: False
2026-04-18 06:56:16,019 - INFO - engine.game_state - --- AI Player 2 (ExpectiminimaxAI) Turn ---
2026-04-18 06:56:16,020 - INFO - engine.game_state - Dice: 8
2026-04-18 06:56:16,034 - INFO - engine.game_state - Move: Library
2026-04-18 06:56:16,129 - INFO - engine.game_state - Suggestion: Suggestion(Suspect=Hashem Sir, Weapon=Anti Cutter, Location=Library)
2026-04-18 06:56:16,129 - INFO - engine.game_state - AI Player 3 revealed a card
2026-04-18 06:56:16,129 - INFO - engine.game_state - Accusation Decision: False
2026-04-18 06:56:16,130 - INFO - engine.game_state - --- AI Player 3 (NegamaxAI) Turn ---
2026-04-18 06:56:16,130 - INFO - engine.game_state - Dice: 6
2026-04-18 06:56:16,138 - INFO - engine.game_state - Move: Library
2026-04-18 06:56:16,228 - INFO - engine.game_state - Suggestion: Suggestion(Suspect=Hashem Sir, Weapon=Anti Cutter, Location=Library)
2026-04-18 06:56:16,228 - INFO - engine.game_state - AI Player 2 revealed a card
2026-04-18 06:56:16,228 - INFO - engine.game_state - Accusation Decision: False
2026-04-18 06:56:16,229 - INFO - engine.game_state - --- AI Player 2 (ExpectiminimaxAI) Turn ---
2026-04-18 06:56:16,229 - INFO - engine.game_state - Dice: 7
2026-04-18 06:56:16,236 - INFO - engine.game_state - Move: Academic Building
2026-04-18 06:56:16,332 - INFO - engine.game_state - Suggestion: Suggestion(Suspect=Hashem Sir, Weapon=Anti Cutter, Location=Academic Building)
2026-04-18 06:56:16,332 - INFO - engine.game_state - No one could disprove
2026-04-18 06:56:16,332 - INFO - engine.game_state - Accusation Decision: False
2026-04-18 06:56:16,332 - INFO - engine.game_state - --- AI Player 3 (NegamaxAI) Turn ---
2026-04-18 06:56:16,332 - INFO - engine.game_state - Dice: 2
2026-04-18 06:56:16,335 - INFO - engine.game_state - Move: VC Room
2026-04-18 06:56:16,410 - INFO - engine.game_state - Suggestion: Suggestion(Suspect=Hashem Sir, Weapon=Anti Cutter, Location=VC Room)
2026-04-18 06:56:16,410 - INFO - engine.game_state - AI Player 2 revealed a card
2026-04-18 06:56:16,410 - INFO - engine.game_state - Accusation Decision: False
2026-04-18 06:56:16,410 - INFO - engine.game_state - --- AI Player 2 (ExpectiminimaxAI) Turn ---
2026-04-18 06:56:16,410 - INFO - engine.game_state - Dice: 7
2026-04-18 06:56:16,417 - INFO - engine.game_state - Move: Library
2026-04-18 06:56:16,529 - INFO - engine.game_state - Suggestion: Suggestion(Suspect=Hashem Sir, Weapon=Anti Cutter, Location=Library)
2026-04-18 06:56:16,529 - INFO - engine.game_state - AI Player 3 revealed a card
2026-04-18 06:56:16,530 - INFO - engine.game_state - Accusation Decision: False
2026-04-18 06:56:16,530 - INFO - engine.game_state - --- AI Player 3 (NegamaxAI) Turn ---
2026-04-18 06:56:16,530 - INFO - engine.game_state - Dice: 11
2026-04-18 06:56:16,538 - INFO - engine.game_state - Move: Library
2026-04-18 06:56:16,630 - INFO - engine.game_state - Suggestion: Suggestion(Suspect=Hashem Sir, Weapon=Anti Cutter, Location=Library)
2026-04-18 06:56:16,630 - INFO - engine.game_state - AI Player 2 revealed a card
2026-04-18 06:56:16,631 - INFO - engine.game_state - Accusation Decision: False
2026-04-18 06:56:16,631 - INFO - engine.game_state - --- AI Player 2 (ExpectiminimaxAI) Turn ---
2026-04-18 06:56:16,631 - INFO - engine.game_state - Dice: 5
2026-04-18 06:56:16,640 - INFO - engine.game_state - Move: Academic Building
2026-04-18 06:56:16,742 - INFO - engine.game_state - Suggestion: Suggestion(Suspect=Hashem Sir, Weapon=Anti Cutter, Location=Academic Building)
2026-04-18 06:56:16,743 - INFO - engine.game_state - No one could disprove
2026-04-18 06:56:16,743 - INFO - engine.game_state - Accusation Decision: False
2026-04-18 06:56:16,743 - INFO - engine.game_state - --- AI Player 3 (NegamaxAI) Turn ---
2026-04-18 06:56:16,743 - INFO - engine.game_state - Dice: 7
2026-04-18 06:56:16,752 - INFO - engine.game_state - Move: Academic Building
2026-04-18 06:56:16,846 - INFO - engine.game_state - Suggestion: Suggestion(Suspect=Hashem Sir, Weapon=Anti Cutter, Location=Academic Building)
2026-04-18 06:56:16,846 - INFO - engine.game_state - AI Player 2 revealed a card
2026-04-18 06:56:16,846 - INFO - engine.game_state - Accusation Decision: False
2026-04-18 06:56:16,846 - INFO - engine.game_state - --- AI Player 2 (ExpectiminimaxAI) Turn ---
2026-04-18 06:56:16,847 - INFO - engine.game_state - Dice: 8
2026-04-18 06:56:16,854 - INFO - engine.game_state - Move: Library
2026-04-18 06:56:16,943 - INFO - engine.game_state - Suggestion: Suggestion(Suspect=Hashem Sir, Weapon=Anti Cutter, Location=Library)
2026-04-18 06:56:16,944 - INFO - engine.game_state - AI Player 3 revealed a card
2026-04-18 06:56:16,944 - INFO - engine.game_state - Accusation Decision: False
2026-04-18 06:56:16,944 - INFO - engine.game_state - --- AI Player 3 (NegamaxAI) Turn ---
2026-04-18 06:56:16,944 - INFO - engine.game_state - Dice: 6
2026-04-18 06:56:16,959 - INFO - engine.game_state - Move: Library
2026-04-18 06:56:17,045 - INFO - engine.game_state - Suggestion: Suggestion(Suspect=Hashem Sir, Weapon=Anti Cutter, Location=Library)
2026-04-18 06:56:17,045 - INFO - engine.game_state - AI Player 2 revealed a card
2026-04-18 06:56:17,045 - INFO - engine.game_state - Accusation Decision: False
2026-04-18 06:56:17,046 - INFO - engine.game_state - --- AI Player 2 (ExpectiminimaxAI) Turn ---
2026-04-18 06:56:17,046 - INFO - engine.game_state - Dice: 4
2026-04-18 06:56:17,052 - INFO - engine.game_state - Move: Academic Building
2026-04-18 06:56:17,148 - INFO - engine.game_state - Suggestion: Suggestion(Suspect=Hashem Sir, Weapon=Anti Cutter, Location=Academic Building)
2026-04-18 06:56:17,149 - INFO - engine.game_state - No one could disprove
2026-04-18 06:56:17,149 - INFO - engine.game_state - Accusation Decision: False
2026-04-18 06:56:17,149 - INFO - engine.game_state - --- AI Player 3 (NegamaxAI) Turn ---
2026-04-18 06:56:17,149 - INFO - engine.game_state - Dice: 6
2026-04-18 06:56:17,158 - INFO - engine.game_state - Move: Academic Building
2026-04-18 06:56:17,274 - INFO - engine.game_state - Suggestion: Suggestion(Suspect=Hashem Sir, Weapon=Anti Cutter, Location=Academic Building)
2026-04-18 06:56:17,274 - INFO - engine.game_state - AI Player 2 revealed a card
2026-04-18 06:56:17,274 - INFO - engine.game_state - Accusation Decision: False
2026-04-18 06:56:17,275 - INFO - engine.game_state - --- AI Player 2 (ExpectiminimaxAI) Turn ---
2026-04-18 06:56:17,275 - INFO - engine.game_state - Dice: 5
2026-04-18 06:56:17,285 - INFO - engine.game_state - Move: Library
2026-04-18 06:56:17,379 - INFO - engine.game_state - Suggestion: Suggestion(Suspect=Hashem Sir, Weapon=Anti Cutter, Location=Library)
2026-04-18 06:56:17,379 - INFO - engine.game_state - AI Player 3 revealed a card
2026-04-18 06:56:17,380 - INFO - engine.game_state - Accusation Decision: False
2026-04-18 06:56:17,380 - INFO - engine.game_state - --- AI Player 3 (NegamaxAI) Turn ---
2026-04-18 06:56:17,380 - INFO - engine.game_state - Dice: 2
2026-04-18 06:56:17,383 - INFO - engine.game_state - Move: VC Room
2026-04-18 06:56:17,468 - INFO - engine.game_state - Suggestion: Suggestion(Suspect=Hashem Sir, Weapon=Anti Cutter, Location=VC Room)
2026-04-18 06:56:17,468 - INFO - engine.game_state - AI Player 2 revealed a card
2026-04-18 06:56:17,469 - INFO - engine.game_state - Accusation Decision: False
2026-04-18 06:56:17,469 - INFO - engine.game_state - --- AI Player 2 (ExpectiminimaxAI) Turn ---
2026-04-18 06:56:17,469 - INFO - engine.game_state - Dice: 9
2026-04-18 06:56:17,477 - INFO - engine.game_state - Move: Academic Building
2026-04-18 06:56:17,594 - INFO - engine.game_state - Suggestion: Suggestion(Suspect=Hashem Sir, Weapon=Anti Cutter, Location=Academic Building)
2026-04-18 06:56:17,595 - INFO - engine.game_state - No one could disprove
2026-04-18 06:56:17,595 - INFO - engine.game_state - Accusation Decision: False
2026-04-18 06:56:17,596 - INFO - engine.game_state - --- AI Player 3 (NegamaxAI) Turn ---
2026-04-18 06:56:17,596 - INFO - engine.game_state - Dice: 7
2026-04-18 06:56:17,608 - INFO - engine.game_state - Move: Library
2026-04-18 06:56:17,696 - INFO - engine.game_state - Suggestion: Suggestion(Suspect=Hashem Sir, Weapon=Anti Cutter, Location=Library)
2026-04-18 06:56:17,697 - INFO - engine.game_state - AI Player 2 revealed a card
2026-04-18 06:56:17,697 - INFO - engine.game_state - Accusation Decision: False
2026-04-18 06:56:17,697 - INFO - engine.game_state - --- AI Player 2 (ExpectiminimaxAI) Turn ---
2026-04-18 06:56:17,697 - INFO - engine.game_state - Dice: 8
2026-04-18 06:56:17,704 - INFO - engine.game_state - Move: Library
2026-04-18 06:56:17,789 - INFO - engine.game_state - Suggestion: Suggestion(Suspect=Hashem Sir, Weapon=Anti Cutter, Location=Library)
2026-04-18 06:56:17,790 - INFO - engine.game_state - AI Player 3 revealed a card
2026-04-18 06:56:17,790 - INFO - engine.game_state - Accusation Decision: False
2026-04-18 06:56:17,790 - INFO - engine.game_state - --- AI Player 3 (NegamaxAI) Turn ---
2026-04-18 06:56:17,790 - INFO - engine.game_state - Dice: 7
2026-04-18 06:56:17,801 - INFO - engine.game_state - Move: Academic Building
2026-04-18 06:56:17,905 - INFO - engine.game_state - Suggestion: Suggestion(Suspect=Hashem Sir, Weapon=Anti Cutter, Location=Academic Building)
2026-04-18 06:56:17,905 - INFO - engine.game_state - AI Player 2 revealed a card
2026-04-18 06:56:17,905 - INFO - engine.game_state - Accusation Decision: False
2026-04-18 06:56:17,905 - INFO - engine.game_state - --- AI Player 2 (ExpectiminimaxAI) Turn ---
2026-04-18 06:56:17,905 - INFO - engine.game_state - Dice: 11
2026-04-18 06:56:17,912 - INFO - engine.game_state - Move: Academic Building
2026-04-18 06:56:18,015 - INFO - engine.game_state - Suggestion: Suggestion(Suspect=Hashem Sir, Weapon=Anti Cutter, Location=Academic Building)
2026-04-18 06:56:18,015 - INFO - engine.game_state - No one could disprove
2026-04-18 06:56:18,015 - INFO - engine.game_state - Accusation Decision: False
2026-04-18 06:56:18,015 - INFO - engine.game_state - --- AI Player 3 (NegamaxAI) Turn ---
2026-04-18 06:56:18,015 - INFO - engine.game_state - Dice: 6
2026-04-18 06:56:18,025 - INFO - engine.game_state - Move: Library
2026-04-18 06:56:18,114 - INFO - engine.game_state - Suggestion: Suggestion(Suspect=Hashem Sir, Weapon=Anti Cutter, Location=Library)
2026-04-18 06:56:18,114 - INFO - engine.game_state - AI Player 2 revealed a card
2026-04-18 06:56:18,115 - INFO - engine.game_state - Accusation Decision: False
2026-04-18 06:56:18,115 - INFO - engine.game_state - --- AI Player 2 (ExpectiminimaxAI) Turn ---
2026-04-18 06:56:18,115 - INFO - engine.game_state - Dice: 7
2026-04-18 06:56:18,129 - INFO - engine.game_state - Move: Library
2026-04-18 06:56:18,210 - INFO - engine.game_state - Suggestion: Suggestion(Suspect=Hashem Sir, Weapon=Anti Cutter, Location=Library)
2026-04-18 06:56:18,210 - INFO - engine.game_state - AI Player 3 revealed a card
2026-04-18 06:56:18,211 - INFO - engine.game_state - Accusation Decision: False
2026-04-18 06:56:18,211 - INFO - engine.game_state - --- AI Player 3 (NegamaxAI) Turn ---
2026-04-18 06:56:18,211 - INFO - engine.game_state - Dice: 8
2026-04-18 06:56:18,219 - INFO - engine.game_state - Move: Academic Building
2026-04-18 06:56:18,322 - INFO - engine.game_state - Suggestion: Suggestion(Suspect=Hashem Sir, Weapon=Anti Cutter, Location=Academic Building)
2026-04-18 06:56:18,322 - INFO - engine.game_state - AI Player 2 revealed a card
2026-04-18 06:56:18,322 - INFO - engine.game_state - Accusation Decision: False
2026-04-18 06:56:18,323 - INFO - engine.game_state - --- AI Player 2 (ExpectiminimaxAI) Turn ---
2026-04-18 06:56:18,323 - INFO - engine.game_state - Dice: 3
2026-04-18 06:56:18,327 - INFO - engine.game_state - Move: Pocket Gate
2026-04-18 06:56:18,403 - INFO - engine.game_state - Suggestion: Suggestion(Suspect=Hashem Sir, Weapon=Anti Cutter, Location=Pocket Gate)
2026-04-18 06:56:18,403 - INFO - engine.game_state - No one could disprove
2026-04-18 06:56:18,403 - INFO - engine.game_state - Accusation Decision: False
2026-04-18 06:56:18,404 - INFO - engine.game_state - --- AI Player 3 (NegamaxAI) Turn ---
2026-04-18 06:56:18,404 - INFO - engine.game_state - Dice: 11
2026-04-18 06:56:18,412 - INFO - engine.game_state - Move: Library
2026-04-18 06:56:18,490 - INFO - engine.game_state - Suggestion: Suggestion(Suspect=Hashem Sir, Weapon=Anti Cutter, Location=Library)
2026-04-18 06:56:18,491 - INFO - engine.game_state - AI Player 2 revealed a card
2026-04-18 06:56:18,491 - INFO - engine.game_state - Accusation Decision: False
2026-04-18 06:56:18,491 - INFO - engine.game_state - --- AI Player 2 (ExpectiminimaxAI) Turn ---
2026-04-18 06:56:18,491 - INFO - engine.game_state - Dice: 10
2026-04-18 06:56:18,500 - INFO - engine.game_state - Move: Central Field
2026-04-18 06:56:18,623 - INFO - engine.game_state - Suggestion: Suggestion(Suspect=Hashem Sir, Weapon=Anti Cutter, Location=Central Field)
2026-04-18 06:56:18,623 - INFO - engine.game_state - AI Player 1 revealed a card
2026-04-18 06:56:18,624 - INFO - engine.game_state - Accusation Decision: False
2026-04-18 06:56:18,624 - INFO - engine.game_state - --- AI Player 3 (NegamaxAI) Turn ---
2026-04-18 06:56:18,624 - INFO - engine.game_state - Dice: 7
2026-04-18 06:56:18,637 - INFO - engine.game_state - Move: Academic Building
2026-04-18 06:56:18,751 - INFO - engine.game_state - Suggestion: Suggestion(Suspect=Hashem Sir, Weapon=Anti Cutter, Location=Academic Building)
2026-04-18 06:56:18,752 - INFO - engine.game_state - AI Player 2 revealed a card
2026-04-18 06:56:18,752 - INFO - engine.game_state - Accusation Decision: False
2026-04-18 06:56:18,753 - INFO - engine.game_state - --- AI Player 2 (ExpectiminimaxAI) Turn ---
2026-04-18 06:56:18,753 - INFO - engine.game_state - Dice: 5
2026-04-18 06:56:18,761 - INFO - engine.game_state - Move: Amar Ekushey Hall
2026-04-18 06:56:18,827 - INFO - engine.game_state - Suggestion: Suggestion(Suspect=Hashem Sir, Weapon=Anti Cutter, Location=Amar Ekushey Hall)
2026-04-18 06:56:18,827 - INFO - engine.game_state - AI Player 3 revealed a card
2026-04-18 06:56:18,827 - INFO - engine.game_state - Accusation Decision: False
2026-04-18 06:56:18,827 - INFO - engine.game_state - --- AI Player 3 (NegamaxAI) Turn ---
2026-04-18 06:56:18,828 - INFO - engine.game_state - Dice: 7
2026-04-18 06:56:18,837 - INFO - engine.game_state - Move: Library
2026-04-18 06:56:18,919 - INFO - engine.game_state - Suggestion: Suggestion(Suspect=Hashem Sir, Weapon=Anti Cutter, Location=Library)
2026-04-18 06:56:18,920 - INFO - engine.game_state - AI Player 2 revealed a card
2026-04-18 06:56:18,920 - INFO - engine.game_state - Accusation Decision: False
2026-04-18 06:56:18,920 - INFO - engine.game_state - --- AI Player 2 (ExpectiminimaxAI) Turn ---
2026-04-18 06:56:18,921 - INFO - engine.game_state - Dice: 9
2026-04-18 06:56:18,925 - INFO - engine.game_state - Move: Rokeya Hall
2026-04-18 06:56:19,024 - INFO - engine.game_state - Suggestion: Suggestion(Suspect=Hashem Sir, Weapon=Anti Cutter, Location=Rokeya Hall)
2026-04-18 06:56:19,024 - INFO - engine.game_state - AI Player 3 revealed a card
2026-04-18 06:56:19,024 - INFO - engine.game_state - Accusation Decision: False
2026-04-18 06:56:19,024 - INFO - engine.game_state - --- AI Player 3 (NegamaxAI) Turn ---
2026-04-18 06:56:19,024 - INFO - engine.game_state - Dice: 4
2026-04-18 06:56:19,032 - INFO - engine.game_state - Move: Academic Building
2026-04-18 06:56:19,124 - INFO - engine.game_state - Suggestion: Suggestion(Suspect=Hashem Sir, Weapon=Anti Cutter, Location=Academic Building)
2026-04-18 06:56:19,124 - INFO - engine.game_state - AI Player 2 revealed a card
2026-04-18 06:56:19,124 - INFO - engine.game_state - Accusation Decision: False
2026-04-18 06:56:19,125 - INFO - engine.game_state - --- AI Player 2 (ExpectiminimaxAI) Turn ---
2026-04-18 06:56:19,125 - INFO - engine.game_state - Dice: 6
2026-04-18 06:56:19,133 - INFO - engine.game_state - Move: Pocket Gate
2026-04-18 06:56:19,183 - INFO - engine.game_state - Suggestion: Suggestion(Suspect=Hashem Sir, Weapon=Anti Cutter, Location=Pocket Gate)
2026-04-18 06:56:19,184 - INFO - engine.game_state - No one could disprove
2026-04-18 06:56:19,184 - INFO - engine.game_state - Accusation Decision: False
2026-04-18 06:56:19,184 - INFO - engine.game_state - --- AI Player 3 (NegamaxAI) Turn ---
2026-04-18 06:56:19,184 - INFO - engine.game_state - Dice: 4
2026-04-18 06:56:19,193 - INFO - engine.game_state - Move: Library
2026-04-18 06:56:19,296 - INFO - engine.game_state - Suggestion: Suggestion(Suspect=Hashem Sir, Weapon=Anti Cutter, Location=Library)
2026-04-18 06:56:19,296 - INFO - engine.game_state - AI Player 2 revealed a card
2026-04-18 06:56:19,297 - INFO - engine.game_state - Accusation Decision: False
2026-04-18 06:56:19,297 - INFO - engine.game_state - --- AI Player 2 (ExpectiminimaxAI) Turn ---
2026-04-18 06:56:19,297 - INFO - engine.game_state - Dice: 7
2026-04-18 06:56:19,306 - INFO - engine.game_state - Move: Central Field
2026-04-18 06:56:19,428 - INFO - engine.game_state - Suggestion: Suggestion(Suspect=Hashem Sir, Weapon=Anti Cutter, Location=Central Field)
2026-04-18 06:56:19,429 - INFO - engine.game_state - AI Player 1 revealed a card
2026-04-18 06:56:19,429 - INFO - engine.game_state - Accusation Decision: False
2026-04-18 06:56:19,429 - INFO - engine.game_state - --- AI Player 3 (NegamaxAI) Turn ---
2026-04-18 06:56:19,429 - INFO - engine.game_state - Dice: 4
2026-04-18 06:56:19,436 - INFO - engine.game_state - Move: Academic Building
2026-04-18 06:56:19,536 - INFO - engine.game_state - Suggestion: Suggestion(Suspect=Hashem Sir, Weapon=Anti Cutter, Location=Academic Building)
2026-04-18 06:56:19,537 - INFO - engine.game_state - AI Player 2 revealed a card
2026-04-18 06:56:19,537 - INFO - engine.game_state - Accusation Decision: False
2026-04-18 06:56:19,537 - INFO - engine.game_state - --- AI Player 2 (ExpectiminimaxAI) Turn ---
2026-04-18 06:56:19,537 - INFO - engine.game_state - Dice: 11
2026-04-18 06:56:19,547 - INFO - engine.game_state - Move: Pocket Gate
2026-04-18 06:56:19,612 - INFO - engine.game_state - Suggestion: Suggestion(Suspect=Hashem Sir, Weapon=Anti Cutter, Location=Pocket Gate)
2026-04-18 06:56:19,612 - INFO - engine.game_state - No one could disprove
2026-04-18 06:56:19,612 - INFO - engine.game_state - Accusation Decision: False
2026-04-18 06:56:19,612 - INFO - engine.game_state - --- AI Player 3 (NegamaxAI) Turn ---
2026-04-18 06:56:19,613 - INFO - engine.game_state - Dice: 5
2026-04-18 06:56:19,623 - INFO - engine.game_state - Move: Library
2026-04-18 06:56:19,733 - INFO - engine.game_state - Suggestion: Suggestion(Suspect=Hashem Sir, Weapon=Anti Cutter, Location=Library)
2026-04-18 06:56:19,734 - INFO - engine.game_state - AI Player 2 revealed a card
2026-04-18 06:56:19,734 - INFO - engine.game_state - Accusation Decision: False
2026-04-18 06:56:19,734 - INFO - engine.game_state - --- AI Player 2 (ExpectiminimaxAI) Turn ---
2026-04-18 06:56:19,734 - INFO - engine.game_state - Dice: 6
2026-04-18 06:56:19,742 - INFO - engine.game_state - Move: Central Field
2026-04-18 06:56:19,857 - INFO - engine.game_state - Suggestion: Suggestion(Suspect=Hashem Sir, Weapon=Anti Cutter, Location=Central Field)
2026-04-18 06:56:19,857 - INFO - engine.game_state - AI Player 1 revealed a card
2026-04-18 06:56:19,857 - INFO - engine.game_state - Accusation Decision: False
2026-04-18 06:56:19,857 - INFO - engine.game_state - --- AI Player 3 (NegamaxAI) Turn ---
2026-04-18 06:56:19,857 - INFO - engine.game_state - Dice: 11
2026-04-18 06:56:19,866 - INFO - engine.game_state - Move: Academic Building
2026-04-18 06:56:19,960 - INFO - engine.game_state - Suggestion: Suggestion(Suspect=Hashem Sir, Weapon=Anti Cutter, Location=Academic Building)
2026-04-18 06:56:19,960 - INFO - engine.game_state - AI Player 2 revealed a card
2026-04-18 06:56:19,961 - INFO - engine.game_state - Accusation Decision: False
2026-04-18 06:56:19,961 - INFO - engine.game_state - --- AI Player 2 (ExpectiminimaxAI) Turn ---
2026-04-18 06:56:19,961 - INFO - engine.game_state - Dice: 6
2026-04-18 06:56:19,970 - INFO - engine.game_state - Move: Pocket Gate
2026-04-18 06:56:20,021 - INFO - engine.game_state - Suggestion: Suggestion(Suspect=Hashem Sir, Weapon=Anti Cutter, Location=Pocket Gate)
2026-04-18 06:56:20,021 - INFO - engine.game_state - No one could disprove
2026-04-18 06:56:20,021 - INFO - engine.game_state - Accusation Decision: False
2026-04-18 06:56:20,022 - INFO - engine.game_state - --- AI Player 3 (NegamaxAI) Turn ---
2026-04-18 06:56:20,022 - INFO - engine.game_state - Dice: 8
2026-04-18 06:56:20,031 - INFO - engine.game_state - Move: Library
2026-04-18 06:56:20,120 - INFO - engine.game_state - Suggestion: Suggestion(Suspect=Hashem Sir, Weapon=Anti Cutter, Location=Library)
2026-04-18 06:56:20,121 - INFO - engine.game_state - AI Player 2 revealed a card
2026-04-18 06:56:20,121 - INFO - engine.game_state - Accusation Decision: False
2026-04-18 06:56:20,121 - INFO - engine.game_state - --- AI Player 2 (ExpectiminimaxAI) Turn ---
2026-04-18 06:56:20,121 - INFO - engine.game_state - Dice: 6
2026-04-18 06:56:20,129 - INFO - engine.game_state - Move: Central Field
2026-04-18 06:56:20,240 - INFO - engine.game_state - Suggestion: Suggestion(Suspect=Hashem Sir, Weapon=Anti Cutter, Location=Central Field)
2026-04-18 06:56:20,240 - INFO - engine.game_state - AI Player 1 revealed a card
2026-04-18 06:56:20,240 - INFO - engine.game_state - Accusation Decision: False
2026-04-18 06:56:20,240 - INFO - engine.game_state - --- AI Player 3 (NegamaxAI) Turn ---
2026-04-18 06:56:20,241 - INFO - engine.game_state - Dice: 8
2026-04-18 06:56:20,250 - INFO - engine.game_state - Move: Academic Building
2026-04-18 06:56:20,359 - INFO - engine.game_state - Suggestion: Suggestion(Suspect=Hashem Sir, Weapon=Anti Cutter, Location=Academic Building)
2026-04-18 06:56:20,359 - INFO - engine.game_state - AI Player 2 revealed a card
2026-04-18 06:56:20,359 - INFO - engine.game_state - Accusation Decision: False
2026-04-18 06:56:20,359 - INFO - engine.game_state - --- AI Player 2 (ExpectiminimaxAI) Turn ---
2026-04-18 06:56:20,360 - INFO - engine.game_state - Dice: 8
2026-04-18 06:56:20,368 - INFO - engine.game_state - Move: Pocket Gate
2026-04-18 06:56:20,416 - INFO - engine.game_state - Suggestion: Suggestion(Suspect=Hashem Sir, Weapon=Anti Cutter, Location=Pocket Gate)
2026-04-18 06:56:20,417 - INFO - engine.game_state - No one could disprove
2026-04-18 06:56:20,417 - INFO - engine.game_state - Accusation Decision: False
2026-04-18 06:56:20,417 - INFO - engine.game_state - --- AI Player 3 (NegamaxAI) Turn ---
2026-04-18 06:56:20,417 - INFO - engine.game_state - Dice: 6
2026-04-18 06:56:20,427 - INFO - engine.game_state - Move: Library
2026-04-18 06:56:20,528 - INFO - engine.game_state - Suggestion: Suggestion(Suspect=Hashem Sir, Weapon=Anti Cutter, Location=Library)
2026-04-18 06:56:20,528 - INFO - engine.game_state - AI Player 2 revealed a card
2026-04-18 06:56:20,529 - INFO - engine.game_state - Accusation Decision: False
2026-04-18 06:56:20,529 - INFO - engine.game_state - --- AI Player 2 (ExpectiminimaxAI) Turn ---
2026-04-18 06:56:20,529 - INFO - engine.game_state - Dice: 11
2026-04-18 06:56:20,538 - INFO - engine.game_state - Move: Central Field
2026-04-18 06:56:20,654 - INFO - engine.game_state - Suggestion: Suggestion(Suspect=Hashem Sir, Weapon=Anti Cutter, Location=Central Field)
2026-04-18 06:56:20,654 - INFO - engine.game_state - AI Player 1 revealed a card
2026-04-18 06:56:20,654 - INFO - engine.game_state - Accusation Decision: False
2026-04-18 06:56:20,654 - INFO - engine.game_state - --- AI Player 3 (NegamaxAI) Turn ---
2026-04-18 06:56:20,655 - INFO - engine.game_state - Dice: 5
2026-04-18 06:56:20,662 - INFO - engine.game_state - Move: Academic Building
2026-04-18 06:56:20,775 - INFO - engine.game_state - Suggestion: Suggestion(Suspect=Hashem Sir, Weapon=Anti Cutter, Location=Academic Building)
2026-04-18 06:56:20,775 - INFO - engine.game_state - AI Player 2 revealed a card
2026-04-18 06:56:20,775 - INFO - engine.game_state - Accusation Decision: False
2026-04-18 06:56:20,776 - INFO - engine.game_state - --- AI Player 2 (ExpectiminimaxAI) Turn ---
2026-04-18 06:56:20,776 - INFO - engine.game_state - Dice: 8
2026-04-18 06:56:20,790 - INFO - engine.game_state - Move: Pocket Gate
2026-04-18 06:56:20,857 - INFO - engine.game_state - Suggestion: Suggestion(Suspect=Hashem Sir, Weapon=Anti Cutter, Location=Pocket Gate)
2026-04-18 06:56:20,857 - INFO - engine.game_state - No one could disprove
2026-04-18 06:56:20,857 - INFO - engine.game_state - Accusation Decision: False
2026-04-18 06:56:20,857 - INFO - engine.game_state - --- AI Player 3 (NegamaxAI) Turn ---
2026-04-18 06:56:20,858 - INFO - engine.game_state - Dice: 5
2026-04-18 06:56:20,866 - INFO - engine.game_state - Move: Library
2026-04-18 06:56:20,949 - INFO - engine.game_state - Suggestion: Suggestion(Suspect=Hashem Sir, Weapon=Anti Cutter, Location=Library)
2026-04-18 06:56:20,949 - INFO - engine.game_state - AI Player 2 revealed a card
2026-04-18 06:56:20,950 - INFO - engine.game_state - Accusation Decision: False
2026-04-18 06:56:20,950 - INFO - engine.game_state - --- AI Player 2 (ExpectiminimaxAI) Turn ---
2026-04-18 06:56:20,950 - INFO - engine.game_state - Dice: 8
2026-04-18 06:56:20,957 - INFO - engine.game_state - Move: Central Field
2026-04-18 06:56:21,122 - INFO - engine.game_state - Suggestion: Suggestion(Suspect=Hashem Sir, Weapon=Anti Cutter, Location=Central Field)
2026-04-18 06:56:21,122 - INFO - engine.game_state - AI Player 1 revealed a card
2026-04-18 06:56:21,122 - INFO - engine.game_state - Accusation Decision: False
2026-04-18 06:56:21,122 - INFO - engine.game_state - --- AI Player 3 (NegamaxAI) Turn ---
2026-04-18 06:56:21,122 - INFO - engine.game_state - Dice: 11
2026-04-18 06:56:21,131 - INFO - engine.game_state - Move: Academic Building
2026-04-18 06:56:21,228 - INFO - engine.game_state - Suggestion: Suggestion(Suspect=Hashem Sir, Weapon=Anti Cutter, Location=Academic Building)
2026-04-18 06:56:21,229 - INFO - engine.game_state - AI Player 2 revealed a card
2026-04-18 06:56:21,229 - INFO - engine.game_state - Accusation Decision: False
2026-04-18 06:56:21,229 - INFO - engine.game_state - --- AI Player 2 (ExpectiminimaxAI) Turn ---
2026-04-18 06:56:21,229 - INFO - engine.game_state - Dice: 7
2026-04-18 06:56:21,238 - INFO - engine.game_state - Move: Pocket Gate
2026-04-18 06:56:21,291 - INFO - engine.game_state - Suggestion: Suggestion(Suspect=Hashem Sir, Weapon=Anti Cutter, Location=Pocket Gate)
2026-04-18 06:56:21,292 - INFO - engine.game_state - No one could disprove
2026-04-18 06:56:21,292 - INFO - engine.game_state - Accusation Decision: False
2026-04-18 06:56:21,292 - INFO - engine.game_state - --- AI Player 3 (NegamaxAI) Turn ---
2026-04-18 06:56:21,292 - INFO - engine.game_state - Dice: 7
2026-04-18 06:56:21,302 - INFO - engine.game_state - Move: Library
2026-04-18 06:56:21,396 - INFO - engine.game_state - Suggestion: Suggestion(Suspect=Hashem Sir, Weapon=Anti Cutter, Location=Library)
2026-04-18 06:56:21,396 - INFO - engine.game_state - AI Player 2 revealed a card
2026-04-18 06:56:21,396 - INFO - engine.game_state - Accusation Decision: False
2026-04-18 06:56:21,396 - INFO - engine.game_state - --- AI Player 2 (ExpectiminimaxAI) Turn ---
2026-04-18 06:56:21,396 - INFO - engine.game_state - Dice: 5
2026-04-18 06:56:21,411 - INFO - engine.game_state - Move: Central Field
2026-04-18 06:56:21,547 - INFO - engine.game_state - Suggestion: Suggestion(Suspect=Hashem Sir, Weapon=Anti Cutter, Location=Central Field)
2026-04-18 06:56:21,547 - INFO - engine.game_state - AI Player 1 revealed a card
2026-04-18 06:56:21,547 - INFO - engine.game_state - Accusation Decision: False
2026-04-18 06:56:21,547 - INFO - engine.game_state - --- AI Player 3 (NegamaxAI) Turn ---
2026-04-18 06:56:21,547 - INFO - engine.game_state - Dice: 3
2026-04-18 06:56:21,552 - INFO - engine.game_state - Move: VC Room
2026-04-18 06:56:21,626 - INFO - engine.game_state - Suggestion: Suggestion(Suspect=Hashem Sir, Weapon=Anti Cutter, Location=VC Room)
2026-04-18 06:56:21,627 - INFO - engine.game_state - AI Player 2 revealed a card
2026-04-18 06:56:21,627 - INFO - engine.game_state - Accusation Decision: False
2026-04-18 06:56:21,627 - INFO - engine.game_state - --- AI Player 2 (ExpectiminimaxAI) Turn ---
2026-04-18 06:56:21,628 - INFO - engine.game_state - Dice: 11
2026-04-18 06:56:21,639 - INFO - engine.game_state - Move: Pocket Gate
2026-04-18 06:56:21,693 - INFO - engine.game_state - Suggestion: Suggestion(Suspect=Hashem Sir, Weapon=Anti Cutter, Location=Pocket Gate)
2026-04-18 06:56:21,693 - INFO - engine.game_state - No one could disprove
2026-04-18 06:56:21,693 - INFO - engine.game_state - Accusation Decision: False
2026-04-18 06:56:21,694 - INFO - engine.game_state - --- AI Player 3 (NegamaxAI) Turn ---
2026-04-18 06:56:21,694 - INFO - engine.game_state - Dice: 12
2026-04-18 06:56:21,701 - INFO - engine.game_state - Move: Library
2026-04-18 06:56:21,823 - INFO - engine.game_state - Suggestion: Suggestion(Suspect=Hashem Sir, Weapon=Anti Cutter, Location=Library)
2026-04-18 06:56:21,823 - INFO - engine.game_state - AI Player 2 revealed a card
2026-04-18 06:56:21,824 - INFO - engine.game_state - Accusation Decision: False
2026-04-18 06:56:21,824 - INFO - engine.game_state - --- AI Player 2 (ExpectiminimaxAI) Turn ---
2026-04-18 06:56:21,824 - INFO - engine.game_state - Dice: 4
2026-04-18 06:56:21,833 - INFO - engine.game_state - Move: Central Field
2026-04-18 06:56:21,948 - INFO - engine.game_state - Suggestion: Suggestion(Suspect=Hashem Sir, Weapon=Anti Cutter, Location=Central Field)
2026-04-18 06:56:21,949 - INFO - engine.game_state - AI Player 1 revealed a card
2026-04-18 06:56:21,949 - INFO - engine.game_state - Accusation Decision: False
2026-04-18 06:56:21,949 - INFO - engine.game_state - --- AI Player 3 (NegamaxAI) Turn ---
2026-04-18 06:56:21,949 - INFO - engine.game_state - Dice: 5
2026-04-18 06:56:21,958 - INFO - engine.game_state - Move: Academic Building
2026-04-18 06:56:22,072 - INFO - engine.game_state - Suggestion: Suggestion(Suspect=Hashem Sir, Weapon=Anti Cutter, Location=Academic Building)
2026-04-18 06:56:22,073 - INFO - engine.game_state - AI Player 2 revealed a card
2026-04-18 06:56:22,073 - INFO - engine.game_state - Accusation Decision: False
2026-04-18 06:56:22,073 - INFO - engine.game_state - --- AI Player 2 (ExpectiminimaxAI) Turn ---
2026-04-18 06:56:22,074 - INFO - engine.game_state - Dice: 10
2026-04-18 06:56:22,094 - INFO - engine.game_state - Move: Pocket Gate
2026-04-18 06:56:22,170 - INFO - engine.game_state - Suggestion: Suggestion(Suspect=Hashem Sir, Weapon=Anti Cutter, Location=Pocket Gate)
2026-04-18 06:56:22,171 - INFO - engine.game_state - No one could disprove
2026-04-18 06:56:22,171 - INFO - engine.game_state - Accusation Decision: False
2026-04-18 06:56:22,172 - INFO - engine.game_state - --- AI Player 3 (NegamaxAI) Turn ---
2026-04-18 06:56:22,172 - INFO - engine.game_state - Dice: 4
2026-04-18 06:56:22,181 - INFO - engine.game_state - Move: Library
2026-04-18 06:56:22,263 - INFO - engine.game_state - Suggestion: Suggestion(Suspect=Hashem Sir, Weapon=Anti Cutter, Location=Library)
2026-04-18 06:56:22,264 - INFO - engine.game_state - AI Player 2 revealed a card
2026-04-18 06:56:22,264 - INFO - engine.game_state - Accusation Decision: False
2026-04-18 06:56:22,264 - INFO - engine.game_state - --- AI Player 2 (ExpectiminimaxAI) Turn ---
2026-04-18 06:56:22,265 - INFO - engine.game_state - Dice: 7
2026-04-18 06:56:22,278 - INFO - engine.game_state - Move: Central Field
2026-04-18 06:56:22,402 - INFO - engine.game_state - Suggestion: Suggestion(Suspect=Hashem Sir, Weapon=Anti Cutter, Location=Central Field)
2026-04-18 06:56:22,402 - INFO - engine.game_state - AI Player 1 revealed a card
2026-04-18 06:56:22,403 - INFO - engine.game_state - Accusation Decision: False
2026-04-18 06:56:22,403 - INFO - engine.game_state - --- AI Player 3 (NegamaxAI) Turn ---
2026-04-18 06:56:22,403 - INFO - engine.game_state - Dice: 7
2026-04-18 06:56:22,415 - INFO - engine.game_state - Move: Academic Building
2026-04-18 06:56:22,516 - INFO - engine.game_state - Suggestion: Suggestion(Suspect=Hashem Sir, Weapon=Anti Cutter, Location=Academic Building)
2026-04-18 06:56:22,516 - INFO - engine.game_state - AI Player 2 revealed a card
2026-04-18 06:56:22,517 - INFO - engine.game_state - Accusation Decision: False
2026-04-18 06:56:22,517 - INFO - engine.game_state - --- AI Player 2 (ExpectiminimaxAI) Turn ---
2026-04-18 06:56:22,517 - INFO - engine.game_state - Dice: 8
2026-04-18 06:56:22,531 - INFO - engine.game_state - Move: Pocket Gate
2026-04-18 06:56:22,602 - INFO - engine.game_state - Suggestion: Suggestion(Suspect=Hashem Sir, Weapon=Anti Cutter, Location=Pocket Gate)
2026-04-18 06:56:22,602 - INFO - engine.game_state - No one could disprove
2026-04-18 06:56:22,602 - INFO - engine.game_state - Accusation Decision: False
2026-04-18 06:56:22,602 - INFO - engine.game_state - --- AI Player 3 (NegamaxAI) Turn ---
2026-04-18 06:56:22,602 - INFO - engine.game_state - Dice: 9
2026-04-18 06:56:22,611 - INFO - engine.game_state - Move: Library
2026-04-18 06:56:22,713 - INFO - engine.game_state - Suggestion: Suggestion(Suspect=Hashem Sir, Weapon=Anti Cutter, Location=Library)
2026-04-18 06:56:22,714 - INFO - engine.game_state - AI Player 2 revealed a card
2026-04-18 06:56:22,714 - INFO - engine.game_state - Accusation Decision: False
2026-04-18 06:56:22,714 - INFO - engine.game_state - --- AI Player 2 (ExpectiminimaxAI) Turn ---
2026-04-18 06:56:22,714 - INFO - engine.game_state - Dice: 7
2026-04-18 06:56:22,722 - INFO - engine.game_state - Move: Central Field
2026-04-18 06:56:22,843 - INFO - engine.game_state - Suggestion: Suggestion(Suspect=Hashem Sir, Weapon=Anti Cutter, Location=Central Field)
2026-04-18 06:56:22,844 - INFO - engine.game_state - AI Player 1 revealed a card
2026-04-18 06:56:22,844 - INFO - engine.game_state - Accusation Decision: False
2026-04-18 06:56:22,844 - INFO - engine.game_state - --- AI Player 3 (NegamaxAI) Turn ---
2026-04-18 06:56:22,845 - INFO - engine.game_state - Dice: 6
2026-04-18 06:56:22,855 - INFO - engine.game_state - Move: Academic Building
2026-04-18 06:56:22,992 - INFO - engine.game_state - Suggestion: Suggestion(Suspect=Hashem Sir, Weapon=Anti Cutter, Location=Academic Building)
2026-04-18 06:56:22,992 - INFO - engine.game_state - AI Player 2 revealed a card
2026-04-18 06:56:22,992 - INFO - engine.game_state - Accusation Decision: False
2026-04-18 06:56:22,992 - INFO - engine.game_state - --- AI Player 2 (ExpectiminimaxAI) Turn ---
2026-04-18 06:56:22,993 - INFO - engine.game_state - Dice: 9
2026-04-18 06:56:23,008 - INFO - engine.game_state - Move: Pocket Gate
2026-04-18 06:56:23,072 - INFO - engine.game_state - Suggestion: Suggestion(Suspect=Hashem Sir, Weapon=Anti Cutter, Location=Pocket Gate)
2026-04-18 06:56:23,072 - INFO - engine.game_state - No one could disprove
2026-04-18 06:56:23,072 - INFO - engine.game_state - Accusation Decision: False
2026-04-18 06:56:23,073 - INFO - engine.game_state - --- AI Player 3 (NegamaxAI) Turn ---
2026-04-18 06:56:23,073 - INFO - engine.game_state - Dice: 9
2026-04-18 06:56:23,087 - INFO - engine.game_state - Move: Library
2026-04-18 06:56:23,176 - INFO - engine.game_state - Suggestion: Suggestion(Suspect=Hashem Sir, Weapon=Anti Cutter, Location=Library)
2026-04-18 06:56:23,176 - INFO - engine.game_state - AI Player 2 revealed a card
2026-04-18 06:56:23,177 - INFO - engine.game_state - Accusation Decision: False
2026-04-18 06:56:23,177 - INFO - engine.game_state - --- AI Player 2 (ExpectiminimaxAI) Turn ---
2026-04-18 06:56:23,177 - INFO - engine.game_state - Dice: 2
2026-04-18 06:56:23,181 - INFO - engine.game_state - Move: Central Field
2026-04-18 06:56:23,227 - INFO - engine.game_state - Suggestion: Suggestion(Suspect=Hashem Sir, Weapon=Anti Cutter, Location=Central Field)
2026-04-18 06:56:23,227 - INFO - engine.game_state - AI Player 1 revealed a card
2026-04-18 06:56:23,227 - INFO - engine.game_state - Accusation Decision: False
2026-04-18 06:56:23,227 - INFO - engine.game_state - --- AI Player 3 (NegamaxAI) Turn ---
2026-04-18 06:56:23,227 - INFO - engine.game_state - Dice: 7
2026-04-18 06:56:23,235 - INFO - engine.game_state - Move: Academic Building
2026-04-18 06:56:23,331 - INFO - engine.game_state - Suggestion: Suggestion(Suspect=Hashem Sir, Weapon=Anti Cutter, Location=Academic Building)
2026-04-18 06:56:23,331 - INFO - engine.game_state - AI Player 2 revealed a card
2026-04-18 06:56:23,331 - INFO - engine.game_state - Accusation Decision: False
2026-04-18 06:56:23,331 - INFO - engine.game_state - --- AI Player 2 (ExpectiminimaxAI) Turn ---
2026-04-18 06:56:23,332 - INFO - engine.game_state - Dice: 8
2026-04-18 06:56:23,344 - INFO - engine.game_state - Move: Pocket Gate
2026-04-18 06:56:23,396 - INFO - engine.game_state - Suggestion: Suggestion(Suspect=Hashem Sir, Weapon=Anti Cutter, Location=Pocket Gate)
2026-04-18 06:56:23,396 - INFO - engine.game_state - No one could disprove
2026-04-18 06:56:23,396 - INFO - engine.game_state - Accusation Decision: False
2026-04-18 06:56:23,396 - INFO - engine.game_state - --- AI Player 3 (NegamaxAI) Turn ---
2026-04-18 06:56:23,397 - INFO - engine.game_state - Dice: 5
2026-04-18 06:56:23,406 - INFO - engine.game_state - Move: Library
2026-04-18 06:56:23,505 - INFO - engine.game_state - Suggestion: Suggestion(Suspect=Hashem Sir, Weapon=Anti Cutter, Location=Library)
2026-04-18 06:56:23,505 - INFO - engine.game_state - AI Player 2 revealed a card
2026-04-18 06:56:23,505 - INFO - engine.game_state - Accusation Decision: False
2026-04-18 06:56:23,505 - INFO - engine.game_state - --- AI Player 2 (ExpectiminimaxAI) Turn ---
2026-04-18 06:56:23,505 - INFO - engine.game_state - Dice: 10
2026-04-18 06:56:23,512 - INFO - engine.game_state - Move: Central Field
2026-04-18 06:56:23,668 - INFO - engine.game_state - Suggestion: Suggestion(Suspect=Hashem Sir, Weapon=Anti Cutter, Location=Central Field)
2026-04-18 06:56:23,669 - INFO - engine.game_state - AI Player 1 revealed a card
2026-04-18 06:56:23,669 - INFO - engine.game_state - Accusation Decision: False
2026-04-18 06:56:23,669 - INFO - engine.game_state - --- AI Player 3 (NegamaxAI) Turn ---
2026-04-18 06:56:23,669 - INFO - engine.game_state - Dice: 9
2026-04-18 06:56:23,679 - INFO - engine.game_state - Move: Academic Building
2026-04-18 06:56:23,790 - INFO - engine.game_state - Suggestion: Suggestion(Suspect=Hashem Sir, Weapon=Anti Cutter, Location=Academic Building)
2026-04-18 06:56:23,790 - INFO - engine.game_state - AI Player 2 revealed a card
2026-04-18 06:56:23,790 - INFO - engine.game_state - Accusation Decision: False
2026-04-18 06:56:23,790 - INFO - engine.game_state - --- AI Player 2 (ExpectiminimaxAI) Turn ---
2026-04-18 06:56:23,790 - INFO - engine.game_state - Dice: 7
2026-04-18 06:56:23,800 - INFO - engine.game_state - Move: Pocket Gate
2026-04-18 06:56:23,851 - INFO - engine.game_state - Suggestion: Suggestion(Suspect=Hashem Sir, Weapon=Anti Cutter, Location=Pocket Gate)
2026-04-18 06:56:23,852 - INFO - engine.game_state - No one could disprove
2026-04-18 06:56:23,852 - INFO - engine.game_state - Accusation Decision: False
2026-04-18 06:56:23,852 - INFO - engine.game_state - --- AI Player 3 (NegamaxAI) Turn ---
2026-04-18 06:56:23,852 - INFO - engine.game_state - Dice: 4
2026-04-18 06:56:23,862 - INFO - engine.game_state - Move: Library
2026-04-18 06:56:23,946 - INFO - engine.game_state - Suggestion: Suggestion(Suspect=Hashem Sir, Weapon=Anti Cutter, Location=Library)
2026-04-18 06:56:23,946 - INFO - engine.game_state - AI Player 2 revealed a card
2026-04-18 06:56:23,946 - INFO - engine.game_state - Accusation Decision: False
2026-04-18 06:56:23,946 - INFO - engine.game_state - --- AI Player 2 (ExpectiminimaxAI) Turn ---
2026-04-18 06:56:23,947 - INFO - engine.game_state - Dice: 8
2026-04-18 06:56:23,954 - INFO - engine.game_state - Move: Central Field
2026-04-18 06:56:24,078 - INFO - engine.game_state - Suggestion: Suggestion(Suspect=Hashem Sir, Weapon=Anti Cutter, Location=Central Field)
2026-04-18 06:56:24,078 - INFO - engine.game_state - AI Player 1 revealed a card
2026-04-18 06:56:24,079 - INFO - engine.game_state - Accusation Decision: False
2026-04-18 06:56:24,079 - INFO - engine.game_state - --- AI Player 3 (NegamaxAI) Turn ---
2026-04-18 06:56:24,079 - INFO - engine.game_state - Dice: 7
2026-04-18 06:56:24,086 - INFO - engine.game_state - Move: Academic Building
2026-04-18 06:56:24,205 - INFO - engine.game_state - Suggestion: Suggestion(Suspect=Hashem Sir, Weapon=Anti Cutter, Location=Academic Building)
2026-04-18 06:56:24,205 - INFO - engine.game_state - AI Player 2 revealed a card
2026-04-18 06:56:24,206 - INFO - engine.game_state - Accusation Decision: False
2026-04-18 06:56:24,206 - INFO - engine.game_state - --- AI Player 2 (ExpectiminimaxAI) Turn ---
2026-04-18 06:56:24,206 - INFO - engine.game_state - Dice: 4
2026-04-18 06:56:24,216 - INFO - engine.game_state - Move: Pocket Gate
2026-04-18 06:56:24,301 - INFO - engine.game_state - Suggestion: Suggestion(Suspect=Hashem Sir, Weapon=Anti Cutter, Location=Pocket Gate)
2026-04-18 06:56:24,302 - INFO - engine.game_state - No one could disprove
2026-04-18 06:56:24,302 - INFO - engine.game_state - Accusation Decision: False
2026-04-18 06:56:24,302 - INFO - engine.game_state - --- AI Player 3 (NegamaxAI) Turn ---
2026-04-18 06:56:24,302 - INFO - engine.game_state - Dice: 10
2026-04-18 06:56:24,318 - INFO - engine.game_state - Move: Library
2026-04-18 06:56:24,420 - INFO - engine.game_state - Suggestion: Suggestion(Suspect=Hashem Sir, Weapon=Anti Cutter, Location=Library)
2026-04-18 06:56:24,421 - INFO - engine.game_state - AI Player 2 revealed a card
2026-04-18 06:56:24,421 - INFO - engine.game_state - Accusation Decision: False
2026-04-18 06:56:24,421 - INFO - engine.game_state - --- AI Player 2 (ExpectiminimaxAI) Turn ---
2026-04-18 06:56:24,421 - INFO - engine.game_state - Dice: 7
2026-04-18 06:56:24,435 - INFO - engine.game_state - Move: Central Field
2026-04-18 06:56:24,547 - INFO - engine.game_state - Suggestion: Suggestion(Suspect=Hashem Sir, Weapon=Anti Cutter, Location=Central Field)
2026-04-18 06:56:24,547 - INFO - engine.game_state - AI Player 1 revealed a card
2026-04-18 06:56:24,548 - INFO - engine.game_state - Accusation Decision: False
2026-04-18 06:56:24,548 - INFO - engine.game_state - --- AI Player 3 (NegamaxAI) Turn ---
2026-04-18 06:56:24,548 - INFO - engine.game_state - Dice: 4
2026-04-18 06:56:24,561 - INFO - engine.game_state - Move: Academic Building
2026-04-18 06:56:24,660 - INFO - engine.game_state - Suggestion: Suggestion(Suspect=Hashem Sir, Weapon=Anti Cutter, Location=Academic Building)
2026-04-18 06:56:24,660 - INFO - engine.game_state - AI Player 2 revealed a card
2026-04-18 06:56:24,660 - INFO - engine.game_state - Accusation Decision: False
2026-04-18 06:56:24,661 - INFO - engine.game_state - --- AI Player 2 (ExpectiminimaxAI) Turn ---
2026-04-18 06:56:24,661 - INFO - engine.game_state - Dice: 7
2026-04-18 06:56:24,669 - INFO - engine.game_state - Move: Pocket Gate
2026-04-18 06:56:24,725 - INFO - engine.game_state - Suggestion: Suggestion(Suspect=Hashem Sir, Weapon=Anti Cutter, Location=Pocket Gate)
2026-04-18 06:56:24,726 - INFO - engine.game_state - No one could disprove
2026-04-18 06:56:24,726 - INFO - engine.game_state - Accusation Decision: False
2026-04-18 06:56:24,726 - INFO - engine.game_state - --- AI Player 3 (NegamaxAI) Turn ---
2026-04-18 06:56:24,726 - INFO - engine.game_state - Dice: 7
2026-04-18 06:56:24,736 - INFO - engine.game_state - Move: Library
2026-04-18 06:56:24,845 - INFO - engine.game_state - Suggestion: Suggestion(Suspect=Hashem Sir, Weapon=Anti Cutter, Location=Library)
2026-04-18 06:56:24,845 - INFO - engine.game_state - AI Player 2 revealed a card
2026-04-18 06:56:24,845 - INFO - engine.game_state - Accusation Decision: False
2026-04-18 06:56:24,845 - INFO - engine.game_state - --- AI Player 2 (ExpectiminimaxAI) Turn ---
2026-04-18 06:56:24,845 - INFO - engine.game_state - Dice: 5
2026-04-18 06:56:24,853 - INFO - engine.game_state - Move: Central Field
2026-04-18 06:56:24,962 - INFO - engine.game_state - Suggestion: Suggestion(Suspect=Hashem Sir, Weapon=Anti Cutter, Location=Central Field)
2026-04-18 06:56:24,962 - INFO - engine.game_state - AI Player 1 revealed a card
2026-04-18 06:56:24,963 - INFO - engine.game_state - Accusation Decision: False
2026-04-18 06:56:24,963 - INFO - engine.game_state - --- AI Player 3 (NegamaxAI) Turn ---
2026-04-18 06:56:24,963 - INFO - engine.game_state - Dice: 6
2026-04-18 06:56:24,972 - INFO - engine.game_state - Move: Academic Building
2026-04-18 06:56:25,081 - INFO - engine.game_state - Suggestion: Suggestion(Suspect=Hashem Sir, Weapon=Anti Cutter, Location=Academic Building)
2026-04-18 06:56:25,081 - INFO - engine.game_state - AI Player 2 revealed a card
2026-04-18 06:56:25,082 - INFO - engine.game_state - Accusation Decision: False
2026-04-18 06:56:25,082 - INFO - engine.game_state - --- AI Player 2 (ExpectiminimaxAI) Turn ---
2026-04-18 06:56:25,082 - INFO - engine.game_state - Dice: 8
2026-04-18 06:56:25,094 - INFO - engine.game_state - Move: Pocket Gate
2026-04-18 06:56:25,148 - INFO - engine.game_state - Suggestion: Suggestion(Suspect=Hashem Sir, Weapon=Anti Cutter, Location=Pocket Gate)
2026-04-18 06:56:25,148 - INFO - engine.game_state - No one could disprove
2026-04-18 06:56:25,148 - INFO - engine.game_state - Accusation Decision: False
2026-04-18 06:56:25,148 - INFO - engine.game_state - --- AI Player 3 (NegamaxAI) Turn ---
2026-04-18 06:56:25,149 - INFO - engine.game_state - Dice: 10
2026-04-18 06:56:25,158 - INFO - engine.game_state - Move: Library
2026-04-18 06:56:25,273 - INFO - engine.game_state - Suggestion: Suggestion(Suspect=Hashem Sir, Weapon=Anti Cutter, Location=Library)
2026-04-18 06:56:25,274 - INFO - engine.game_state - AI Player 2 revealed a card
2026-04-18 06:56:25,274 - INFO - engine.game_state - Accusation Decision: False
2026-04-18 06:56:25,274 - INFO - engine.game_state - --- AI Player 2 (ExpectiminimaxAI) Turn ---
2026-04-18 06:56:25,274 - INFO - engine.game_state - Dice: 5
2026-04-18 06:56:25,284 - INFO - engine.game_state - Move: Central Field
2026-04-18 06:56:25,399 - INFO - engine.game_state - Suggestion: Suggestion(Suspect=Hashem Sir, Weapon=Anti Cutter, Location=Central Field)
2026-04-18 06:56:25,399 - INFO - engine.game_state - AI Player 1 revealed a card
2026-04-18 06:56:25,399 - INFO - engine.game_state - Accusation Decision: False
2026-04-18 06:56:25,399 - INFO - engine.game_state - --- AI Player 3 (NegamaxAI) Turn ---
2026-04-18 06:56:25,399 - INFO - engine.game_state - Dice: 10
2026-04-18 06:56:25,407 - INFO - engine.game_state - Move: Academic Building
2026-04-18 06:56:25,499 - INFO - engine.game_state - Suggestion: Suggestion(Suspect=Hashem Sir, Weapon=Anti Cutter, Location=Academic Building)
2026-04-18 06:56:25,499 - INFO - engine.game_state - AI Player 2 revealed a card
2026-04-18 06:56:25,499 - INFO - engine.game_state - Accusation Decision: False
2026-04-18 06:56:25,499 - INFO - engine.game_state - --- AI Player 2 (ExpectiminimaxAI) Turn ---
2026-04-18 06:56:25,500 - INFO - engine.game_state - Dice: 7
2026-04-18 06:56:25,508 - INFO - engine.game_state - Move: Pocket Gate
2026-04-18 06:56:25,560 - INFO - engine.game_state - Suggestion: Suggestion(Suspect=Hashem Sir, Weapon=Anti Cutter, Location=Pocket Gate)
2026-04-18 06:56:25,560 - INFO - engine.game_state - No one could disprove
2026-04-18 06:56:25,560 - INFO - engine.game_state - Accusation Decision: False
2026-04-18 06:56:25,560 - INFO - engine.game_state - --- AI Player 3 (NegamaxAI) Turn ---
2026-04-18 06:56:25,560 - INFO - engine.game_state - Dice: 10
2026-04-18 06:56:25,568 - INFO - engine.game_state - Move: Library
2026-04-18 06:56:25,655 - INFO - engine.game_state - Suggestion: Suggestion(Suspect=Hashem Sir, Weapon=Anti Cutter, Location=Library)
2026-04-18 06:56:25,656 - INFO - engine.game_state - AI Player 2 revealed a card
2026-04-18 06:56:25,656 - INFO - engine.game_state - Accusation Decision: False
2026-04-18 06:56:25,656 - INFO - engine.game_state - --- AI Player 2 (ExpectiminimaxAI) Turn ---
2026-04-18 06:56:25,656 - INFO - engine.game_state - Dice: 7
2026-04-18 06:56:25,664 - INFO - engine.game_state - Move: Central Field
2026-04-18 06:56:25,795 - INFO - engine.game_state - Suggestion: Suggestion(Suspect=Hashem Sir, Weapon=Anti Cutter, Location=Central Field)
2026-04-18 06:56:25,795 - INFO - engine.game_state - AI Player 1 revealed a card
2026-04-18 06:56:25,796 - INFO - engine.game_state - Accusation Decision: False
2026-04-18 06:56:25,796 - INFO - engine.game_state - --- AI Player 3 (NegamaxAI) Turn ---
2026-04-18 06:56:25,796 - INFO - engine.game_state - Dice: 5
2026-04-18 06:56:25,804 - INFO - engine.game_state - Move: Academic Building
2026-04-18 06:56:25,922 - INFO - engine.game_state - Suggestion: Suggestion(Suspect=Hashem Sir, Weapon=Anti Cutter, Location=Academic Building)
2026-04-18 06:56:25,922 - INFO - engine.game_state - AI Player 2 revealed a card
2026-04-18 06:56:25,922 - INFO - engine.game_state - Accusation Decision: False
2026-04-18 06:56:25,923 - INFO - engine.game_state - --- AI Player 2 (ExpectiminimaxAI) Turn ---
2026-04-18 06:56:25,923 - INFO - engine.game_state - Dice: 4
2026-04-18 06:56:25,932 - INFO - engine.game_state - Move: Pocket Gate
2026-04-18 06:56:25,989 - INFO - engine.game_state - Suggestion: Suggestion(Suspect=Hashem Sir, Weapon=Anti Cutter, Location=Pocket Gate)
2026-04-18 06:56:25,989 - INFO - engine.game_state - No one could disprove
2026-04-18 06:56:25,989 - INFO - engine.game_state - Accusation Decision: False
2026-04-18 06:56:25,989 - INFO - engine.game_state - --- AI Player 3 (NegamaxAI) Turn ---
2026-04-18 06:56:25,990 - INFO - engine.game_state - Dice: 11
2026-04-18 06:56:26,000 - INFO - engine.game_state - Move: Library
2026-04-18 06:56:26,083 - INFO - engine.game_state - Suggestion: Suggestion(Suspect=Hashem Sir, Weapon=Anti Cutter, Location=Library)
2026-04-18 06:56:26,083 - INFO - engine.game_state - AI Player 2 revealed a card
2026-04-18 06:56:26,083 - INFO - engine.game_state - Accusation Decision: False
2026-04-18 06:56:26,083 - INFO - engine.game_state - --- AI Player 2 (ExpectiminimaxAI) Turn ---
2026-04-18 06:56:26,084 - INFO - engine.game_state - Dice: 5
2026-04-18 06:56:26,092 - INFO - engine.game_state - Move: Central Field
2026-04-18 06:56:26,242 - INFO - engine.game_state - Suggestion: Suggestion(Suspect=Hashem Sir, Weapon=Anti Cutter, Location=Central Field)
2026-04-18 06:56:26,242 - INFO - engine.game_state - AI Player 1 revealed a card
2026-04-18 06:56:26,242 - INFO - engine.game_state - Accusation Decision: False
2026-04-18 06:56:26,243 - INFO - engine.game_state - --- AI Player 3 (NegamaxAI) Turn ---
2026-04-18 06:56:26,243 - INFO - engine.game_state - Dice: 8
2026-04-18 06:56:26,251 - INFO - engine.game_state - Move: Academic Building
2026-04-18 06:56:26,346 - INFO - engine.game_state - Suggestion: Suggestion(Suspect=Hashem Sir, Weapon=Anti Cutter, Location=Academic Building)
2026-04-18 06:56:26,346 - INFO - engine.game_state - AI Player 2 revealed a card
2026-04-18 06:56:26,346 - INFO - engine.game_state - Accusation Decision: False
2026-04-18 06:56:26,346 - INFO - engine.game_state - --- AI Player 2 (ExpectiminimaxAI) Turn ---
2026-04-18 06:56:26,346 - INFO - engine.game_state - Dice: 2
2026-04-18 06:56:26,347 - INFO - engine.game_state - Move: Pocket Gate
2026-04-18 06:56:26,395 - INFO - engine.game_state - Suggestion: Suggestion(Suspect=Hashem Sir, Weapon=Anti Cutter, Location=Pocket Gate)
2026-04-18 06:56:26,395 - INFO - engine.game_state - No one could disprove
2026-04-18 06:56:26,395 - INFO - engine.game_state - Accusation Decision: False
2026-04-18 06:56:26,396 - INFO - engine.game_state - --- AI Player 3 (NegamaxAI) Turn ---
2026-04-18 06:56:26,396 - INFO - engine.game_state - Dice: 8
2026-04-18 06:56:26,407 - INFO - engine.game_state - Move: Library
2026-04-18 06:56:26,513 - INFO - engine.game_state - Suggestion: Suggestion(Suspect=Hashem Sir, Weapon=Anti Cutter, Location=Library)
2026-04-18 06:56:26,513 - INFO - engine.game_state - AI Player 2 revealed a card
2026-04-18 06:56:26,513 - INFO - engine.game_state - Accusation Decision: False
2026-04-18 06:56:26,513 - INFO - engine.game_state - --- AI Player 2 (ExpectiminimaxAI) Turn ---
2026-04-18 06:56:26,513 - INFO - engine.game_state - Dice: 9
2026-04-18 06:56:26,521 - INFO - engine.game_state - Move: Central Field
2026-04-18 06:56:26,634 - INFO - engine.game_state - Suggestion: Suggestion(Suspect=Hashem Sir, Weapon=Anti Cutter, Location=Central Field)
2026-04-18 06:56:26,634 - INFO - engine.game_state - AI Player 1 revealed a card
2026-04-18 06:56:26,634 - INFO - engine.game_state - Accusation Decision: False
2026-04-18 06:56:26,634 - INFO - engine.game_state - --- AI Player 3 (NegamaxAI) Turn ---
2026-04-18 06:56:26,634 - INFO - engine.game_state - Dice: 3
2026-04-18 06:56:26,639 - INFO - engine.game_state - Move: VC Room
2026-04-18 06:56:26,708 - INFO - engine.game_state - Suggestion: Suggestion(Suspect=Hashem Sir, Weapon=Anti Cutter, Location=VC Room)
2026-04-18 06:56:26,708 - INFO - engine.game_state - AI Player 2 revealed a card
2026-04-18 06:56:26,708 - INFO - engine.game_state - Accusation Decision: False
2026-04-18 06:56:26,709 - INFO - engine.game_state - --- AI Player 2 (ExpectiminimaxAI) Turn ---
2026-04-18 06:56:26,709 - INFO - engine.game_state - Dice: 8
2026-04-18 06:56:26,720 - INFO - engine.game_state - Move: Pocket Gate
2026-04-18 06:56:26,774 - INFO - engine.game_state - Suggestion: Suggestion(Suspect=Hashem Sir, Weapon=Anti Cutter, Location=Pocket Gate)
2026-04-18 06:56:26,775 - INFO - engine.game_state - No one could disprove
2026-04-18 06:56:26,775 - INFO - engine.game_state - Accusation Decision: False
2026-04-18 06:56:26,775 - INFO - engine.game_state - --- AI Player 3 (NegamaxAI) Turn ---
2026-04-18 06:56:26,775 - INFO - engine.game_state - Dice: 11
2026-04-18 06:56:26,783 - INFO - engine.game_state - Move: Library
2026-04-18 06:56:26,874 - INFO - engine.game_state - Suggestion: Suggestion(Suspect=Hashem Sir, Weapon=Anti Cutter, Location=Library)
2026-04-18 06:56:26,874 - INFO - engine.game_state - AI Player 2 revealed a card
2026-04-18 06:56:26,874 - INFO - engine.game_state - Accusation Decision: False
2026-04-18 06:56:26,874 - INFO - engine.game_state - --- AI Player 2 (ExpectiminimaxAI) Turn ---
2026-04-18 06:56:26,874 - INFO - engine.game_state - Dice: 6
2026-04-18 06:56:26,882 - INFO - engine.game_state - Move: Central Field
2026-04-18 06:56:26,994 - INFO - engine.game_state - Suggestion: Suggestion(Suspect=Hashem Sir, Weapon=Anti Cutter, Location=Central Field)
2026-04-18 06:56:26,994 - INFO - engine.game_state - AI Player 1 revealed a card
2026-04-18 06:56:26,995 - INFO - engine.game_state - Accusation Decision: False
2026-04-18 06:56:26,995 - INFO - engine.game_state - --- AI Player 3 (NegamaxAI) Turn ---
2026-04-18 06:56:26,995 - INFO - engine.game_state - Dice: 6
2026-04-18 06:56:27,004 - INFO - engine.game_state - Move: Academic Building
2026-04-18 06:56:27,100 - INFO - engine.game_state - Suggestion: Suggestion(Suspect=Hashem Sir, Weapon=Anti Cutter, Location=Academic Building)
2026-04-18 06:56:27,100 - INFO - engine.game_state - AI Player 2 revealed a card
2026-04-18 06:56:27,100 - INFO - engine.game_state - Accusation Decision: False
2026-04-18 06:56:27,100 - INFO - engine.game_state - --- AI Player 2 (ExpectiminimaxAI) Turn ---
2026-04-18 06:56:27,100 - INFO - engine.game_state - Dice: 5
2026-04-18 06:56:27,109 - INFO - engine.game_state - Move: Pocket Gate
2026-04-18 06:56:27,163 - INFO - engine.game_state - Suggestion: Suggestion(Suspect=Hashem Sir, Weapon=Anti Cutter, Location=Pocket Gate)
2026-04-18 06:56:27,163 - INFO - engine.game_state - No one could disprove
2026-04-18 06:56:27,164 - INFO - engine.game_state - Accusation Decision: False
2026-04-18 06:56:27,164 - INFO - engine.game_state - --- AI Player 3 (NegamaxAI) Turn ---
2026-04-18 06:56:27,164 - INFO - engine.game_state - Dice: 6
2026-04-18 06:56:27,172 - INFO - engine.game_state - Move: Library
2026-04-18 06:56:27,264 - INFO - engine.game_state - Suggestion: Suggestion(Suspect=Hashem Sir, Weapon=Anti Cutter, Location=Library)
2026-04-18 06:56:27,265 - INFO - engine.game_state - AI Player 2 revealed a card
2026-04-18 06:56:27,265 - INFO - engine.game_state - Accusation Decision: False
2026-04-18 06:56:27,266 - INFO - engine.game_state - --- AI Player 2 (ExpectiminimaxAI) Turn ---
2026-04-18 06:56:27,266 - INFO - engine.game_state - Dice: 11
2026-04-18 06:56:27,273 - INFO - engine.game_state - Move: Central Field
2026-04-18 06:56:27,397 - INFO - engine.game_state - Suggestion: Suggestion(Suspect=Hashem Sir, Weapon=Anti Cutter, Location=Central Field)
2026-04-18 06:56:27,397 - INFO - engine.game_state - AI Player 1 revealed a card
2026-04-18 06:56:27,397 - INFO - engine.game_state - Accusation Decision: False
2026-04-18 06:56:27,398 - INFO - engine.game_state - --- AI Player 3 (NegamaxAI) Turn ---
2026-04-18 06:56:27,398 - INFO - engine.game_state - Dice: 9
2026-04-18 06:56:27,412 - INFO - engine.game_state - Move: Academic Building
2026-04-18 06:56:27,543 - INFO - engine.game_state - Suggestion: Suggestion(Suspect=Hashem Sir, Weapon=Anti Cutter, Location=Academic Building)
2026-04-18 06:56:27,544 - INFO - engine.game_state - AI Player 2 revealed a card
2026-04-18 06:56:27,544 - INFO - engine.game_state - Accusation Decision: False
2026-04-18 06:56:27,545 - INFO - engine.game_state - --- AI Player 2 (ExpectiminimaxAI) Turn ---
2026-04-18 06:56:27,545 - INFO - engine.game_state - Dice: 9
2026-04-18 06:56:27,558 - INFO - engine.game_state - Move: Pocket Gate
2026-04-18 06:56:27,608 - INFO - engine.game_state - Suggestion: Suggestion(Suspect=Hashem Sir, Weapon=Anti Cutter, Location=Pocket Gate)
2026-04-18 06:56:27,609 - INFO - engine.game_state - No one could disprove
2026-04-18 06:56:27,609 - INFO - engine.game_state - Accusation Decision: False
2026-04-18 06:56:27,609 - INFO - engine.game_state - --- AI Player 3 (NegamaxAI) Turn ---
2026-04-18 06:56:27,609 - INFO - engine.game_state - Dice: 11
2026-04-18 06:56:27,624 - INFO - engine.game_state - Move: Library
2026-04-18 06:56:27,709 - INFO - engine.game_state - Suggestion: Suggestion(Suspect=Hashem Sir, Weapon=Anti Cutter, Location=Library)
2026-04-18 06:56:27,709 - INFO - engine.game_state - AI Player 2 revealed a card
2026-04-18 06:56:27,709 - INFO - engine.game_state - Accusation Decision: False
2026-04-18 06:56:27,709 - INFO - engine.game_state - --- AI Player 2 (ExpectiminimaxAI) Turn ---
2026-04-18 06:56:27,709 - INFO - engine.game_state - Dice: 2
2026-04-18 06:56:27,713 - INFO - engine.game_state - Move: Central Field
2026-04-18 06:56:27,753 - INFO - engine.game_state - Suggestion: Suggestion(Suspect=Hashem Sir, Weapon=Anti Cutter, Location=Central Field)
2026-04-18 06:56:27,754 - INFO - engine.game_state - AI Player 1 revealed a card
2026-04-18 06:56:27,754 - INFO - engine.game_state - Accusation Decision: False
2026-04-18 06:56:27,754 - INFO - engine.game_state - --- AI Player 3 (NegamaxAI) Turn ---
2026-04-18 06:56:27,754 - INFO - engine.game_state - Dice: 5
2026-04-18 06:56:27,765 - INFO - engine.game_state - Move: Academic Building
2026-04-18 06:56:27,856 - INFO - engine.game_state - Suggestion: Suggestion(Suspect=Hashem Sir, Weapon=Anti Cutter, Location=Academic Building)
2026-04-18 06:56:27,857 - INFO - engine.game_state - AI Player 2 revealed a card
2026-04-18 06:56:27,857 - INFO - engine.game_state - Accusation Decision: False
2026-04-18 06:56:27,857 - INFO - engine.game_state - --- AI Player 2 (ExpectiminimaxAI) Turn ---
2026-04-18 06:56:27,857 - INFO - engine.game_state - Dice: 11
2026-04-18 06:56:27,866 - INFO - engine.game_state - Move: Pocket Gate
2026-04-18 06:56:27,923 - INFO - engine.game_state - Suggestion: Suggestion(Suspect=Hashem Sir, Weapon=Anti Cutter, Location=Pocket Gate)
2026-04-18 06:56:27,923 - INFO - engine.game_state - No one could disprove
2026-04-18 06:56:27,923 - INFO - engine.game_state - Accusation Decision: False
2026-04-18 06:56:27,923 - INFO - engine.game_state - --- AI Player 3 (NegamaxAI) Turn ---
2026-04-18 06:56:27,923 - INFO - engine.game_state - Dice: 7
2026-04-18 06:56:27,932 - INFO - engine.game_state - Move: Library
2026-04-18 06:56:28,026 - INFO - engine.game_state - Suggestion: Suggestion(Suspect=Hashem Sir, Weapon=Anti Cutter, Location=Library)
2026-04-18 06:56:28,026 - INFO - engine.game_state - AI Player 2 revealed a card
2026-04-18 06:56:28,026 - INFO - engine.game_state - Accusation Decision: False
2026-04-18 06:56:28,027 - INFO - engine.game_state - --- AI Player 2 (ExpectiminimaxAI) Turn ---
2026-04-18 06:56:28,027 - INFO - engine.game_state - Dice: 12
2026-04-18 06:56:28,036 - INFO - engine.game_state - Move: Central Field
2026-04-18 06:56:28,150 - INFO - engine.game_state - Suggestion: Suggestion(Suspect=Hashem Sir, Weapon=Anti Cutter, Location=Central Field)
2026-04-18 06:56:28,150 - INFO - engine.game_state - AI Player 1 revealed a card
2026-04-18 06:56:28,150 - INFO - engine.game_state - Accusation Decision: False
2026-04-18 06:56:28,150 - INFO - engine.game_state - --- AI Player 3 (NegamaxAI) Turn ---
2026-04-18 06:56:28,151 - INFO - engine.game_state - Dice: 6
2026-04-18 06:56:28,160 - INFO - engine.game_state - Move: Academic Building
2026-04-18 06:56:28,273 - INFO - engine.game_state - Suggestion: Suggestion(Suspect=Hashem Sir, Weapon=Anti Cutter, Location=Academic Building)
2026-04-18 06:56:28,274 - INFO - engine.game_state - AI Player 2 revealed a card
2026-04-18 06:56:28,274 - INFO - engine.game_state - Accusation Decision: False
2026-04-18 06:56:28,274 - INFO - engine.game_state - --- AI Player 2 (ExpectiminimaxAI) Turn ---
2026-04-18 06:56:28,274 - INFO - engine.game_state - Dice: 9
2026-04-18 06:56:28,283 - INFO - engine.game_state - Move: Pocket Gate
2026-04-18 06:56:28,333 - INFO - engine.game_state - Suggestion: Suggestion(Suspect=Hashem Sir, Weapon=Anti Cutter, Location=Pocket Gate)
2026-04-18 06:56:28,333 - INFO - engine.game_state - No one could disprove
2026-04-18 06:56:28,333 - INFO - engine.game_state - Accusation Decision: False
2026-04-18 06:56:28,333 - INFO - engine.game_state - --- AI Player 3 (NegamaxAI) Turn ---
2026-04-18 06:56:28,333 - INFO - engine.game_state - Dice: 7
2026-04-18 06:56:28,341 - INFO - engine.game_state - Move: Library
2026-04-18 06:56:28,437 - INFO - engine.game_state - Suggestion: Suggestion(Suspect=Hashem Sir, Weapon=Anti Cutter, Location=Library)
2026-04-18 06:56:28,437 - INFO - engine.game_state - AI Player 2 revealed a card
2026-04-18 06:56:28,437 - INFO - engine.game_state - Accusation Decision: False
2026-04-18 06:56:28,437 - INFO - engine.game_state - --- AI Player 2 (ExpectiminimaxAI) Turn ---
2026-04-18 06:56:28,438 - INFO - engine.game_state - Dice: 4
2026-04-18 06:56:28,446 - INFO - engine.game_state - Move: Central Field
2026-04-18 06:56:28,553 - INFO - engine.game_state - Suggestion: Suggestion(Suspect=Hashem Sir, Weapon=Anti Cutter, Location=Central Field)
2026-04-18 06:56:28,554 - INFO - engine.game_state - AI Player 1 revealed a card
2026-04-18 06:56:28,554 - INFO - engine.game_state - Accusation Decision: False
2026-04-18 06:56:28,554 - INFO - engine.game_state - --- AI Player 3 (NegamaxAI) Turn ---
2026-04-18 06:56:28,555 - INFO - engine.game_state - Dice: 3
2026-04-18 06:56:28,559 - INFO - engine.game_state - Move: VC Room
2026-04-18 06:56:28,625 - INFO - engine.game_state - Suggestion: Suggestion(Suspect=Hashem Sir, Weapon=Anti Cutter, Location=VC Room)
2026-04-18 06:56:28,625 - INFO - engine.game_state - AI Player 2 revealed a card
2026-04-18 06:56:28,625 - INFO - engine.game_state - Accusation Decision: False
2026-04-18 06:56:28,625 - INFO - engine.game_state - --- AI Player 2 (ExpectiminimaxAI) Turn ---
2026-04-18 06:56:28,626 - INFO - engine.game_state - Dice: 6
2026-04-18 06:56:28,635 - INFO - engine.game_state - Move: Pocket Gate
2026-04-18 06:56:28,685 - INFO - engine.game_state - Suggestion: Suggestion(Suspect=Hashem Sir, Weapon=Anti Cutter, Location=Pocket Gate)
2026-04-18 06:56:28,685 - INFO - engine.game_state - No one could disprove
2026-04-18 06:56:28,686 - INFO - engine.game_state - Accusation Decision: False
2026-04-18 06:56:28,686 - INFO - engine.game_state - --- AI Player 3 (NegamaxAI) Turn ---
2026-04-18 06:56:28,686 - INFO - engine.game_state - Dice: 6
2026-04-18 06:56:28,694 - INFO - engine.game_state - Move: Library
2026-04-18 06:56:28,791 - INFO - engine.game_state - Suggestion: Suggestion(Suspect=Hashem Sir, Weapon=Anti Cutter, Location=Library)
2026-04-18 06:56:28,792 - INFO - engine.game_state - AI Player 2 revealed a card
2026-04-18 06:56:28,792 - INFO - engine.game_state - Accusation Decision: False
2026-04-18 06:56:28,792 - WARNING - __main__ - Winner: None (turn cap reached)
2026-04-18 06:56:28,792 - INFO - __main__ - === Game 2 ===
2026-04-18 06:56:52,959 - WARNING - __main__ - Winner: None (turn cap reached)
2026-04-18 06:56:52,960 - INFO - __main__ - === Game 3 ===
2026-04-18 06:57:17,566 - WARNING - __main__ - Winner: None (turn cap reached)
2026-04-18 06:57:17,566 - INFO - __main__ - === Game 4 ===
2026-04-18 06:57:42,186 - WARNING - __main__ - Winner: None (turn cap reached)
2026-04-18 06:57:42,186 - INFO - __main__ - === Game 5 ===
2026-04-18 06:58:05,493 - WARNING - __main__ - Winner: None (turn cap reached)
2026-04-18 06:58:05,493 - INFO - __main__ - === Game 6 ===
2026-04-18 06:58:29,530 - WARNING - __main__ - Winner: None (turn cap reached)
2026-04-18 06:58:29,530 - INFO - __main__ - === Game 7 ===
2026-04-18 06:58:49,762 - WARNING - __main__ - Winner: None (turn cap reached)
2026-04-18 06:58:49,762 - INFO - __main__ - === Game 8 ===
2026-04-18 06:59:15,509 - WARNING - __main__ - Winner: None (turn cap reached)
2026-04-18 06:59:15,509 - INFO - __main__ - === Game 9 ===
2026-04-18 06:59:33,490 - WARNING - __main__ - Winner: None (turn cap reached)
2026-04-18 06:59:33,491 - INFO - __main__ - === Game 10 ===
2026-04-18 06:59:55,086 - WARNING - __main__ - Winner: None (turn cap reached)
2026-04-18 06:59:55,087 - INFO - __main__ - ====================================================================
2026-04-18 06:59:55,087 - INFO - __main__ - Final Performance Summary
2026-04-18 06:59:55,087 - INFO - __main__ - ====================================================================
2026-04-18 06:59:55,087 - INFO - __main__ - MinimaxAI:
2026-04-18 06:59:55,087 - INFO - __main__ - Wins: 0
2026-04-18 06:59:55,087 - INFO - __main__ - Win Rate: 0.0%
2026-04-18 06:59:55,087 - INFO - __main__ - Average Moves: 10.10
2026-04-18 06:59:55,088 - INFO - __main__ - Average Decision Time: 0.03600 sec
2026-04-18 06:59:55,088 - INFO - __main__ - ExpectiminimaxAI:
2026-04-18 06:59:55,088 - INFO - __main__ - Wins: 0
2026-04-18 06:59:55,088 - INFO - __main__ - Win Rate: 0.0%
2026-04-18 06:59:55,088 - INFO - __main__ - Average Moves: 120.30
2026-04-18 06:59:55,088 - INFO - __main__ - Average Decision Time: 0.02569 sec
2026-04-18 06:59:55,088 - INFO - __main__ - NegamaxAI:
2026-04-18 06:59:55,088 - INFO - __main__ - Wins: 0
2026-04-18 06:59:55,088 - INFO - __main__ - Win Rate: 0.0%
2026-04-18 06:59:55,088 - INFO - __main__ - Average Moves: 119.60
2026-04-18 06:59:55,088 - INFO - __main__ - Average Decision Time: 0.03545 sec
2026-04-18 06:59:55,088 - INFO - __main__ - No-Winner Games: 10
2026-04-18 06:59:55,088 - INFO - __main__ - Average Game Runtime: 23.1258 sec
2026-04-18 06:59:55,088 - INFO - __main__ - ====================================================================
2026-04-18 07:02:13,760 - INFO - main - ====================================================================
2026-04-18 07:02:13,760 - INFO - main -  Murder in KUET - Minimax vs Expectiminimax vs Negamax Metrics
2026-04-18 07:02:13,761 - INFO - main - ====================================================================
2026-04-18 07:02:13,761 - INFO - main - === Game 1 ===
2026-04-18 07:02:13,761 - INFO - engine.game_state - --- AI Player 1 (MinimaxAI) Turn ---
2026-04-18 07:02:13,761 - INFO - engine.game_state - Dice: 5
2026-04-18 07:02:13,917 - INFO - engine.game_state - Move: Library
2026-04-18 07:02:13,982 - INFO - engine.game_state - Suggestion: Suggestion(Suspect=Hashem Sir, Weapon=Anti Cutter, Location=Library)
2026-04-18 07:02:13,983 - INFO - engine.game_state - AI Player 2 revealed a card
2026-04-18 07:02:13,983 - INFO - engine.game_state - Accusation Decision: False
2026-04-18 07:02:13,984 - INFO - engine.game_state - --- AI Player 2 (ExpectiminimaxAI) Turn ---
2026-04-18 07:02:13,984 - INFO - engine.game_state - Dice: 9
2026-04-18 07:02:13,997 - INFO - engine.game_state - Move: Library
2026-04-18 07:02:14,064 - INFO - engine.game_state - Suggestion: Suggestion(Suspect=Hashem Sir, Weapon=Anti Cutter, Location=Library)
2026-04-18 07:02:14,064 - INFO - engine.game_state - AI Player 3 revealed a card
2026-04-18 07:02:14,065 - INFO - engine.game_state - Accusation Decision: False
2026-04-18 07:02:14,065 - INFO - engine.game_state - --- AI Player 3 (NegamaxAI) Turn ---
2026-04-18 07:02:14,065 - INFO - engine.game_state - Dice: 7
2026-04-18 07:02:14,086 - INFO - engine.game_state - Move: Library
2026-04-18 07:02:14,162 - INFO - engine.game_state - Suggestion: Suggestion(Suspect=Hashem Sir, Weapon=Anti Cutter, Location=Library)
2026-04-18 07:02:14,162 - INFO - engine.game_state - AI Player 2 revealed a card
2026-04-18 07:02:14,162 - INFO - engine.game_state - Accusation Decision: False
2026-04-18 07:02:14,163 - INFO - engine.game_state - --- AI Player 1 (MinimaxAI) Turn ---
2026-04-18 07:02:14,163 - INFO - engine.game_state - Dice: 7
2026-04-18 07:02:14,171 - INFO - engine.game_state - Move: Academic Building
2026-04-18 07:02:14,249 - INFO - engine.game_state - Suggestion: Suggestion(Suspect=Hashem Sir, Weapon=Knife, Location=Academic Building)
2026-04-18 07:02:14,249 - INFO - engine.game_state - No one could disprove
2026-04-18 07:02:14,249 - WARNING - engine.game_state - AI Player 1 eliminated
2026-04-18 07:02:14,250 - INFO - engine.game_state - Accusation Decision: True
2026-04-18 07:02:14,250 - INFO - engine.game_state - --- AI Player 2 (ExpectiminimaxAI) Turn ---
2026-04-18 07:02:14,250 - INFO - engine.game_state - Dice: 11
2026-04-18 07:02:14,255 - INFO - engine.game_state - Move: Academic Building
2026-04-18 07:02:14,336 - INFO - engine.game_state - Suggestion: Suggestion(Suspect=Hashem Sir, Weapon=Anti Cutter, Location=Academic Building)
2026-04-18 07:02:14,337 - INFO - engine.game_state - No one could disprove
2026-04-18 07:02:14,337 - INFO - engine.game_state - Accusation Decision: False
2026-04-18 07:02:14,337 - INFO - engine.game_state - --- AI Player 3 (NegamaxAI) Turn ---
2026-04-18 07:02:14,337 - INFO - engine.game_state - Dice: 7
2026-04-18 07:02:14,344 - INFO - engine.game_state - Move: Academic Building
2026-04-18 07:02:14,423 - INFO - engine.game_state - Suggestion: Suggestion(Suspect=Hashem Sir, Weapon=Anti Cutter, Location=Academic Building)
2026-04-18 07:02:14,423 - INFO - engine.game_state - AI Player 2 revealed a card
2026-04-18 07:02:14,424 - INFO - engine.game_state - Accusation Decision: False
2026-04-18 07:02:14,424 - INFO - engine.game_state - --- AI Player 2 (ExpectiminimaxAI) Turn ---
2026-04-18 07:02:14,424 - INFO - engine.game_state - Dice: 6
2026-04-18 07:02:14,430 - INFO - engine.game_state - Move: IT Park
2026-04-18 07:02:14,480 - INFO - engine.game_state - Suggestion: Suggestion(Suspect=Hashem Sir, Weapon=Anti Cutter, Location=IT Park)
2026-04-18 07:02:14,481 - INFO - engine.game_state - AI Player 1 revealed a card
2026-04-18 07:02:14,481 - INFO - engine.game_state - Accusation Decision: False
2026-04-18 07:02:14,481 - INFO - engine.game_state - --- AI Player 3 (NegamaxAI) Turn ---
2026-04-18 07:02:14,482 - INFO - engine.game_state - Dice: 7
2026-04-18 07:02:14,490 - INFO - engine.game_state - Move: Library
2026-04-18 07:02:14,567 - INFO - engine.game_state - Suggestion: Suggestion(Suspect=Hashem Sir, Weapon=Anti Cutter, Location=Library)
2026-04-18 07:02:14,567 - INFO - engine.game_state - AI Player 2 revealed a card
2026-04-18 07:02:14,567 - INFO - engine.game_state - Accusation Decision: False
2026-04-18 07:02:14,567 - INFO - engine.game_state - --- AI Player 2 (ExpectiminimaxAI) Turn ---
2026-04-18 07:02:14,567 - INFO - engine.game_state - Dice: 12
2026-04-18 07:02:14,571 - INFO - engine.game_state - Move: Academic Building
2026-04-18 07:02:14,651 - INFO - engine.game_state - Suggestion: Suggestion(Suspect=Hashem Sir, Weapon=Anti Cutter, Location=Academic Building)
2026-04-18 07:02:14,651 - INFO - engine.game_state - No one could disprove
2026-04-18 07:02:14,652 - INFO - engine.game_state - Accusation Decision: False
2026-04-18 07:02:14,652 - INFO - engine.game_state - --- AI Player 3 (NegamaxAI) Turn ---
2026-04-18 07:02:14,652 - INFO - engine.game_state - Dice: 11
2026-04-18 07:02:14,658 - INFO - engine.game_state - Move: Academic Building
2026-04-18 07:02:14,741 - INFO - engine.game_state - Suggestion: Suggestion(Suspect=Hashem Sir, Weapon=Anti Cutter, Location=Academic Building)
2026-04-18 07:02:14,741 - INFO - engine.game_state - AI Player 2 revealed a card
2026-04-18 07:02:14,741 - INFO - engine.game_state - Accusation Decision: False
2026-04-18 07:02:14,742 - INFO - engine.game_state - --- AI Player 2 (ExpectiminimaxAI) Turn ---
2026-04-18 07:02:14,742 - INFO - engine.game_state - Dice: 7
2026-04-18 07:02:14,748 - INFO - engine.game_state - Move: Cafeteria
2026-04-18 07:02:14,800 - INFO - engine.game_state - Suggestion: Suggestion(Suspect=Hashem Sir, Weapon=Anti Cutter, Location=Cafeteria)
2026-04-18 07:02:14,801 - INFO - engine.game_state - AI Player 1 revealed a card
2026-04-18 07:02:14,801 - INFO - engine.game_state - Accusation Decision: False
2026-04-18 07:02:14,801 - INFO - engine.game_state - --- AI Player 3 (NegamaxAI) Turn ---
2026-04-18 07:02:14,801 - INFO - engine.game_state - Dice: 7
2026-04-18 07:02:14,808 - INFO - engine.game_state - Move: Library
2026-04-18 07:02:14,882 - INFO - engine.game_state - Suggestion: Suggestion(Suspect=Hashem Sir, Weapon=Anti Cutter, Location=Library)
2026-04-18 07:02:14,882 - INFO - engine.game_state - AI Player 2 revealed a card
2026-04-18 07:02:14,883 - INFO - engine.game_state - Accusation Decision: False
2026-04-18 07:02:14,883 - INFO - engine.game_state - --- AI Player 2 (ExpectiminimaxAI) Turn ---
2026-04-18 07:02:14,883 - INFO - engine.game_state - Dice: 5
2026-04-18 07:02:14,887 - INFO - engine.game_state - Move: Academic Building
2026-04-18 07:02:14,969 - INFO - engine.game_state - Suggestion: Suggestion(Suspect=Hashem Sir, Weapon=Anti Cutter, Location=Academic Building)
2026-04-18 07:02:14,969 - INFO - engine.game_state - No one could disprove
2026-04-18 07:02:14,970 - INFO - engine.game_state - Accusation Decision: False
2026-04-18 07:02:14,970 - INFO - engine.game_state - --- AI Player 3 (NegamaxAI) Turn ---
2026-04-18 07:02:14,970 - INFO - engine.game_state - Dice: 10
2026-04-18 07:02:14,976 - INFO - engine.game_state - Move: Academic Building
2026-04-18 07:02:15,058 - INFO - engine.game_state - Suggestion: Suggestion(Suspect=Hashem Sir, Weapon=Anti Cutter, Location=Academic Building)
2026-04-18 07:02:15,058 - INFO - engine.game_state - AI Player 2 revealed a card
2026-04-18 07:02:15,058 - INFO - engine.game_state - Accusation Decision: False
2026-04-18 07:02:15,059 - INFO - engine.game_state - --- AI Player 2 (ExpectiminimaxAI) Turn ---
2026-04-18 07:02:15,059 - INFO - engine.game_state - Dice: 5
2026-04-18 07:02:15,065 - INFO - engine.game_state - Move: VC Room
2026-04-18 07:02:15,130 - INFO - engine.game_state - Suggestion: Suggestion(Suspect=Hashem Sir, Weapon=Anti Cutter, Location=VC Room)
2026-04-18 07:02:15,130 - INFO - engine.game_state - AI Player 3 revealed a card
2026-04-18 07:02:15,131 - INFO - engine.game_state - Accusation Decision: False
2026-04-18 07:02:15,131 - INFO - engine.game_state - --- AI Player 3 (NegamaxAI) Turn ---
2026-04-18 07:02:15,131 - INFO - engine.game_state - Dice: 9
2026-04-18 07:02:15,138 - INFO - engine.game_state - Move: Library
2026-04-18 07:02:15,211 - INFO - engine.game_state - Suggestion: Suggestion(Suspect=Hashem Sir, Weapon=Anti Cutter, Location=Library)
2026-04-18 07:02:15,211 - INFO - engine.game_state - AI Player 2 revealed a card
2026-04-18 07:02:15,212 - INFO - engine.game_state - Accusation Decision: False
2026-04-18 07:02:15,212 - INFO - engine.game_state - --- AI Player 2 (ExpectiminimaxAI) Turn ---
2026-04-18 07:02:15,212 - INFO - engine.game_state - Dice: 9
2026-04-18 07:02:15,217 - INFO - engine.game_state - Move: Academic Building
2026-04-18 07:02:15,297 - INFO - engine.game_state - Suggestion: Suggestion(Suspect=Hashem Sir, Weapon=Anti Cutter, Location=Academic Building)
2026-04-18 07:02:15,297 - INFO - engine.game_state - No one could disprove
2026-04-18 07:02:15,297 - INFO - engine.game_state - Accusation Decision: False
2026-04-18 07:02:15,297 - INFO - engine.game_state - --- AI Player 3 (NegamaxAI) Turn ---
2026-04-18 07:02:15,297 - INFO - engine.game_state - Dice: 9
2026-04-18 07:02:15,304 - INFO - engine.game_state - Move: Academic Building
2026-04-18 07:02:15,386 - INFO - engine.game_state - Suggestion: Suggestion(Suspect=Hashem Sir, Weapon=Anti Cutter, Location=Academic Building)
2026-04-18 07:02:15,387 - INFO - engine.game_state - AI Player 2 revealed a card
2026-04-18 07:02:15,387 - INFO - engine.game_state - Accusation Decision: False
2026-04-18 07:02:15,387 - INFO - engine.game_state - --- AI Player 2 (ExpectiminimaxAI) Turn ---
2026-04-18 07:02:15,388 - INFO - engine.game_state - Dice: 7
2026-04-18 07:02:15,394 - INFO - engine.game_state - Move: Library
2026-04-18 07:02:15,460 - INFO - engine.game_state - Suggestion: Suggestion(Suspect=Hashem Sir, Weapon=Anti Cutter, Location=Library)
2026-04-18 07:02:15,460 - INFO - engine.game_state - AI Player 3 revealed a card
2026-04-18 07:02:15,460 - INFO - engine.game_state - Accusation Decision: False
2026-04-18 07:02:15,460 - INFO - engine.game_state - --- AI Player 3 (NegamaxAI) Turn ---
2026-04-18 07:02:15,460 - INFO - engine.game_state - Dice: 7
2026-04-18 07:02:15,468 - INFO - engine.game_state - Move: Library
2026-04-18 07:02:15,545 - INFO - engine.game_state - Suggestion: Suggestion(Suspect=Hashem Sir, Weapon=Anti Cutter, Location=Library)
2026-04-18 07:02:15,545 - INFO - engine.game_state - AI Player 2 revealed a card
2026-04-18 07:02:15,546 - INFO - engine.game_state - Accusation Decision: False
2026-04-18 07:02:15,546 - INFO - engine.game_state - --- AI Player 2 (ExpectiminimaxAI) Turn ---
2026-04-18 07:02:15,546 - INFO - engine.game_state - Dice: 11
2026-04-18 07:02:15,551 - INFO - engine.game_state - Move: Academic Building
2026-04-18 07:02:15,628 - INFO - engine.game_state - Suggestion: Suggestion(Suspect=Hashem Sir, Weapon=Anti Cutter, Location=Academic Building)
2026-04-18 07:02:15,629 - INFO - engine.game_state - No one could disprove
2026-04-18 07:02:15,629 - INFO - engine.game_state - Accusation Decision: False
2026-04-18 07:02:15,630 - INFO - engine.game_state - --- AI Player 3 (NegamaxAI) Turn ---
2026-04-18 07:02:15,630 - INFO - engine.game_state - Dice: 8
2026-04-18 07:02:15,637 - INFO - engine.game_state - Move: Academic Building
2026-04-18 07:02:15,715 - INFO - engine.game_state - Suggestion: Suggestion(Suspect=Hashem Sir, Weapon=Anti Cutter, Location=Academic Building)
2026-04-18 07:02:15,716 - INFO - engine.game_state - AI Player 2 revealed a card
2026-04-18 07:02:15,716 - INFO - engine.game_state - Accusation Decision: False
2026-04-18 07:02:15,717 - INFO - engine.game_state - --- AI Player 2 (ExpectiminimaxAI) Turn ---
2026-04-18 07:02:15,717 - INFO - engine.game_state - Dice: 6
2026-04-18 07:02:15,724 - INFO - engine.game_state - Move: Library
2026-04-18 07:02:15,789 - INFO - engine.game_state - Suggestion: Suggestion(Suspect=Hashem Sir, Weapon=Anti Cutter, Location=Library)
2026-04-18 07:02:15,789 - INFO - engine.game_state - AI Player 3 revealed a card
2026-04-18 07:02:15,790 - INFO - engine.game_state - Accusation Decision: False
2026-04-18 07:02:15,790 - INFO - engine.game_state - --- AI Player 3 (NegamaxAI) Turn ---
2026-04-18 07:02:15,790 - INFO - engine.game_state - Dice: 12
2026-04-18 07:02:15,798 - INFO - engine.game_state - Move: Library
2026-04-18 07:02:15,869 - INFO - engine.game_state - Suggestion: Suggestion(Suspect=Hashem Sir, Weapon=Anti Cutter, Location=Library)
2026-04-18 07:02:15,870 - INFO - engine.game_state - AI Player 2 revealed a card
2026-04-18 07:02:15,870 - INFO - engine.game_state - Accusation Decision: False
2026-04-18 07:02:15,870 - INFO - engine.game_state - --- AI Player 2 (ExpectiminimaxAI) Turn ---
2026-04-18 07:02:15,870 - INFO - engine.game_state - Dice: 10
2026-04-18 07:02:15,875 - INFO - engine.game_state - Move: Academic Building
2026-04-18 07:02:15,956 - INFO - engine.game_state - Suggestion: Suggestion(Suspect=Hashem Sir, Weapon=Anti Cutter, Location=Academic Building)
2026-04-18 07:02:15,957 - INFO - engine.game_state - No one could disprove
2026-04-18 07:02:15,957 - INFO - engine.game_state - Accusation Decision: False
2026-04-18 07:02:15,957 - INFO - engine.game_state - --- AI Player 3 (NegamaxAI) Turn ---
2026-04-18 07:02:15,957 - INFO - engine.game_state - Dice: 11
2026-04-18 07:02:15,964 - INFO - engine.game_state - Move: Academic Building
2026-04-18 07:02:16,045 - INFO - engine.game_state - Suggestion: Suggestion(Suspect=Hashem Sir, Weapon=Anti Cutter, Location=Academic Building)
2026-04-18 07:02:16,045 - INFO - engine.game_state - AI Player 2 revealed a card
2026-04-18 07:02:16,046 - INFO - engine.game_state - Accusation Decision: False
2026-04-18 07:02:16,046 - INFO - engine.game_state - --- AI Player 2 (ExpectiminimaxAI) Turn ---
2026-04-18 07:02:16,046 - INFO - engine.game_state - Dice: 9
2026-04-18 07:02:16,053 - INFO - engine.game_state - Move: Library
2026-04-18 07:02:16,120 - INFO - engine.game_state - Suggestion: Suggestion(Suspect=Hashem Sir, Weapon=Anti Cutter, Location=Library)
2026-04-18 07:02:16,121 - INFO - engine.game_state - AI Player 3 revealed a card
2026-04-18 07:02:16,121 - INFO - engine.game_state - Accusation Decision: False
2026-04-18 07:02:16,121 - INFO - engine.game_state - --- AI Player 3 (NegamaxAI) Turn ---
2026-04-18 07:02:16,121 - INFO - engine.game_state - Dice: 11
2026-04-18 07:02:16,129 - INFO - engine.game_state - Move: Library
2026-04-18 07:02:16,202 - INFO - engine.game_state - Suggestion: Suggestion(Suspect=Hashem Sir, Weapon=Anti Cutter, Location=Library)
2026-04-18 07:02:16,203 - INFO - engine.game_state - AI Player 2 revealed a card
2026-04-18 07:02:16,203 - INFO - engine.game_state - Accusation Decision: False
2026-04-18 07:02:16,203 - INFO - engine.game_state - --- AI Player 2 (ExpectiminimaxAI) Turn ---
2026-04-18 07:02:16,203 - INFO - engine.game_state - Dice: 8
2026-04-18 07:02:16,208 - INFO - engine.game_state - Move: Academic Building
2026-04-18 07:02:16,287 - INFO - engine.game_state - Suggestion: Suggestion(Suspect=Hashem Sir, Weapon=Anti Cutter, Location=Academic Building)
2026-04-18 07:02:16,288 - INFO - engine.game_state - No one could disprove
2026-04-18 07:02:16,288 - INFO - engine.game_state - Accusation Decision: False
2026-04-18 07:02:16,288 - INFO - engine.game_state - --- AI Player 3 (NegamaxAI) Turn ---
2026-04-18 07:02:16,288 - INFO - engine.game_state - Dice: 5
2026-04-18 07:02:16,294 - INFO - engine.game_state - Move: Academic Building
2026-04-18 07:02:16,372 - INFO - engine.game_state - Suggestion: Suggestion(Suspect=Hashem Sir, Weapon=Anti Cutter, Location=Academic Building)
2026-04-18 07:02:16,373 - INFO - engine.game_state - AI Player 2 revealed a card
2026-04-18 07:02:16,373 - INFO - engine.game_state - Accusation Decision: False
2026-04-18 07:02:16,373 - INFO - engine.game_state - --- AI Player 2 (ExpectiminimaxAI) Turn ---
2026-04-18 07:02:16,374 - INFO - engine.game_state - Dice: 2
2026-04-18 07:02:16,376 - INFO - engine.game_state - Move: VC Room
2026-04-18 07:02:16,441 - INFO - engine.game_state - Suggestion: Suggestion(Suspect=Hashem Sir, Weapon=Anti Cutter, Location=VC Room)
2026-04-18 07:02:16,441 - INFO - engine.game_state - AI Player 3 revealed a card
2026-04-18 07:02:16,441 - INFO - engine.game_state - Accusation Decision: False
2026-04-18 07:02:16,442 - INFO - engine.game_state - --- AI Player 3 (NegamaxAI) Turn ---
2026-04-18 07:02:16,442 - INFO - engine.game_state - Dice: 11
2026-04-18 07:02:16,449 - INFO - engine.game_state - Move: Library
2026-04-18 07:02:16,521 - INFO - engine.game_state - Suggestion: Suggestion(Suspect=Hashem Sir, Weapon=Anti Cutter, Location=Library)
2026-04-18 07:02:16,521 - INFO - engine.game_state - AI Player 2 revealed a card
2026-04-18 07:02:16,522 - INFO - engine.game_state - Accusation Decision: False
2026-04-18 07:02:16,522 - INFO - engine.game_state - --- AI Player 2 (ExpectiminimaxAI) Turn ---
2026-04-18 07:02:16,522 - INFO - engine.game_state - Dice: 9
2026-04-18 07:02:16,527 - INFO - engine.game_state - Move: Academic Building
2026-04-18 07:02:16,626 - INFO - engine.game_state - Suggestion: Suggestion(Suspect=Hashem Sir, Weapon=Anti Cutter, Location=Academic Building)
2026-04-18 07:02:16,626 - INFO - engine.game_state - No one could disprove
2026-04-18 07:02:16,626 - INFO - engine.game_state - Accusation Decision: False
2026-04-18 07:02:16,627 - INFO - engine.game_state - --- AI Player 3 (NegamaxAI) Turn ---
2026-04-18 07:02:16,627 - INFO - engine.game_state - Dice: 5
2026-04-18 07:02:16,640 - INFO - engine.game_state - Move: Academic Building
2026-04-18 07:02:16,743 - INFO - engine.game_state - Suggestion: Suggestion(Suspect=Hashem Sir, Weapon=Anti Cutter, Location=Academic Building)
2026-04-18 07:02:16,743 - INFO - engine.game_state - AI Player 2 revealed a card
2026-04-18 07:02:16,743 - INFO - engine.game_state - Accusation Decision: False
2026-04-18 07:02:16,743 - INFO - engine.game_state - --- AI Player 2 (ExpectiminimaxAI) Turn ---
2026-04-18 07:02:16,744 - INFO - engine.game_state - Dice: 10
2026-04-18 07:02:16,757 - INFO - engine.game_state - Move: Library
2026-04-18 07:02:16,854 - INFO - engine.game_state - Suggestion: Suggestion(Suspect=Hashem Sir, Weapon=Anti Cutter, Location=Library)
2026-04-18 07:02:16,854 - INFO - engine.game_state - AI Player 3 revealed a card
2026-04-18 07:02:16,854 - INFO - engine.game_state - Accusation Decision: False
2026-04-18 07:02:16,855 - INFO - engine.game_state - --- AI Player 3 (NegamaxAI) Turn ---
2026-04-18 07:02:16,855 - INFO - engine.game_state - Dice: 9
2026-04-18 07:02:16,863 - INFO - engine.game_state - Move: Library
2026-04-18 07:02:16,952 - INFO - engine.game_state - Suggestion: Suggestion(Suspect=Hashem Sir, Weapon=Anti Cutter, Location=Library)
2026-04-18 07:02:16,953 - INFO - engine.game_state - AI Player 2 revealed a card
2026-04-18 07:02:16,953 - INFO - engine.game_state - Accusation Decision: False
2026-04-18 07:02:16,953 - INFO - engine.game_state - --- AI Player 2 (ExpectiminimaxAI) Turn ---
2026-04-18 07:02:16,953 - INFO - engine.game_state - Dice: 11
2026-04-18 07:02:16,960 - INFO - engine.game_state - Move: Academic Building
2026-04-18 07:02:17,079 - INFO - engine.game_state - Suggestion: Suggestion(Suspect=Hashem Sir, Weapon=Anti Cutter, Location=Academic Building)
2026-04-18 07:02:17,079 - INFO - engine.game_state - No one could disprove
2026-04-18 07:02:17,079 - INFO - engine.game_state - Accusation Decision: False
2026-04-18 07:02:17,080 - INFO - engine.game_state - --- AI Player 3 (NegamaxAI) Turn ---
2026-04-18 07:02:17,080 - INFO - engine.game_state - Dice: 4
2026-04-18 07:02:17,090 - INFO - engine.game_state - Move: Academic Building
2026-04-18 07:02:17,206 - INFO - engine.game_state - Suggestion: Suggestion(Suspect=Hashem Sir, Weapon=Anti Cutter, Location=Academic Building)
2026-04-18 07:02:17,207 - INFO - engine.game_state - AI Player 2 revealed a card
2026-04-18 07:02:17,207 - INFO - engine.game_state - Accusation Decision: False
2026-04-18 07:02:17,207 - INFO - engine.game_state - --- AI Player 2 (ExpectiminimaxAI) Turn ---
2026-04-18 07:02:17,207 - INFO - engine.game_state - Dice: 5
2026-04-18 07:02:17,215 - INFO - engine.game_state - Move: Library
2026-04-18 07:02:17,295 - INFO - engine.game_state - Suggestion: Suggestion(Suspect=Hashem Sir, Weapon=Anti Cutter, Location=Library)
2026-04-18 07:02:17,295 - INFO - engine.game_state - AI Player 3 revealed a card
2026-04-18 07:02:17,296 - INFO - engine.game_state - Accusation Decision: False
2026-04-18 07:02:17,296 - INFO - engine.game_state - --- AI Player 3 (NegamaxAI) Turn ---
2026-04-18 07:02:17,296 - INFO - engine.game_state - Dice: 12
2026-04-18 07:02:17,308 - INFO - engine.game_state - Move: Library
2026-04-18 07:02:17,398 - INFO - engine.game_state - Suggestion: Suggestion(Suspect=Hashem Sir, Weapon=Anti Cutter, Location=Library)
2026-04-18 07:02:17,398 - INFO - engine.game_state - AI Player 2 revealed a card
2026-04-18 07:02:17,399 - INFO - engine.game_state - Accusation Decision: False
2026-04-18 07:02:17,399 - INFO - engine.game_state - --- AI Player 2 (ExpectiminimaxAI) Turn ---
2026-04-18 07:02:17,399 - INFO - engine.game_state - Dice: 6
2026-04-18 07:02:17,407 - INFO - engine.game_state - Move: Academic Building
2026-04-18 07:02:17,533 - INFO - engine.game_state - Suggestion: Suggestion(Suspect=Hashem Sir, Weapon=Anti Cutter, Location=Academic Building)
2026-04-18 07:02:17,534 - INFO - engine.game_state - No one could disprove
2026-04-18 07:02:17,534 - INFO - engine.game_state - Accusation Decision: False
2026-04-18 07:02:17,534 - INFO - engine.game_state - --- AI Player 3 (NegamaxAI) Turn ---
2026-04-18 07:02:17,535 - INFO - engine.game_state - Dice: 10
2026-04-18 07:02:17,548 - INFO - engine.game_state - Move: Academic Building
2026-04-18 07:02:17,661 - INFO - engine.game_state - Suggestion: Suggestion(Suspect=Hashem Sir, Weapon=Anti Cutter, Location=Academic Building)
2026-04-18 07:02:17,661 - INFO - engine.game_state - AI Player 2 revealed a card
2026-04-18 07:02:17,661 - INFO - engine.game_state - Accusation Decision: False
2026-04-18 07:02:17,661 - INFO - engine.game_state - --- AI Player 2 (ExpectiminimaxAI) Turn ---
2026-04-18 07:02:17,661 - INFO - engine.game_state - Dice: 7
2026-04-18 07:02:17,668 - INFO - engine.game_state - Move: Library
2026-04-18 07:02:17,757 - INFO - engine.game_state - Suggestion: Suggestion(Suspect=Hashem Sir, Weapon=Anti Cutter, Location=Library)
2026-04-18 07:02:17,758 - INFO - engine.game_state - AI Player 3 revealed a card
2026-04-18 07:02:17,758 - INFO - engine.game_state - Accusation Decision: False
2026-04-18 07:02:17,758 - INFO - engine.game_state - --- AI Player 3 (NegamaxAI) Turn ---
2026-04-18 07:02:17,758 - INFO - engine.game_state - Dice: 7
2026-04-18 07:02:17,768 - INFO - engine.game_state - Move: Library
2026-04-18 07:02:17,867 - INFO - engine.game_state - Suggestion: Suggestion(Suspect=Hashem Sir, Weapon=Anti Cutter, Location=Library)
2026-04-18 07:02:17,867 - INFO - engine.game_state - AI Player 2 revealed a card
2026-04-18 07:02:17,868 - INFO - engine.game_state - Accusation Decision: False
2026-04-18 07:02:17,868 - INFO - engine.game_state - --- AI Player 2 (ExpectiminimaxAI) Turn ---
2026-04-18 07:02:17,868 - INFO - engine.game_state - Dice: 8
2026-04-18 07:02:17,877 - INFO - engine.game_state - Move: Academic Building
2026-04-18 07:02:17,978 - INFO - engine.game_state - Suggestion: Suggestion(Suspect=Hashem Sir, Weapon=Anti Cutter, Location=Academic Building)
2026-04-18 07:02:17,978 - INFO - engine.game_state - No one could disprove
2026-04-18 07:02:17,978 - INFO - engine.game_state - Accusation Decision: False
2026-04-18 07:02:17,979 - INFO - engine.game_state - --- AI Player 3 (NegamaxAI) Turn ---
2026-04-18 07:02:17,979 - INFO - engine.game_state - Dice: 6
2026-04-18 07:02:17,987 - INFO - engine.game_state - Move: Academic Building
2026-04-18 07:02:18,094 - INFO - engine.game_state - Suggestion: Suggestion(Suspect=Hashem Sir, Weapon=Anti Cutter, Location=Academic Building)
2026-04-18 07:02:18,094 - INFO - engine.game_state - AI Player 2 revealed a card
2026-04-18 07:02:18,094 - INFO - engine.game_state - Accusation Decision: False
2026-04-18 07:02:18,094 - INFO - engine.game_state - --- AI Player 2 (ExpectiminimaxAI) Turn ---
2026-04-18 07:02:18,095 - INFO - engine.game_state - Dice: 2
2026-04-18 07:02:18,101 - INFO - engine.game_state - Move: VC Room
2026-04-18 07:02:18,217 - INFO - engine.game_state - Suggestion: Suggestion(Suspect=Hashem Sir, Weapon=Anti Cutter, Location=VC Room)
2026-04-18 07:02:18,218 - INFO - engine.game_state - AI Player 3 revealed a card
2026-04-18 07:02:18,218 - INFO - engine.game_state - Accusation Decision: False
2026-04-18 07:02:18,218 - INFO - engine.game_state - --- AI Player 3 (NegamaxAI) Turn ---
2026-04-18 07:02:18,218 - INFO - engine.game_state - Dice: 9
2026-04-18 07:02:18,227 - INFO - engine.game_state - Move: Library
2026-04-18 07:02:18,324 - INFO - engine.game_state - Suggestion: Suggestion(Suspect=Hashem Sir, Weapon=Anti Cutter, Location=Library)
2026-04-18 07:02:18,325 - INFO - engine.game_state - AI Player 2 revealed a card
2026-04-18 07:02:18,325 - INFO - engine.game_state - Accusation Decision: False
2026-04-18 07:02:18,325 - INFO - engine.game_state - --- AI Player 2 (ExpectiminimaxAI) Turn ---
2026-04-18 07:02:18,326 - INFO - engine.game_state - Dice: 7
2026-04-18 07:02:18,333 - INFO - engine.game_state - Move: Academic Building
2026-04-18 07:02:18,437 - INFO - engine.game_state - Suggestion: Suggestion(Suspect=Hashem Sir, Weapon=Anti Cutter, Location=Academic Building)
2026-04-18 07:02:18,437 - INFO - engine.game_state - No one could disprove
2026-04-18 07:02:18,437 - INFO - engine.game_state - Accusation Decision: False
2026-04-18 07:02:18,438 - INFO - engine.game_state - --- AI Player 3 (NegamaxAI) Turn ---
2026-04-18 07:02:18,438 - INFO - engine.game_state - Dice: 3
2026-04-18 07:02:18,442 - INFO - engine.game_state - Move: VC Room
2026-04-18 07:02:18,520 - INFO - engine.game_state - Suggestion: Suggestion(Suspect=Hashem Sir, Weapon=Anti Cutter, Location=VC Room)
2026-04-18 07:02:18,521 - INFO - engine.game_state - AI Player 2 revealed a card
2026-04-18 07:02:18,521 - INFO - engine.game_state - Accusation Decision: False
2026-04-18 07:02:18,521 - INFO - engine.game_state - --- AI Player 2 (ExpectiminimaxAI) Turn ---
2026-04-18 07:02:18,522 - INFO - engine.game_state - Dice: 8
2026-04-18 07:02:18,531 - INFO - engine.game_state - Move: Library
2026-04-18 07:02:18,618 - INFO - engine.game_state - Suggestion: Suggestion(Suspect=Hashem Sir, Weapon=Anti Cutter, Location=Library)
2026-04-18 07:02:18,618 - INFO - engine.game_state - AI Player 3 revealed a card
2026-04-18 07:02:18,618 - INFO - engine.game_state - Accusation Decision: False
2026-04-18 07:02:18,619 - INFO - engine.game_state - --- AI Player 3 (NegamaxAI) Turn ---
2026-04-18 07:02:18,619 - INFO - engine.game_state - Dice: 3
2026-04-18 07:02:18,624 - INFO - engine.game_state - Move: Library
2026-04-18 07:02:18,681 - INFO - engine.game_state - Suggestion: Suggestion(Suspect=Hashem Sir, Weapon=Anti Cutter, Location=Library)
2026-04-18 07:02:18,682 - INFO - engine.game_state - AI Player 2 revealed a card
2026-04-18 07:02:18,682 - INFO - engine.game_state - Accusation Decision: False
2026-04-18 07:02:18,682 - INFO - engine.game_state - --- AI Player 2 (ExpectiminimaxAI) Turn ---
2026-04-18 07:02:18,682 - INFO - engine.game_state - Dice: 11
2026-04-18 07:02:18,688 - INFO - engine.game_state - Move: Academic Building
2026-04-18 07:02:18,796 - INFO - engine.game_state - Suggestion: Suggestion(Suspect=Hashem Sir, Weapon=Anti Cutter, Location=Academic Building)
2026-04-18 07:02:18,796 - INFO - engine.game_state - No one could disprove
2026-04-18 07:02:18,796 - INFO - engine.game_state - Accusation Decision: False
2026-04-18 07:02:18,796 - INFO - engine.game_state - --- AI Player 3 (NegamaxAI) Turn ---
2026-04-18 07:02:18,797 - INFO - engine.game_state - Dice: 9
2026-04-18 07:02:18,808 - INFO - engine.game_state - Move: Academic Building
2026-04-18 07:02:18,905 - INFO - engine.game_state - Suggestion: Suggestion(Suspect=Hashem Sir, Weapon=Anti Cutter, Location=Academic Building)
2026-04-18 07:02:18,906 - INFO - engine.game_state - AI Player 2 revealed a card
2026-04-18 07:02:18,906 - INFO - engine.game_state - Accusation Decision: False
2026-04-18 07:02:18,906 - INFO - engine.game_state - --- AI Player 2 (ExpectiminimaxAI) Turn ---
2026-04-18 07:02:18,906 - INFO - engine.game_state - Dice: 7
2026-04-18 07:02:18,914 - INFO - engine.game_state - Move: Library
2026-04-18 07:02:19,006 - INFO - engine.game_state - Suggestion: Suggestion(Suspect=Hashem Sir, Weapon=Anti Cutter, Location=Library)
2026-04-18 07:02:19,006 - INFO - engine.game_state - AI Player 3 revealed a card
2026-04-18 07:02:19,007 - INFO - engine.game_state - Accusation Decision: False
2026-04-18 07:02:19,007 - INFO - engine.game_state - --- AI Player 3 (NegamaxAI) Turn ---
2026-04-18 07:02:19,007 - INFO - engine.game_state - Dice: 7
2026-04-18 07:02:19,021 - INFO - engine.game_state - Move: Library
2026-04-18 07:02:19,113 - INFO - engine.game_state - Suggestion: Suggestion(Suspect=Hashem Sir, Weapon=Anti Cutter, Location=Library)
2026-04-18 07:02:19,113 - INFO - engine.game_state - AI Player 2 revealed a card
2026-04-18 07:02:19,114 - INFO - engine.game_state - Accusation Decision: False
2026-04-18 07:02:19,114 - INFO - engine.game_state - --- AI Player 2 (ExpectiminimaxAI) Turn ---
2026-04-18 07:02:19,114 - INFO - engine.game_state - Dice: 5
2026-04-18 07:02:19,120 - INFO - engine.game_state - Move: Academic Building
2026-04-18 07:02:19,233 - INFO - engine.game_state - Suggestion: Suggestion(Suspect=Hashem Sir, Weapon=Anti Cutter, Location=Academic Building)
2026-04-18 07:02:19,234 - INFO - engine.game_state - No one could disprove
2026-04-18 07:02:19,234 - INFO - engine.game_state - Accusation Decision: False
2026-04-18 07:02:19,234 - INFO - engine.game_state - --- AI Player 3 (NegamaxAI) Turn ---
2026-04-18 07:02:19,234 - INFO - engine.game_state - Dice: 8
2026-04-18 07:02:19,246 - INFO - engine.game_state - Move: Academic Building
2026-04-18 07:02:19,367 - INFO - engine.game_state - Suggestion: Suggestion(Suspect=Hashem Sir, Weapon=Anti Cutter, Location=Academic Building)
2026-04-18 07:02:19,367 - INFO - engine.game_state - AI Player 2 revealed a card
2026-04-18 07:02:19,368 - INFO - engine.game_state - Accusation Decision: False
2026-04-18 07:02:19,368 - INFO - engine.game_state - --- AI Player 2 (ExpectiminimaxAI) Turn ---
2026-04-18 07:02:19,368 - INFO - engine.game_state - Dice: 8
2026-04-18 07:02:19,379 - INFO - engine.game_state - Move: Library
2026-04-18 07:02:19,469 - INFO - engine.game_state - Suggestion: Suggestion(Suspect=Hashem Sir, Weapon=Anti Cutter, Location=Library)
2026-04-18 07:02:19,469 - INFO - engine.game_state - AI Player 3 revealed a card
2026-04-18 07:02:19,470 - INFO - engine.game_state - Accusation Decision: False
2026-04-18 07:02:19,470 - INFO - engine.game_state - --- AI Player 3 (NegamaxAI) Turn ---
2026-04-18 07:02:19,470 - INFO - engine.game_state - Dice: 6
2026-04-18 07:02:19,482 - INFO - engine.game_state - Move: Library
2026-04-18 07:02:19,608 - INFO - engine.game_state - Suggestion: Suggestion(Suspect=Hashem Sir, Weapon=Anti Cutter, Location=Library)
2026-04-18 07:02:19,609 - INFO - engine.game_state - AI Player 2 revealed a card
2026-04-18 07:02:19,609 - INFO - engine.game_state - Accusation Decision: False
2026-04-18 07:02:19,609 - INFO - engine.game_state - --- AI Player 2 (ExpectiminimaxAI) Turn ---
2026-04-18 07:02:19,609 - INFO - engine.game_state - Dice: 5
2026-04-18 07:02:19,615 - INFO - engine.game_state - Move: Academic Building
2026-04-18 07:02:19,760 - INFO - engine.game_state - Suggestion: Suggestion(Suspect=Hashem Sir, Weapon=Anti Cutter, Location=Academic Building)
2026-04-18 07:02:19,761 - INFO - engine.game_state - No one could disprove
2026-04-18 07:02:19,761 - INFO - engine.game_state - Accusation Decision: False
2026-04-18 07:02:19,761 - INFO - engine.game_state - --- AI Player 3 (NegamaxAI) Turn ---
2026-04-18 07:02:19,761 - INFO - engine.game_state - Dice: 5
2026-04-18 07:02:19,769 - INFO - engine.game_state - Move: Academic Building
2026-04-18 07:02:19,876 - INFO - engine.game_state - Suggestion: Suggestion(Suspect=Hashem Sir, Weapon=Anti Cutter, Location=Academic Building)
2026-04-18 07:02:19,876 - INFO - engine.game_state - AI Player 2 revealed a card
2026-04-18 07:02:19,876 - INFO - engine.game_state - Accusation Decision: False
2026-04-18 07:02:19,877 - INFO - engine.game_state - --- AI Player 2 (ExpectiminimaxAI) Turn ---
2026-04-18 07:02:19,877 - INFO - engine.game_state - Dice: 4
2026-04-18 07:02:19,895 - INFO - engine.game_state - Move: Library
2026-04-18 07:02:19,977 - INFO - engine.game_state - Suggestion: Suggestion(Suspect=Hashem Sir, Weapon=Anti Cutter, Location=Library)
2026-04-18 07:02:19,978 - INFO - engine.game_state - AI Player 3 revealed a card
2026-04-18 07:02:19,978 - INFO - engine.game_state - Accusation Decision: False
2026-04-18 07:02:19,978 - INFO - engine.game_state - --- AI Player 3 (NegamaxAI) Turn ---
2026-04-18 07:02:19,979 - INFO - engine.game_state - Dice: 2
2026-04-18 07:02:19,981 - INFO - engine.game_state - Move: VC Room
2026-04-18 07:02:20,055 - INFO - engine.game_state - Suggestion: Suggestion(Suspect=Hashem Sir, Weapon=Anti Cutter, Location=VC Room)
2026-04-18 07:02:20,056 - INFO - engine.game_state - AI Player 2 revealed a card
2026-04-18 07:02:20,056 - INFO - engine.game_state - Accusation Decision: False
2026-04-18 07:02:20,056 - INFO - engine.game_state - --- AI Player 2 (ExpectiminimaxAI) Turn ---
2026-04-18 07:02:20,056 - INFO - engine.game_state - Dice: 9
2026-04-18 07:02:20,062 - INFO - engine.game_state - Move: Academic Building
2026-04-18 07:02:20,158 - INFO - engine.game_state - Suggestion: Suggestion(Suspect=Hashem Sir, Weapon=Anti Cutter, Location=Academic Building)
2026-04-18 07:02:20,158 - INFO - engine.game_state - No one could disprove
2026-04-18 07:02:20,158 - INFO - engine.game_state - Accusation Decision: False
2026-04-18 07:02:20,159 - INFO - engine.game_state - --- AI Player 3 (NegamaxAI) Turn ---
2026-04-18 07:02:20,159 - INFO - engine.game_state - Dice: 7
2026-04-18 07:02:20,171 - INFO - engine.game_state - Move: Library
2026-04-18 07:02:20,266 - INFO - engine.game_state - Suggestion: Suggestion(Suspect=Hashem Sir, Weapon=Anti Cutter, Location=Library)
2026-04-18 07:02:20,266 - INFO - engine.game_state - AI Player 2 revealed a card
2026-04-18 07:02:20,267 - INFO - engine.game_state - Accusation Decision: False
2026-04-18 07:02:20,267 - INFO - engine.game_state - --- AI Player 2 (ExpectiminimaxAI) Turn ---
2026-04-18 07:02:20,267 - INFO - engine.game_state - Dice: 5
2026-04-18 07:02:20,277 - INFO - engine.game_state - Move: Library
2026-04-18 07:02:20,361 - INFO - engine.game_state - Suggestion: Suggestion(Suspect=Hashem Sir, Weapon=Anti Cutter, Location=Library)
2026-04-18 07:02:20,361 - INFO - engine.game_state - AI Player 3 revealed a card
2026-04-18 07:02:20,361 - INFO - engine.game_state - Accusation Decision: False
2026-04-18 07:02:20,361 - INFO - engine.game_state - --- AI Player 3 (NegamaxAI) Turn ---
2026-04-18 07:02:20,362 - INFO - engine.game_state - Dice: 10
2026-04-18 07:02:20,373 - INFO - engine.game_state - Move: Academic Building
2026-04-18 07:02:20,472 - INFO - engine.game_state - Suggestion: Suggestion(Suspect=Hashem Sir, Weapon=Anti Cutter, Location=Academic Building)
2026-04-18 07:02:20,472 - INFO - engine.game_state - AI Player 2 revealed a card
2026-04-18 07:02:20,472 - INFO - engine.game_state - Accusation Decision: False
2026-04-18 07:02:20,472 - INFO - engine.game_state - --- AI Player 2 (ExpectiminimaxAI) Turn ---
2026-04-18 07:02:20,472 - INFO - engine.game_state - Dice: 7
2026-04-18 07:02:20,478 - INFO - engine.game_state - Move: Academic Building
2026-04-18 07:02:20,579 - INFO - engine.game_state - Suggestion: Suggestion(Suspect=Hashem Sir, Weapon=Anti Cutter, Location=Academic Building)
2026-04-18 07:02:20,579 - INFO - engine.game_state - No one could disprove
2026-04-18 07:02:20,579 - INFO - engine.game_state - Accusation Decision: False
2026-04-18 07:02:20,579 - INFO - engine.game_state - --- AI Player 3 (NegamaxAI) Turn ---
2026-04-18 07:02:20,580 - INFO - engine.game_state - Dice: 7
2026-04-18 07:02:20,589 - INFO - engine.game_state - Move: Library
2026-04-18 07:02:20,690 - INFO - engine.game_state - Suggestion: Suggestion(Suspect=Hashem Sir, Weapon=Anti Cutter, Location=Library)
2026-04-18 07:02:20,691 - INFO - engine.game_state - AI Player 2 revealed a card
2026-04-18 07:02:20,691 - INFO - engine.game_state - Accusation Decision: False
2026-04-18 07:02:20,691 - INFO - engine.game_state - --- AI Player 2 (ExpectiminimaxAI) Turn ---
2026-04-18 07:02:20,692 - INFO - engine.game_state - Dice: 8
2026-04-18 07:02:20,700 - INFO - engine.game_state - Move: Library
2026-04-18 07:02:20,779 - INFO - engine.game_state - Suggestion: Suggestion(Suspect=Hashem Sir, Weapon=Anti Cutter, Location=Library)
2026-04-18 07:02:20,779 - INFO - engine.game_state - AI Player 3 revealed a card
2026-04-18 07:02:20,779 - INFO - engine.game_state - Accusation Decision: False
2026-04-18 07:02:20,779 - INFO - engine.game_state - --- AI Player 3 (NegamaxAI) Turn ---
2026-04-18 07:02:20,779 - INFO - engine.game_state - Dice: 7
2026-04-18 07:02:20,787 - INFO - engine.game_state - Move: Academic Building
2026-04-18 07:02:20,895 - INFO - engine.game_state - Suggestion: Suggestion(Suspect=Hashem Sir, Weapon=Anti Cutter, Location=Academic Building)
2026-04-18 07:02:20,895 - INFO - engine.game_state - AI Player 2 revealed a card
2026-04-18 07:02:20,895 - INFO - engine.game_state - Accusation Decision: False
2026-04-18 07:02:20,895 - INFO - engine.game_state - --- AI Player 2 (ExpectiminimaxAI) Turn ---
2026-04-18 07:02:20,895 - INFO - engine.game_state - Dice: 9
2026-04-18 07:02:20,901 - INFO - engine.game_state - Move: Academic Building
2026-04-18 07:02:21,026 - INFO - engine.game_state - Suggestion: Suggestion(Suspect=Hashem Sir, Weapon=Anti Cutter, Location=Academic Building)
2026-04-18 07:02:21,026 - INFO - engine.game_state - No one could disprove
2026-04-18 07:02:21,026 - INFO - engine.game_state - Accusation Decision: False
2026-04-18 07:02:21,027 - INFO - engine.game_state - --- AI Player 3 (NegamaxAI) Turn ---
2026-04-18 07:02:21,027 - INFO - engine.game_state - Dice: 3
2026-04-18 07:02:21,030 - INFO - engine.game_state - Move: Cafeteria
2026-04-18 07:02:21,099 - INFO - engine.game_state - Suggestion: Suggestion(Suspect=Hashem Sir, Weapon=Anti Cutter, Location=Cafeteria)
2026-04-18 07:02:21,100 - INFO - engine.game_state - AI Player 1 revealed a card
2026-04-18 07:02:21,100 - INFO - engine.game_state - Accusation Decision: False
2026-04-18 07:02:21,100 - INFO - engine.game_state - --- AI Player 2 (ExpectiminimaxAI) Turn ---
2026-04-18 07:02:21,100 - INFO - engine.game_state - Dice: 7
2026-04-18 07:02:21,108 - INFO - engine.game_state - Move: Library
2026-04-18 07:02:21,219 - INFO - engine.game_state - Suggestion: Suggestion(Suspect=Hashem Sir, Weapon=Anti Cutter, Location=Library)
2026-04-18 07:02:21,219 - INFO - engine.game_state - AI Player 3 revealed a card
2026-04-18 07:02:21,220 - INFO - engine.game_state - Accusation Decision: False
2026-04-18 07:02:21,220 - INFO - engine.game_state - --- AI Player 3 (NegamaxAI) Turn ---
2026-04-18 07:02:21,220 - INFO - engine.game_state - Dice: 10
2026-04-18 07:02:21,228 - INFO - engine.game_state - Move: Academic Building
2026-04-18 07:02:21,356 - INFO - engine.game_state - Suggestion: Suggestion(Suspect=Hashem Sir, Weapon=Anti Cutter, Location=Academic Building)
2026-04-18 07:02:21,356 - INFO - engine.game_state - AI Player 2 revealed a card
2026-04-18 07:02:21,356 - INFO - engine.game_state - Accusation Decision: False
2026-04-18 07:02:21,356 - INFO - engine.game_state - --- AI Player 2 (ExpectiminimaxAI) Turn ---
2026-04-18 07:02:21,357 - INFO - engine.game_state - Dice: 10
2026-04-18 07:02:21,362 - INFO - engine.game_state - Move: Academic Building
2026-04-18 07:02:21,492 - INFO - engine.game_state - Suggestion: Suggestion(Suspect=Hashem Sir, Weapon=Anti Cutter, Location=Academic Building)
2026-04-18 07:02:21,492 - INFO - engine.game_state - No one could disprove
2026-04-18 07:02:21,493 - INFO - engine.game_state - Accusation Decision: False
2026-04-18 07:02:21,493 - INFO - engine.game_state - --- AI Player 3 (NegamaxAI) Turn ---
2026-04-18 07:02:21,493 - INFO - engine.game_state - Dice: 7
2026-04-18 07:02:21,501 - INFO - engine.game_state - Move: Library
2026-04-18 07:02:21,615 - INFO - engine.game_state - Suggestion: Suggestion(Suspect=Hashem Sir, Weapon=Anti Cutter, Location=Library)
2026-04-18 07:02:21,615 - INFO - engine.game_state - AI Player 2 revealed a card
2026-04-18 07:02:21,615 - INFO - engine.game_state - Accusation Decision: False
2026-04-18 07:02:21,615 - INFO - engine.game_state - --- AI Player 2 (ExpectiminimaxAI) Turn ---
2026-04-18 07:02:21,615 - INFO - engine.game_state - Dice: 11
2026-04-18 07:02:21,624 - INFO - engine.game_state - Move: Library
2026-04-18 07:02:21,715 - INFO - engine.game_state - Suggestion: Suggestion(Suspect=Hashem Sir, Weapon=Anti Cutter, Location=Library)
2026-04-18 07:02:21,716 - INFO - engine.game_state - AI Player 3 revealed a card
2026-04-18 07:02:21,716 - INFO - engine.game_state - Accusation Decision: False
2026-04-18 07:02:21,716 - INFO - engine.game_state - --- AI Player 3 (NegamaxAI) Turn ---
2026-04-18 07:02:21,716 - INFO - engine.game_state - Dice: 7
2026-04-18 07:02:21,724 - INFO - engine.game_state - Move: Academic Building
2026-04-18 07:02:21,843 - INFO - engine.game_state - Suggestion: Suggestion(Suspect=Hashem Sir, Weapon=Anti Cutter, Location=Academic Building)
2026-04-18 07:02:21,843 - INFO - engine.game_state - AI Player 2 revealed a card
2026-04-18 07:02:21,843 - INFO - engine.game_state - Accusation Decision: False
2026-04-18 07:02:21,844 - INFO - engine.game_state - --- AI Player 2 (ExpectiminimaxAI) Turn ---
2026-04-18 07:02:21,844 - INFO - engine.game_state - Dice: 8
2026-04-18 07:02:21,851 - INFO - engine.game_state - Move: Academic Building
2026-04-18 07:02:21,974 - INFO - engine.game_state - Suggestion: Suggestion(Suspect=Hashem Sir, Weapon=Anti Cutter, Location=Academic Building)
2026-04-18 07:02:21,974 - INFO - engine.game_state - No one could disprove
2026-04-18 07:02:21,974 - INFO - engine.game_state - Accusation Decision: False
2026-04-18 07:02:21,974 - INFO - engine.game_state - --- AI Player 3 (NegamaxAI) Turn ---
2026-04-18 07:02:21,975 - INFO - engine.game_state - Dice: 7
2026-04-18 07:02:21,985 - INFO - engine.game_state - Move: Library
2026-04-18 07:02:22,088 - INFO - engine.game_state - Suggestion: Suggestion(Suspect=Hashem Sir, Weapon=Anti Cutter, Location=Library)
2026-04-18 07:02:22,089 - INFO - engine.game_state - AI Player 2 revealed a card
2026-04-18 07:02:22,089 - INFO - engine.game_state - Accusation Decision: False
2026-04-18 07:02:22,089 - INFO - engine.game_state - --- AI Player 2 (ExpectiminimaxAI) Turn ---
2026-04-18 07:02:22,089 - INFO - engine.game_state - Dice: 9
2026-04-18 07:02:22,100 - INFO - engine.game_state - Move: Library
2026-04-18 07:02:22,183 - INFO - engine.game_state - Suggestion: Suggestion(Suspect=Hashem Sir, Weapon=Anti Cutter, Location=Library)
2026-04-18 07:02:22,184 - INFO - engine.game_state - AI Player 3 revealed a card
2026-04-18 07:02:22,184 - INFO - engine.game_state - Accusation Decision: False
2026-04-18 07:02:22,184 - INFO - engine.game_state - --- AI Player 3 (NegamaxAI) Turn ---
2026-04-18 07:02:22,184 - INFO - engine.game_state - Dice: 7
2026-04-18 07:02:22,191 - INFO - engine.game_state - Move: Academic Building
2026-04-18 07:02:22,301 - INFO - engine.game_state - Suggestion: Suggestion(Suspect=Hashem Sir, Weapon=Anti Cutter, Location=Academic Building)
2026-04-18 07:02:22,302 - INFO - engine.game_state - AI Player 2 revealed a card
2026-04-18 07:02:22,302 - INFO - engine.game_state - Accusation Decision: False
2026-04-18 07:02:22,302 - INFO - engine.game_state - --- AI Player 2 (ExpectiminimaxAI) Turn ---
2026-04-18 07:02:22,302 - INFO - engine.game_state - Dice: 5
2026-04-18 07:02:22,307 - INFO - engine.game_state - Move: Academic Building
2026-04-18 07:02:22,430 - INFO - engine.game_state - Suggestion: Suggestion(Suspect=Hashem Sir, Weapon=Anti Cutter, Location=Academic Building)
2026-04-18 07:02:22,430 - INFO - engine.game_state - No one could disprove
2026-04-18 07:02:22,431 - INFO - engine.game_state - Accusation Decision: False
2026-04-18 07:02:22,431 - INFO - engine.game_state - --- AI Player 3 (NegamaxAI) Turn ---
2026-04-18 07:02:22,431 - INFO - engine.game_state - Dice: 7
2026-04-18 07:02:22,440 - INFO - engine.game_state - Move: Library
2026-04-18 07:02:22,536 - INFO - engine.game_state - Suggestion: Suggestion(Suspect=Hashem Sir, Weapon=Anti Cutter, Location=Library)
2026-04-18 07:02:22,537 - INFO - engine.game_state - AI Player 2 revealed a card
2026-04-18 07:02:22,537 - INFO - engine.game_state - Accusation Decision: False
2026-04-18 07:02:22,537 - INFO - engine.game_state - --- AI Player 2 (ExpectiminimaxAI) Turn ---
2026-04-18 07:02:22,538 - INFO - engine.game_state - Dice: 7
2026-04-18 07:02:22,545 - INFO - engine.game_state - Move: Library
2026-04-18 07:02:22,629 - INFO - engine.game_state - Suggestion: Suggestion(Suspect=Hashem Sir, Weapon=Anti Cutter, Location=Library)
2026-04-18 07:02:22,630 - INFO - engine.game_state - AI Player 3 revealed a card
2026-04-18 07:02:22,630 - INFO - engine.game_state - Accusation Decision: False
2026-04-18 07:02:22,630 - INFO - engine.game_state - --- AI Player 3 (NegamaxAI) Turn ---
2026-04-18 07:02:22,630 - INFO - engine.game_state - Dice: 5
2026-04-18 07:02:22,640 - INFO - engine.game_state - Move: Academic Building
2026-04-18 07:02:22,760 - INFO - engine.game_state - Suggestion: Suggestion(Suspect=Hashem Sir, Weapon=Anti Cutter, Location=Academic Building)
2026-04-18 07:02:22,761 - INFO - engine.game_state - AI Player 2 revealed a card
2026-04-18 07:02:22,761 - INFO - engine.game_state - Accusation Decision: False
2026-04-18 07:02:22,761 - INFO - engine.game_state - --- AI Player 2 (ExpectiminimaxAI) Turn ---
2026-04-18 07:02:22,761 - INFO - engine.game_state - Dice: 5
2026-04-18 07:02:22,768 - INFO - engine.game_state - Move: Academic Building
2026-04-18 07:02:22,877 - INFO - engine.game_state - Suggestion: Suggestion(Suspect=Hashem Sir, Weapon=Anti Cutter, Location=Academic Building)
2026-04-18 07:02:22,877 - INFO - engine.game_state - No one could disprove
2026-04-18 07:02:22,878 - INFO - engine.game_state - Accusation Decision: False
2026-04-18 07:02:22,878 - INFO - engine.game_state - --- AI Player 3 (NegamaxAI) Turn ---
2026-04-18 07:02:22,878 - INFO - engine.game_state - Dice: 10
2026-04-18 07:02:22,887 - INFO - engine.game_state - Move: Library
2026-04-18 07:02:22,992 - INFO - engine.game_state - Suggestion: Suggestion(Suspect=Hashem Sir, Weapon=Anti Cutter, Location=Library)
2026-04-18 07:02:22,993 - INFO - engine.game_state - AI Player 2 revealed a card
2026-04-18 07:02:22,993 - INFO - engine.game_state - Accusation Decision: False
2026-04-18 07:02:22,993 - INFO - engine.game_state - --- AI Player 2 (ExpectiminimaxAI) Turn ---
2026-04-18 07:02:22,994 - INFO - engine.game_state - Dice: 3
2026-04-18 07:02:22,998 - INFO - engine.game_state - Move: Cafeteria
2026-04-18 07:02:23,075 - INFO - engine.game_state - Suggestion: Suggestion(Suspect=Hashem Sir, Weapon=Anti Cutter, Location=Cafeteria)
2026-04-18 07:02:23,075 - INFO - engine.game_state - AI Player 1 revealed a card
2026-04-18 07:02:23,076 - INFO - engine.game_state - Accusation Decision: False
2026-04-18 07:02:23,076 - INFO - engine.game_state - --- AI Player 3 (NegamaxAI) Turn ---
2026-04-18 07:02:23,076 - INFO - engine.game_state - Dice: 2
2026-04-18 07:02:23,079 - INFO - engine.game_state - Move: VC Room
2026-04-18 07:02:23,156 - INFO - engine.game_state - Suggestion: Suggestion(Suspect=Hashem Sir, Weapon=Anti Cutter, Location=VC Room)
2026-04-18 07:02:23,157 - INFO - engine.game_state - AI Player 2 revealed a card
2026-04-18 07:02:23,157 - INFO - engine.game_state - Accusation Decision: False
2026-04-18 07:02:23,158 - INFO - engine.game_state - --- AI Player 2 (ExpectiminimaxAI) Turn ---
2026-04-18 07:02:23,158 - INFO - engine.game_state - Dice: 9
2026-04-18 07:02:23,166 - INFO - engine.game_state - Move: Academic Building
2026-04-18 07:02:23,262 - INFO - engine.game_state - Suggestion: Suggestion(Suspect=Hashem Sir, Weapon=Anti Cutter, Location=Academic Building)
2026-04-18 07:02:23,263 - INFO - engine.game_state - No one could disprove
2026-04-18 07:02:23,263 - INFO - engine.game_state - Accusation Decision: False
2026-04-18 07:02:23,263 - INFO - engine.game_state - --- AI Player 3 (NegamaxAI) Turn ---
2026-04-18 07:02:23,263 - INFO - engine.game_state - Dice: 9
2026-04-18 07:02:23,272 - INFO - engine.game_state - Move: Library
2026-04-18 07:02:23,359 - INFO - engine.game_state - Suggestion: Suggestion(Suspect=Hashem Sir, Weapon=Anti Cutter, Location=Library)
2026-04-18 07:02:23,359 - INFO - engine.game_state - AI Player 2 revealed a card
2026-04-18 07:02:23,359 - INFO - engine.game_state - Accusation Decision: False
2026-04-18 07:02:23,359 - INFO - engine.game_state - --- AI Player 2 (ExpectiminimaxAI) Turn ---
2026-04-18 07:02:23,359 - INFO - engine.game_state - Dice: 4
2026-04-18 07:02:23,367 - INFO - engine.game_state - Move: Library
2026-04-18 07:02:23,448 - INFO - engine.game_state - Suggestion: Suggestion(Suspect=Hashem Sir, Weapon=Anti Cutter, Location=Library)
2026-04-18 07:02:23,448 - INFO - engine.game_state - AI Player 3 revealed a card
2026-04-18 07:02:23,448 - INFO - engine.game_state - Accusation Decision: False
2026-04-18 07:02:23,448 - INFO - engine.game_state - --- AI Player 3 (NegamaxAI) Turn ---
2026-04-18 07:02:23,449 - INFO - engine.game_state - Dice: 8
2026-04-18 07:02:23,457 - INFO - engine.game_state - Move: Academic Building
2026-04-18 07:02:23,583 - INFO - engine.game_state - Suggestion: Suggestion(Suspect=Hashem Sir, Weapon=Anti Cutter, Location=Academic Building)
2026-04-18 07:02:23,584 - INFO - engine.game_state - AI Player 2 revealed a card
2026-04-18 07:02:23,584 - INFO - engine.game_state - Accusation Decision: False
2026-04-18 07:02:23,584 - INFO - engine.game_state - --- AI Player 2 (ExpectiminimaxAI) Turn ---
2026-04-18 07:02:23,584 - INFO - engine.game_state - Dice: 6
2026-04-18 07:02:23,590 - INFO - engine.game_state - Move: Academic Building
2026-04-18 07:02:23,686 - INFO - engine.game_state - Suggestion: Suggestion(Suspect=Hashem Sir, Weapon=Anti Cutter, Location=Academic Building)
2026-04-18 07:02:23,686 - INFO - engine.game_state - No one could disprove
2026-04-18 07:02:23,686 - INFO - engine.game_state - Accusation Decision: False
2026-04-18 07:02:23,687 - INFO - engine.game_state - --- AI Player 3 (NegamaxAI) Turn ---
2026-04-18 07:02:23,687 - INFO - engine.game_state - Dice: 9
2026-04-18 07:02:23,696 - INFO - engine.game_state - Move: Library
2026-04-18 07:02:23,793 - INFO - engine.game_state - Suggestion: Suggestion(Suspect=Hashem Sir, Weapon=Anti Cutter, Location=Library)
2026-04-18 07:02:23,793 - INFO - engine.game_state - AI Player 2 revealed a card
2026-04-18 07:02:23,794 - INFO - engine.game_state - Accusation Decision: False
2026-04-18 07:02:23,794 - INFO - engine.game_state - --- AI Player 2 (ExpectiminimaxAI) Turn ---
2026-04-18 07:02:23,794 - INFO - engine.game_state - Dice: 8
2026-04-18 07:02:23,803 - INFO - engine.game_state - Move: Library
2026-04-18 07:02:23,886 - INFO - engine.game_state - Suggestion: Suggestion(Suspect=Hashem Sir, Weapon=Anti Cutter, Location=Library)
2026-04-18 07:02:23,887 - INFO - engine.game_state - AI Player 3 revealed a card
2026-04-18 07:02:23,887 - INFO - engine.game_state - Accusation Decision: False
2026-04-18 07:02:23,887 - INFO - engine.game_state - --- AI Player 3 (NegamaxAI) Turn ---
2026-04-18 07:02:23,888 - INFO - engine.game_state - Dice: 11
2026-04-18 07:02:23,895 - INFO - engine.game_state - Move: Academic Building
2026-04-18 07:02:24,025 - INFO - engine.game_state - Suggestion: Suggestion(Suspect=Hashem Sir, Weapon=Anti Cutter, Location=Academic Building)
2026-04-18 07:02:24,026 - INFO - engine.game_state - AI Player 2 revealed a card
2026-04-18 07:02:24,026 - INFO - engine.game_state - Accusation Decision: False
2026-04-18 07:02:24,026 - INFO - engine.game_state - --- AI Player 2 (ExpectiminimaxAI) Turn ---
2026-04-18 07:02:24,027 - INFO - engine.game_state - Dice: 4
2026-04-18 07:02:24,036 - INFO - engine.game_state - Move: Academic Building
2026-04-18 07:02:24,134 - INFO - engine.game_state - Suggestion: Suggestion(Suspect=Hashem Sir, Weapon=Anti Cutter, Location=Academic Building)
2026-04-18 07:02:24,134 - INFO - engine.game_state - No one could disprove
2026-04-18 07:02:24,135 - INFO - engine.game_state - Accusation Decision: False
2026-04-18 07:02:24,135 - INFO - engine.game_state - --- AI Player 3 (NegamaxAI) Turn ---
2026-04-18 07:02:24,135 - INFO - engine.game_state - Dice: 5
2026-04-18 07:02:24,145 - INFO - engine.game_state - Move: Library
2026-04-18 07:02:24,235 - INFO - engine.game_state - Suggestion: Suggestion(Suspect=Hashem Sir, Weapon=Anti Cutter, Location=Library)
2026-04-18 07:02:24,235 - INFO - engine.game_state - AI Player 2 revealed a card
2026-04-18 07:02:24,236 - INFO - engine.game_state - Accusation Decision: False
2026-04-18 07:02:24,236 - INFO - engine.game_state - --- AI Player 2 (ExpectiminimaxAI) Turn ---
2026-04-18 07:02:24,236 - INFO - engine.game_state - Dice: 7
2026-04-18 07:02:24,245 - INFO - engine.game_state - Move: Library
2026-04-18 07:02:24,328 - INFO - engine.game_state - Suggestion: Suggestion(Suspect=Hashem Sir, Weapon=Anti Cutter, Location=Library)
2026-04-18 07:02:24,329 - INFO - engine.game_state - AI Player 3 revealed a card
2026-04-18 07:02:24,329 - INFO - engine.game_state - Accusation Decision: False
2026-04-18 07:02:24,329 - INFO - engine.game_state - --- AI Player 3 (NegamaxAI) Turn ---
2026-04-18 07:02:24,330 - INFO - engine.game_state - Dice: 9
2026-04-18 07:02:24,339 - INFO - engine.game_state - Move: Academic Building
2026-04-18 07:02:24,446 - INFO - engine.game_state - Suggestion: Suggestion(Suspect=Hashem Sir, Weapon=Anti Cutter, Location=Academic Building)
2026-04-18 07:02:24,447 - INFO - engine.game_state - AI Player 2 revealed a card
2026-04-18 07:02:24,447 - INFO - engine.game_state - Accusation Decision: False
2026-04-18 07:02:24,447 - INFO - engine.game_state - --- AI Player 2 (ExpectiminimaxAI) Turn ---
2026-04-18 07:02:24,448 - INFO - engine.game_state - Dice: 12
2026-04-18 07:02:24,453 - INFO - engine.game_state - Move: Academic Building
2026-04-18 07:02:24,565 - INFO - engine.game_state - Suggestion: Suggestion(Suspect=Hashem Sir, Weapon=Anti Cutter, Location=Academic Building)
2026-04-18 07:02:24,565 - INFO - engine.game_state - No one could disprove
2026-04-18 07:02:24,566 - INFO - engine.game_state - Accusation Decision: False
2026-04-18 07:02:24,566 - INFO - engine.game_state - --- AI Player 3 (NegamaxAI) Turn ---
2026-04-18 07:02:24,566 - INFO - engine.game_state - Dice: 6
2026-04-18 07:02:24,575 - INFO - engine.game_state - Move: Library
2026-04-18 07:02:24,681 - INFO - engine.game_state - Suggestion: Suggestion(Suspect=Hashem Sir, Weapon=Anti Cutter, Location=Library)
2026-04-18 07:02:24,681 - INFO - engine.game_state - AI Player 2 revealed a card
2026-04-18 07:02:24,682 - INFO - engine.game_state - Accusation Decision: False
2026-04-18 07:02:24,682 - INFO - engine.game_state - --- AI Player 2 (ExpectiminimaxAI) Turn ---
2026-04-18 07:02:24,682 - INFO - engine.game_state - Dice: 8
2026-04-18 07:02:24,690 - INFO - engine.game_state - Move: Library
2026-04-18 07:02:24,773 - INFO - engine.game_state - Suggestion: Suggestion(Suspect=Hashem Sir, Weapon=Anti Cutter, Location=Library)
2026-04-18 07:02:24,773 - INFO - engine.game_state - AI Player 3 revealed a card
2026-04-18 07:02:24,774 - INFO - engine.game_state - Accusation Decision: False
2026-04-18 07:02:24,774 - INFO - engine.game_state - --- AI Player 3 (NegamaxAI) Turn ---
2026-04-18 07:02:24,774 - INFO - engine.game_state - Dice: 6
2026-04-18 07:02:24,782 - INFO - engine.game_state - Move: Academic Building
2026-04-18 07:02:24,904 - INFO - engine.game_state - Suggestion: Suggestion(Suspect=Hashem Sir, Weapon=Anti Cutter, Location=Academic Building)
2026-04-18 07:02:24,905 - INFO - engine.game_state - AI Player 2 revealed a card
2026-04-18 07:02:24,905 - INFO - engine.game_state - Accusation Decision: False
2026-04-18 07:02:24,905 - INFO - engine.game_state - --- AI Player 2 (ExpectiminimaxAI) Turn ---
2026-04-18 07:02:24,905 - INFO - engine.game_state - Dice: 6
2026-04-18 07:02:24,911 - INFO - engine.game_state - Move: Academic Building
2026-04-18 07:02:25,023 - INFO - engine.game_state - Suggestion: Suggestion(Suspect=Hashem Sir, Weapon=Anti Cutter, Location=Academic Building)
2026-04-18 07:02:25,023 - INFO - engine.game_state - No one could disprove
2026-04-18 07:02:25,024 - INFO - engine.game_state - Accusation Decision: False
2026-04-18 07:02:25,024 - INFO - engine.game_state - --- AI Player 3 (NegamaxAI) Turn ---
2026-04-18 07:02:25,024 - INFO - engine.game_state - Dice: 2
2026-04-18 07:02:25,026 - INFO - engine.game_state - Move: VC Room
2026-04-18 07:02:25,105 - INFO - engine.game_state - Suggestion: Suggestion(Suspect=Hashem Sir, Weapon=Anti Cutter, Location=VC Room)
2026-04-18 07:02:25,106 - INFO - engine.game_state - AI Player 2 revealed a card
2026-04-18 07:02:25,106 - INFO - engine.game_state - Accusation Decision: False
2026-04-18 07:02:25,106 - INFO - engine.game_state - --- AI Player 2 (ExpectiminimaxAI) Turn ---
2026-04-18 07:02:25,106 - INFO - engine.game_state - Dice: 7
2026-04-18 07:02:25,115 - INFO - engine.game_state - Move: Library
2026-04-18 07:02:25,207 - INFO - engine.game_state - Suggestion: Suggestion(Suspect=Hashem Sir, Weapon=Anti Cutter, Location=Library)
2026-04-18 07:02:25,207 - INFO - engine.game_state - AI Player 3 revealed a card
2026-04-18 07:02:25,208 - INFO - engine.game_state - Accusation Decision: False
2026-04-18 07:02:25,208 - INFO - engine.game_state - --- AI Player 3 (NegamaxAI) Turn ---
2026-04-18 07:02:25,208 - INFO - engine.game_state - Dice: 2
2026-04-18 07:02:25,214 - INFO - engine.game_state - Move: Library
2026-04-18 07:02:25,283 - INFO - engine.game_state - Suggestion: Suggestion(Suspect=Hashem Sir, Weapon=Anti Cutter, Location=Library)
2026-04-18 07:02:25,283 - INFO - engine.game_state - AI Player 2 revealed a card
2026-04-18 07:02:25,284 - INFO - engine.game_state - Accusation Decision: False
2026-04-18 07:02:25,284 - INFO - engine.game_state - --- AI Player 2 (ExpectiminimaxAI) Turn ---
2026-04-18 07:02:25,284 - INFO - engine.game_state - Dice: 4
2026-04-18 07:02:25,292 - INFO - engine.game_state - Move: Academic Building
2026-04-18 07:02:25,399 - INFO - engine.game_state - Suggestion: Suggestion(Suspect=Hashem Sir, Weapon=Anti Cutter, Location=Academic Building)
2026-04-18 07:02:25,400 - INFO - engine.game_state - No one could disprove
2026-04-18 07:02:25,400 - INFO - engine.game_state - Accusation Decision: False
2026-04-18 07:02:25,400 - INFO - engine.game_state - --- AI Player 3 (NegamaxAI) Turn ---
2026-04-18 07:02:25,400 - INFO - engine.game_state - Dice: 2
2026-04-18 07:02:25,403 - INFO - engine.game_state - Move: VC Room
2026-04-18 07:02:25,478 - INFO - engine.game_state - Suggestion: Suggestion(Suspect=Hashem Sir, Weapon=Anti Cutter, Location=VC Room)
2026-04-18 07:02:25,478 - INFO - engine.game_state - AI Player 2 revealed a card
2026-04-18 07:02:25,478 - INFO - engine.game_state - Accusation Decision: False
2026-04-18 07:02:25,478 - INFO - engine.game_state - --- AI Player 2 (ExpectiminimaxAI) Turn ---
2026-04-18 07:02:25,478 - INFO - engine.game_state - Dice: 7
2026-04-18 07:02:25,485 - INFO - engine.game_state - Move: Library
2026-04-18 07:02:25,596 - INFO - engine.game_state - Suggestion: Suggestion(Suspect=Hashem Sir, Weapon=Anti Cutter, Location=Library)
2026-04-18 07:02:25,597 - INFO - engine.game_state - AI Player 3 revealed a card
2026-04-18 07:02:25,597 - INFO - engine.game_state - Accusation Decision: False
2026-04-18 07:02:25,597 - INFO - engine.game_state - --- AI Player 3 (NegamaxAI) Turn ---
2026-04-18 07:02:25,597 - INFO - engine.game_state - Dice: 7
2026-04-18 07:02:25,608 - INFO - engine.game_state - Move: Library
2026-04-18 07:02:25,705 - INFO - engine.game_state - Suggestion: Suggestion(Suspect=Hashem Sir, Weapon=Anti Cutter, Location=Library)
2026-04-18 07:02:25,706 - INFO - engine.game_state - AI Player 2 revealed a card
2026-04-18 07:02:25,706 - INFO - engine.game_state - Accusation Decision: False
2026-04-18 07:02:25,706 - INFO - engine.game_state - --- AI Player 2 (ExpectiminimaxAI) Turn ---
2026-04-18 07:02:25,706 - INFO - engine.game_state - Dice: 9
2026-04-18 07:02:25,712 - INFO - engine.game_state - Move: Academic Building
2026-04-18 07:02:25,815 - INFO - engine.game_state - Suggestion: Suggestion(Suspect=Hashem Sir, Weapon=Anti Cutter, Location=Academic Building)
2026-04-18 07:02:25,815 - INFO - engine.game_state - No one could disprove
2026-04-18 07:02:25,815 - INFO - engine.game_state - Accusation Decision: False
2026-04-18 07:02:25,815 - INFO - engine.game_state - --- AI Player 3 (NegamaxAI) Turn ---
2026-04-18 07:02:25,816 - INFO - engine.game_state - Dice: 10
2026-04-18 07:02:25,827 - INFO - engine.game_state - Move: Academic Building
2026-04-18 07:02:25,943 - INFO - engine.game_state - Suggestion: Suggestion(Suspect=Hashem Sir, Weapon=Anti Cutter, Location=Academic Building)
2026-04-18 07:02:25,943 - INFO - engine.game_state - AI Player 2 revealed a card
2026-04-18 07:02:25,943 - INFO - engine.game_state - Accusation Decision: False
2026-04-18 07:02:25,943 - INFO - engine.game_state - --- AI Player 2 (ExpectiminimaxAI) Turn ---
2026-04-18 07:02:25,943 - INFO - engine.game_state - Dice: 9
2026-04-18 07:02:25,952 - INFO - engine.game_state - Move: Library
2026-04-18 07:02:26,036 - INFO - engine.game_state - Suggestion: Suggestion(Suspect=Hashem Sir, Weapon=Anti Cutter, Location=Library)
2026-04-18 07:02:26,036 - INFO - engine.game_state - AI Player 3 revealed a card
2026-04-18 07:02:26,037 - INFO - engine.game_state - Accusation Decision: False
2026-04-18 07:02:26,037 - INFO - engine.game_state - --- AI Player 3 (NegamaxAI) Turn ---
2026-04-18 07:02:26,037 - INFO - engine.game_state - Dice: 7
2026-04-18 07:02:26,050 - INFO - engine.game_state - Move: Library
2026-04-18 07:02:26,158 - INFO - engine.game_state - Suggestion: Suggestion(Suspect=Hashem Sir, Weapon=Anti Cutter, Location=Library)
2026-04-18 07:02:26,159 - INFO - engine.game_state - AI Player 2 revealed a card
2026-04-18 07:02:26,159 - INFO - engine.game_state - Accusation Decision: False
2026-04-18 07:02:26,159 - INFO - engine.game_state - --- AI Player 2 (ExpectiminimaxAI) Turn ---
2026-04-18 07:02:26,160 - INFO - engine.game_state - Dice: 7
2026-04-18 07:02:26,168 - INFO - engine.game_state - Move: Academic Building
2026-04-18 07:02:26,305 - INFO - engine.game_state - Suggestion: Suggestion(Suspect=Hashem Sir, Weapon=Anti Cutter, Location=Academic Building)
2026-04-18 07:02:26,306 - INFO - engine.game_state - No one could disprove
2026-04-18 07:02:26,306 - INFO - engine.game_state - Accusation Decision: False
2026-04-18 07:02:26,306 - INFO - engine.game_state - --- AI Player 3 (NegamaxAI) Turn ---
2026-04-18 07:02:26,307 - INFO - engine.game_state - Dice: 10
2026-04-18 07:02:26,314 - INFO - engine.game_state - Move: Academic Building
2026-04-18 07:02:26,436 - INFO - engine.game_state - Suggestion: Suggestion(Suspect=Hashem Sir, Weapon=Anti Cutter, Location=Academic Building)
2026-04-18 07:02:26,436 - INFO - engine.game_state - AI Player 2 revealed a card
2026-04-18 07:02:26,437 - INFO - engine.game_state - Accusation Decision: False
2026-04-18 07:02:26,437 - INFO - engine.game_state - --- AI Player 2 (ExpectiminimaxAI) Turn ---
2026-04-18 07:02:26,437 - INFO - engine.game_state - Dice: 9
2026-04-18 07:02:26,446 - INFO - engine.game_state - Move: Library
2026-04-18 07:02:26,534 - INFO - engine.game_state - Suggestion: Suggestion(Suspect=Hashem Sir, Weapon=Anti Cutter, Location=Library)
2026-04-18 07:02:26,534 - INFO - engine.game_state - AI Player 3 revealed a card
2026-04-18 07:02:26,534 - INFO - engine.game_state - Accusation Decision: False
2026-04-18 07:02:26,534 - INFO - engine.game_state - --- AI Player 3 (NegamaxAI) Turn ---
2026-04-18 07:02:26,535 - INFO - engine.game_state - Dice: 9
2026-04-18 07:02:26,544 - INFO - engine.game_state - Move: Library
2026-04-18 07:02:26,642 - INFO - engine.game_state - Suggestion: Suggestion(Suspect=Hashem Sir, Weapon=Anti Cutter, Location=Library)
2026-04-18 07:02:26,642 - INFO - engine.game_state - AI Player 2 revealed a card
2026-04-18 07:02:26,643 - INFO - engine.game_state - Accusation Decision: False
2026-04-18 07:02:26,643 - INFO - engine.game_state - --- AI Player 2 (ExpectiminimaxAI) Turn ---
2026-04-18 07:02:26,643 - INFO - engine.game_state - Dice: 7
2026-04-18 07:02:26,654 - INFO - engine.game_state - Move: Academic Building
2026-04-18 07:02:26,760 - INFO - engine.game_state - Suggestion: Suggestion(Suspect=Hashem Sir, Weapon=Anti Cutter, Location=Academic Building)
2026-04-18 07:02:26,761 - INFO - engine.game_state - No one could disprove
2026-04-18 07:02:26,761 - INFO - engine.game_state - Accusation Decision: False
2026-04-18 07:02:26,761 - INFO - engine.game_state - --- AI Player 3 (NegamaxAI) Turn ---
2026-04-18 07:02:26,762 - INFO - engine.game_state - Dice: 8
2026-04-18 07:02:26,768 - INFO - engine.game_state - Move: Academic Building
2026-04-18 07:02:26,880 - INFO - engine.game_state - Suggestion: Suggestion(Suspect=Hashem Sir, Weapon=Anti Cutter, Location=Academic Building)
2026-04-18 07:02:26,880 - INFO - engine.game_state - AI Player 2 revealed a card
2026-04-18 07:02:26,881 - INFO - engine.game_state - Accusation Decision: False
2026-04-18 07:02:26,881 - INFO - engine.game_state - --- AI Player 2 (ExpectiminimaxAI) Turn ---
2026-04-18 07:02:26,881 - INFO - engine.game_state - Dice: 8
2026-04-18 07:02:26,891 - INFO - engine.game_state - Move: Library
2026-04-18 07:02:26,991 - INFO - engine.game_state - Suggestion: Suggestion(Suspect=Hashem Sir, Weapon=Anti Cutter, Location=Library)
2026-04-18 07:02:26,991 - INFO - engine.game_state - AI Player 3 revealed a card
2026-04-18 07:02:26,991 - INFO - engine.game_state - Accusation Decision: False
2026-04-18 07:02:26,992 - INFO - engine.game_state - --- AI Player 3 (NegamaxAI) Turn ---
2026-04-18 07:02:26,992 - INFO - engine.game_state - Dice: 6
2026-04-18 07:02:27,000 - INFO - engine.game_state - Move: Library
2026-04-18 07:02:27,105 - INFO - engine.game_state - Suggestion: Suggestion(Suspect=Hashem Sir, Weapon=Anti Cutter, Location=Library)
2026-04-18 07:02:27,105 - INFO - engine.game_state - AI Player 2 revealed a card
2026-04-18 07:02:27,106 - INFO - engine.game_state - Accusation Decision: False
2026-04-18 07:02:27,106 - INFO - engine.game_state - --- AI Player 2 (ExpectiminimaxAI) Turn ---
2026-04-18 07:02:27,106 - INFO - engine.game_state - Dice: 7
2026-04-18 07:02:27,112 - INFO - engine.game_state - Move: Academic Building
2026-04-18 07:02:27,215 - INFO - engine.game_state - Suggestion: Suggestion(Suspect=Hashem Sir, Weapon=Anti Cutter, Location=Academic Building)
2026-04-18 07:02:27,215 - INFO - engine.game_state - No one could disprove
2026-04-18 07:02:27,215 - INFO - engine.game_state - Accusation Decision: False
2026-04-18 07:02:27,216 - INFO - engine.game_state - --- AI Player 3 (NegamaxAI) Turn ---
2026-04-18 07:02:27,216 - INFO - engine.game_state - Dice: 2
2026-04-18 07:02:27,219 - INFO - engine.game_state - Move: VC Room
2026-04-18 07:02:27,299 - INFO - engine.game_state - Suggestion: Suggestion(Suspect=Hashem Sir, Weapon=Anti Cutter, Location=VC Room)
2026-04-18 07:02:27,299 - INFO - engine.game_state - AI Player 2 revealed a card
2026-04-18 07:02:27,299 - INFO - engine.game_state - Accusation Decision: False
2026-04-18 07:02:27,299 - INFO - engine.game_state - --- AI Player 2 (ExpectiminimaxAI) Turn ---
2026-04-18 07:02:27,299 - INFO - engine.game_state - Dice: 7
2026-04-18 07:02:27,307 - INFO - engine.game_state - Move: Library
2026-04-18 07:02:27,389 - INFO - engine.game_state - Suggestion: Suggestion(Suspect=Hashem Sir, Weapon=Anti Cutter, Location=Library)
2026-04-18 07:02:27,389 - INFO - engine.game_state - AI Player 3 revealed a card
2026-04-18 07:02:27,389 - INFO - engine.game_state - Accusation Decision: False
2026-04-18 07:02:27,389 - INFO - engine.game_state - --- AI Player 3 (NegamaxAI) Turn ---
2026-04-18 07:02:27,389 - INFO - engine.game_state - Dice: 11
2026-04-18 07:02:27,397 - INFO - engine.game_state - Move: Library
2026-04-18 07:02:27,487 - INFO - engine.game_state - Suggestion: Suggestion(Suspect=Hashem Sir, Weapon=Anti Cutter, Location=Library)
2026-04-18 07:02:27,488 - INFO - engine.game_state - AI Player 2 revealed a card
2026-04-18 07:02:27,488 - INFO - engine.game_state - Accusation Decision: False
2026-04-18 07:02:27,488 - INFO - engine.game_state - --- AI Player 2 (ExpectiminimaxAI) Turn ---
2026-04-18 07:02:27,488 - INFO - engine.game_state - Dice: 5
2026-04-18 07:02:27,493 - INFO - engine.game_state - Move: Academic Building
2026-04-18 07:02:27,595 - INFO - engine.game_state - Suggestion: Suggestion(Suspect=Hashem Sir, Weapon=Anti Cutter, Location=Academic Building)
2026-04-18 07:02:27,595 - INFO - engine.game_state - No one could disprove
2026-04-18 07:02:27,595 - INFO - engine.game_state - Accusation Decision: False
2026-04-18 07:02:27,595 - INFO - engine.game_state - --- AI Player 3 (NegamaxAI) Turn ---
2026-04-18 07:02:27,595 - INFO - engine.game_state - Dice: 7
2026-04-18 07:02:27,604 - INFO - engine.game_state - Move: Academic Building
2026-04-18 07:02:27,706 - INFO - engine.game_state - Suggestion: Suggestion(Suspect=Hashem Sir, Weapon=Anti Cutter, Location=Academic Building)
2026-04-18 07:02:27,707 - INFO - engine.game_state - AI Player 2 revealed a card
2026-04-18 07:02:27,707 - INFO - engine.game_state - Accusation Decision: False
2026-04-18 07:02:27,707 - INFO - engine.game_state - --- AI Player 2 (ExpectiminimaxAI) Turn ---
2026-04-18 07:02:27,707 - INFO - engine.game_state - Dice: 8
2026-04-18 07:02:27,716 - INFO - engine.game_state - Move: Library
2026-04-18 07:02:27,833 - INFO - engine.game_state - Suggestion: Suggestion(Suspect=Hashem Sir, Weapon=Anti Cutter, Location=Library)
2026-04-18 07:02:27,833 - INFO - engine.game_state - AI Player 3 revealed a card
2026-04-18 07:02:27,834 - INFO - engine.game_state - Accusation Decision: False
2026-04-18 07:02:27,834 - INFO - engine.game_state - --- AI Player 3 (NegamaxAI) Turn ---
2026-04-18 07:02:27,834 - INFO - engine.game_state - Dice: 6
2026-04-18 07:02:27,845 - INFO - engine.game_state - Move: Library
2026-04-18 07:02:27,944 - INFO - engine.game_state - Suggestion: Suggestion(Suspect=Hashem Sir, Weapon=Anti Cutter, Location=Library)
2026-04-18 07:02:27,944 - INFO - engine.game_state - AI Player 2 revealed a card
2026-04-18 07:02:27,944 - INFO - engine.game_state - Accusation Decision: False
2026-04-18 07:02:27,945 - INFO - engine.game_state - --- AI Player 2 (ExpectiminimaxAI) Turn ---
2026-04-18 07:02:27,945 - INFO - engine.game_state - Dice: 4
2026-04-18 07:02:27,950 - INFO - engine.game_state - Move: Academic Building
2026-04-18 07:02:28,061 - INFO - engine.game_state - Suggestion: Suggestion(Suspect=Hashem Sir, Weapon=Anti Cutter, Location=Academic Building)
2026-04-18 07:02:28,061 - INFO - engine.game_state - No one could disprove
2026-04-18 07:02:28,061 - INFO - engine.game_state - Accusation Decision: False
2026-04-18 07:02:28,062 - INFO - engine.game_state - --- AI Player 3 (NegamaxAI) Turn ---
2026-04-18 07:02:28,062 - INFO - engine.game_state - Dice: 6
2026-04-18 07:02:28,070 - INFO - engine.game_state - Move: Academic Building
2026-04-18 07:02:28,174 - INFO - engine.game_state - Suggestion: Suggestion(Suspect=Hashem Sir, Weapon=Anti Cutter, Location=Academic Building)
2026-04-18 07:02:28,174 - INFO - engine.game_state - AI Player 2 revealed a card
2026-04-18 07:02:28,175 - INFO - engine.game_state - Accusation Decision: False
2026-04-18 07:02:28,175 - INFO - engine.game_state - --- AI Player 2 (ExpectiminimaxAI) Turn ---
2026-04-18 07:02:28,175 - INFO - engine.game_state - Dice: 5
2026-04-18 07:02:28,182 - INFO - engine.game_state - Move: Library
2026-04-18 07:02:28,265 - INFO - engine.game_state - Suggestion: Suggestion(Suspect=Hashem Sir, Weapon=Anti Cutter, Location=Library)
2026-04-18 07:02:28,265 - INFO - engine.game_state - AI Player 3 revealed a card
2026-04-18 07:02:28,265 - INFO - engine.game_state - Accusation Decision: False
2026-04-18 07:02:28,265 - INFO - engine.game_state - --- AI Player 3 (NegamaxAI) Turn ---
2026-04-18 07:02:28,265 - INFO - engine.game_state - Dice: 2
2026-04-18 07:02:28,267 - INFO - engine.game_state - Move: VC Room
2026-04-18 07:02:28,360 - INFO - engine.game_state - Suggestion: Suggestion(Suspect=Hashem Sir, Weapon=Anti Cutter, Location=VC Room)
2026-04-18 07:02:28,360 - INFO - engine.game_state - AI Player 2 revealed a card
2026-04-18 07:02:28,361 - INFO - engine.game_state - Accusation Decision: False
2026-04-18 07:02:28,361 - INFO - engine.game_state - --- AI Player 2 (ExpectiminimaxAI) Turn ---
2026-04-18 07:02:28,361 - INFO - engine.game_state - Dice: 9
2026-04-18 07:02:28,368 - INFO - engine.game_state - Move: Academic Building
2026-04-18 07:02:28,496 - INFO - engine.game_state - Suggestion: Suggestion(Suspect=Hashem Sir, Weapon=Anti Cutter, Location=Academic Building)
2026-04-18 07:02:28,496 - INFO - engine.game_state - No one could disprove
2026-04-18 07:02:28,497 - INFO - engine.game_state - Accusation Decision: False
2026-04-18 07:02:28,497 - INFO - engine.game_state - --- AI Player 3 (NegamaxAI) Turn ---
2026-04-18 07:02:28,497 - INFO - engine.game_state - Dice: 7
2026-04-18 07:02:28,507 - INFO - engine.game_state - Move: Library
2026-04-18 07:02:28,604 - INFO - engine.game_state - Suggestion: Suggestion(Suspect=Hashem Sir, Weapon=Anti Cutter, Location=Library)
2026-04-18 07:02:28,604 - INFO - engine.game_state - AI Player 2 revealed a card
2026-04-18 07:02:28,605 - INFO - engine.game_state - Accusation Decision: False
2026-04-18 07:02:28,605 - INFO - engine.game_state - --- AI Player 2 (ExpectiminimaxAI) Turn ---
2026-04-18 07:02:28,605 - INFO - engine.game_state - Dice: 8
2026-04-18 07:02:28,615 - INFO - engine.game_state - Move: Library
2026-04-18 07:02:28,703 - INFO - engine.game_state - Suggestion: Suggestion(Suspect=Hashem Sir, Weapon=Anti Cutter, Location=Library)
2026-04-18 07:02:28,703 - INFO - engine.game_state - AI Player 3 revealed a card
2026-04-18 07:02:28,703 - INFO - engine.game_state - Accusation Decision: False
2026-04-18 07:02:28,703 - INFO - engine.game_state - --- AI Player 3 (NegamaxAI) Turn ---
2026-04-18 07:02:28,703 - INFO - engine.game_state - Dice: 7
2026-04-18 07:02:28,712 - INFO - engine.game_state - Move: Academic Building
2026-04-18 07:02:28,818 - INFO - engine.game_state - Suggestion: Suggestion(Suspect=Hashem Sir, Weapon=Anti Cutter, Location=Academic Building)
2026-04-18 07:02:28,818 - INFO - engine.game_state - AI Player 2 revealed a card
2026-04-18 07:02:28,818 - INFO - engine.game_state - Accusation Decision: False
2026-04-18 07:02:28,818 - INFO - engine.game_state - --- AI Player 2 (ExpectiminimaxAI) Turn ---
2026-04-18 07:02:28,818 - INFO - engine.game_state - Dice: 11
2026-04-18 07:02:28,827 - INFO - engine.game_state - Move: Academic Building
2026-04-18 07:02:28,939 - INFO - engine.game_state - Suggestion: Suggestion(Suspect=Hashem Sir, Weapon=Anti Cutter, Location=Academic Building)
2026-04-18 07:02:28,940 - INFO - engine.game_state - No one could disprove
2026-04-18 07:02:28,940 - INFO - engine.game_state - Accusation Decision: False
2026-04-18 07:02:28,940 - INFO - engine.game_state - --- AI Player 3 (NegamaxAI) Turn ---
2026-04-18 07:02:28,940 - INFO - engine.game_state - Dice: 6
2026-04-18 07:02:28,950 - INFO - engine.game_state - Move: Library
2026-04-18 07:02:29,042 - INFO - engine.game_state - Suggestion: Suggestion(Suspect=Hashem Sir, Weapon=Anti Cutter, Location=Library)
2026-04-18 07:02:29,043 - INFO - engine.game_state - AI Player 2 revealed a card
2026-04-18 07:02:29,043 - INFO - engine.game_state - Accusation Decision: False
2026-04-18 07:02:29,043 - INFO - engine.game_state - --- AI Player 2 (ExpectiminimaxAI) Turn ---
2026-04-18 07:02:29,043 - INFO - engine.game_state - Dice: 7
2026-04-18 07:02:29,054 - INFO - engine.game_state - Move: Library
2026-04-18 07:02:29,147 - INFO - engine.game_state - Suggestion: Suggestion(Suspect=Hashem Sir, Weapon=Anti Cutter, Location=Library)
2026-04-18 07:02:29,148 - INFO - engine.game_state - AI Player 3 revealed a card
2026-04-18 07:02:29,148 - INFO - engine.game_state - Accusation Decision: False
2026-04-18 07:02:29,148 - INFO - engine.game_state - --- AI Player 3 (NegamaxAI) Turn ---
2026-04-18 07:02:29,148 - INFO - engine.game_state - Dice: 8
2026-04-18 07:02:29,156 - INFO - engine.game_state - Move: Academic Building
2026-04-18 07:02:29,276 - INFO - engine.game_state - Suggestion: Suggestion(Suspect=Hashem Sir, Weapon=Anti Cutter, Location=Academic Building)
2026-04-18 07:02:29,277 - INFO - engine.game_state - AI Player 2 revealed a card
2026-04-18 07:02:29,277 - INFO - engine.game_state - Accusation Decision: False
2026-04-18 07:02:29,277 - INFO - engine.game_state - --- AI Player 2 (ExpectiminimaxAI) Turn ---
2026-04-18 07:02:29,277 - INFO - engine.game_state - Dice: 3
2026-04-18 07:02:29,281 - INFO - engine.game_state - Move: Pocket Gate
2026-04-18 07:02:29,367 - INFO - engine.game_state - Suggestion: Suggestion(Suspect=Hashem Sir, Weapon=Anti Cutter, Location=Pocket Gate)
2026-04-18 07:02:29,368 - INFO - engine.game_state - No one could disprove
2026-04-18 07:02:29,368 - INFO - engine.game_state - Accusation Decision: False
2026-04-18 07:02:29,368 - INFO - engine.game_state - --- AI Player 3 (NegamaxAI) Turn ---
2026-04-18 07:02:29,368 - INFO - engine.game_state - Dice: 11
2026-04-18 07:02:29,378 - INFO - engine.game_state - Move: Library
2026-04-18 07:02:29,471 - INFO - engine.game_state - Suggestion: Suggestion(Suspect=Hashem Sir, Weapon=Anti Cutter, Location=Library)
2026-04-18 07:02:29,472 - INFO - engine.game_state - AI Player 2 revealed a card
2026-04-18 07:02:29,472 - INFO - engine.game_state - Accusation Decision: False
2026-04-18 07:02:29,472 - INFO - engine.game_state - --- AI Player 2 (ExpectiminimaxAI) Turn ---
2026-04-18 07:02:29,472 - INFO - engine.game_state - Dice: 10
2026-04-18 07:02:29,478 - INFO - engine.game_state - Move: Central Field
2026-04-18 07:02:29,597 - INFO - engine.game_state - Suggestion: Suggestion(Suspect=Hashem Sir, Weapon=Anti Cutter, Location=Central Field)
2026-04-18 07:02:29,598 - INFO - engine.game_state - AI Player 1 revealed a card
2026-04-18 07:02:29,598 - INFO - engine.game_state - Accusation Decision: False
2026-04-18 07:02:29,598 - INFO - engine.game_state - --- AI Player 3 (NegamaxAI) Turn ---
2026-04-18 07:02:29,598 - INFO - engine.game_state - Dice: 7
2026-04-18 07:02:29,606 - INFO - engine.game_state - Move: Academic Building
2026-04-18 07:02:29,717 - INFO - engine.game_state - Suggestion: Suggestion(Suspect=Hashem Sir, Weapon=Anti Cutter, Location=Academic Building)
2026-04-18 07:02:29,717 - INFO - engine.game_state - AI Player 2 revealed a card
2026-04-18 07:02:29,718 - INFO - engine.game_state - Accusation Decision: False
2026-04-18 07:02:29,718 - INFO - engine.game_state - --- AI Player 2 (ExpectiminimaxAI) Turn ---
2026-04-18 07:02:29,718 - INFO - engine.game_state - Dice: 5
2026-04-18 07:02:29,726 - INFO - engine.game_state - Move: Amar Ekushey Hall
2026-04-18 07:02:29,796 - INFO - engine.game_state - Suggestion: Suggestion(Suspect=Hashem Sir, Weapon=Anti Cutter, Location=Amar Ekushey Hall)
2026-04-18 07:02:29,796 - INFO - engine.game_state - AI Player 3 revealed a card
2026-04-18 07:02:29,797 - INFO - engine.game_state - Accusation Decision: False
2026-04-18 07:02:29,797 - INFO - engine.game_state - --- AI Player 3 (NegamaxAI) Turn ---
2026-04-18 07:02:29,797 - INFO - engine.game_state - Dice: 7
2026-04-18 07:02:29,806 - INFO - engine.game_state - Move: Library
2026-04-18 07:02:29,897 - INFO - engine.game_state - Suggestion: Suggestion(Suspect=Hashem Sir, Weapon=Anti Cutter, Location=Library)
2026-04-18 07:02:29,898 - INFO - engine.game_state - AI Player 2 revealed a card
2026-04-18 07:02:29,898 - INFO - engine.game_state - Accusation Decision: False
2026-04-18 07:02:29,898 - INFO - engine.game_state - --- AI Player 2 (ExpectiminimaxAI) Turn ---
2026-04-18 07:02:29,898 - INFO - engine.game_state - Dice: 9
2026-04-18 07:02:29,903 - INFO - engine.game_state - Move: Rokeya Hall
2026-04-18 07:02:30,041 - INFO - engine.game_state - Suggestion: Suggestion(Suspect=Hashem Sir, Weapon=Anti Cutter, Location=Rokeya Hall)
2026-04-18 07:02:30,042 - INFO - engine.game_state - AI Player 3 revealed a card
2026-04-18 07:02:30,042 - INFO - engine.game_state - Accusation Decision: False
2026-04-18 07:02:30,042 - INFO - engine.game_state - --- AI Player 3 (NegamaxAI) Turn ---
2026-04-18 07:02:30,042 - INFO - engine.game_state - Dice: 4
2026-04-18 07:02:30,053 - INFO - engine.game_state - Move: Academic Building
2026-04-18 07:02:30,163 - INFO - engine.game_state - Suggestion: Suggestion(Suspect=Hashem Sir, Weapon=Anti Cutter, Location=Academic Building)
2026-04-18 07:02:30,164 - INFO - engine.game_state - AI Player 2 revealed a card
2026-04-18 07:02:30,164 - INFO - engine.game_state - Accusation Decision: False
2026-04-18 07:02:30,164 - INFO - engine.game_state - --- AI Player 2 (ExpectiminimaxAI) Turn ---
2026-04-18 07:02:30,165 - INFO - engine.game_state - Dice: 6
2026-04-18 07:02:30,173 - INFO - engine.game_state - Move: Pocket Gate
2026-04-18 07:02:30,227 - INFO - engine.game_state - Suggestion: Suggestion(Suspect=Hashem Sir, Weapon=Anti Cutter, Location=Pocket Gate)
2026-04-18 07:02:30,227 - INFO - engine.game_state - No one could disprove
2026-04-18 07:02:30,227 - INFO - engine.game_state - Accusation Decision: False
2026-04-18 07:02:30,228 - INFO - engine.game_state - --- AI Player 3 (NegamaxAI) Turn ---
2026-04-18 07:02:30,228 - INFO - engine.game_state - Dice: 4
2026-04-18 07:02:30,242 - INFO - engine.game_state - Move: Library
2026-04-18 07:02:30,334 - INFO - engine.game_state - Suggestion: Suggestion(Suspect=Hashem Sir, Weapon=Anti Cutter, Location=Library)
2026-04-18 07:02:30,334 - INFO - engine.game_state - AI Player 2 revealed a card
2026-04-18 07:02:30,335 - INFO - engine.game_state - Accusation Decision: False
2026-04-18 07:02:30,335 - INFO - engine.game_state - --- AI Player 2 (ExpectiminimaxAI) Turn ---
2026-04-18 07:02:30,335 - INFO - engine.game_state - Dice: 7
2026-04-18 07:02:30,343 - INFO - engine.game_state - Move: Central Field
2026-04-18 07:02:30,472 - INFO - engine.game_state - Suggestion: Suggestion(Suspect=Hashem Sir, Weapon=Anti Cutter, Location=Central Field)
2026-04-18 07:02:30,473 - INFO - engine.game_state - AI Player 1 revealed a card
2026-04-18 07:02:30,473 - INFO - engine.game_state - Accusation Decision: False
2026-04-18 07:02:30,473 - INFO - engine.game_state - --- AI Player 3 (NegamaxAI) Turn ---
2026-04-18 07:02:30,473 - INFO - engine.game_state - Dice: 4
2026-04-18 07:02:30,485 - INFO - engine.game_state - Move: Academic Building
2026-04-18 07:02:30,593 - INFO - engine.game_state - Suggestion: Suggestion(Suspect=Hashem Sir, Weapon=Anti Cutter, Location=Academic Building)
2026-04-18 07:02:30,593 - INFO - engine.game_state - AI Player 2 revealed a card
2026-04-18 07:02:30,593 - INFO - engine.game_state - Accusation Decision: False
2026-04-18 07:02:30,593 - INFO - engine.game_state - --- AI Player 2 (ExpectiminimaxAI) Turn ---
2026-04-18 07:02:30,594 - INFO - engine.game_state - Dice: 11
2026-04-18 07:02:30,605 - INFO - engine.game_state - Move: Pocket Gate
2026-04-18 07:02:30,664 - INFO - engine.game_state - Suggestion: Suggestion(Suspect=Hashem Sir, Weapon=Anti Cutter, Location=Pocket Gate)
2026-04-18 07:02:30,664 - INFO - engine.game_state - No one could disprove
2026-04-18 07:02:30,665 - INFO - engine.game_state - Accusation Decision: False
2026-04-18 07:02:30,665 - INFO - engine.game_state - --- AI Player 3 (NegamaxAI) Turn ---
2026-04-18 07:02:30,665 - INFO - engine.game_state - Dice: 5
2026-04-18 07:02:30,674 - INFO - engine.game_state - Move: Library
2026-04-18 07:02:30,761 - INFO - engine.game_state - Suggestion: Suggestion(Suspect=Hashem Sir, Weapon=Anti Cutter, Location=Library)
2026-04-18 07:02:30,762 - INFO - engine.game_state - AI Player 2 revealed a card
2026-04-18 07:02:30,762 - INFO - engine.game_state - Accusation Decision: False
2026-04-18 07:02:30,762 - INFO - engine.game_state - --- AI Player 2 (ExpectiminimaxAI) Turn ---
2026-04-18 07:02:30,762 - INFO - engine.game_state - Dice: 6
2026-04-18 07:02:30,773 - INFO - engine.game_state - Move: Central Field
2026-04-18 07:02:30,904 - INFO - engine.game_state - Suggestion: Suggestion(Suspect=Hashem Sir, Weapon=Anti Cutter, Location=Central Field)
2026-04-18 07:02:30,904 - INFO - engine.game_state - AI Player 1 revealed a card
2026-04-18 07:02:30,904 - INFO - engine.game_state - Accusation Decision: False
2026-04-18 07:02:30,904 - INFO - engine.game_state - --- AI Player 3 (NegamaxAI) Turn ---
2026-04-18 07:02:30,904 - INFO - engine.game_state - Dice: 11
2026-04-18 07:02:30,913 - INFO - engine.game_state - Move: Academic Building
2026-04-18 07:02:31,007 - INFO - engine.game_state - Suggestion: Suggestion(Suspect=Hashem Sir, Weapon=Anti Cutter, Location=Academic Building)
2026-04-18 07:02:31,007 - INFO - engine.game_state - AI Player 2 revealed a card
2026-04-18 07:02:31,007 - INFO - engine.game_state - Accusation Decision: False
2026-04-18 07:02:31,008 - INFO - engine.game_state - --- AI Player 2 (ExpectiminimaxAI) Turn ---
2026-04-18 07:02:31,008 - INFO - engine.game_state - Dice: 6
2026-04-18 07:02:31,017 - INFO - engine.game_state - Move: Pocket Gate
2026-04-18 07:02:31,072 - INFO - engine.game_state - Suggestion: Suggestion(Suspect=Hashem Sir, Weapon=Anti Cutter, Location=Pocket Gate)
2026-04-18 07:02:31,072 - INFO - engine.game_state - No one could disprove
2026-04-18 07:02:31,072 - INFO - engine.game_state - Accusation Decision: False
2026-04-18 07:02:31,072 - INFO - engine.game_state - --- AI Player 3 (NegamaxAI) Turn ---
2026-04-18 07:02:31,072 - INFO - engine.game_state - Dice: 8
2026-04-18 07:02:31,081 - INFO - engine.game_state - Move: Library
2026-04-18 07:02:31,183 - INFO - engine.game_state - Suggestion: Suggestion(Suspect=Hashem Sir, Weapon=Anti Cutter, Location=Library)
2026-04-18 07:02:31,184 - INFO - engine.game_state - AI Player 2 revealed a card
2026-04-18 07:02:31,184 - INFO - engine.game_state - Accusation Decision: False
2026-04-18 07:02:31,184 - INFO - engine.game_state - --- AI Player 2 (ExpectiminimaxAI) Turn ---
2026-04-18 07:02:31,185 - INFO - engine.game_state - Dice: 6
2026-04-18 07:02:31,200 - INFO - engine.game_state - Move: Central Field
2026-04-18 07:02:31,327 - INFO - engine.game_state - Suggestion: Suggestion(Suspect=Hashem Sir, Weapon=Anti Cutter, Location=Central Field)
2026-04-18 07:02:31,327 - INFO - engine.game_state - AI Player 1 revealed a card
2026-04-18 07:02:31,327 - INFO - engine.game_state - Accusation Decision: False
2026-04-18 07:02:31,328 - INFO - engine.game_state - --- AI Player 3 (NegamaxAI) Turn ---
2026-04-18 07:02:31,328 - INFO - engine.game_state - Dice: 8
2026-04-18 07:02:31,337 - INFO - engine.game_state - Move: Academic Building
2026-04-18 07:02:31,436 - INFO - engine.game_state - Suggestion: Suggestion(Suspect=Hashem Sir, Weapon=Anti Cutter, Location=Academic Building)
2026-04-18 07:02:31,437 - INFO - engine.game_state - AI Player 2 revealed a card
2026-04-18 07:02:31,437 - INFO - engine.game_state - Accusation Decision: False
2026-04-18 07:02:31,437 - INFO - engine.game_state - --- AI Player 2 (ExpectiminimaxAI) Turn ---
2026-04-18 07:02:31,437 - INFO - engine.game_state - Dice: 8
2026-04-18 07:02:31,448 - INFO - engine.game_state - Move: Pocket Gate
2026-04-18 07:02:31,505 - INFO - engine.game_state - Suggestion: Suggestion(Suspect=Hashem Sir, Weapon=Anti Cutter, Location=Pocket Gate)
2026-04-18 07:02:31,505 - INFO - engine.game_state - No one could disprove
2026-04-18 07:02:31,505 - INFO - engine.game_state - Accusation Decision: False
2026-04-18 07:02:31,505 - INFO - engine.game_state - --- AI Player 3 (NegamaxAI) Turn ---
2026-04-18 07:02:31,505 - INFO - engine.game_state - Dice: 6
2026-04-18 07:02:31,515 - INFO - engine.game_state - Move: Library
2026-04-18 07:02:31,624 - INFO - engine.game_state - Suggestion: Suggestion(Suspect=Hashem Sir, Weapon=Anti Cutter, Location=Library)
2026-04-18 07:02:31,624 - INFO - engine.game_state - AI Player 2 revealed a card
2026-04-18 07:02:31,625 - INFO - engine.game_state - Accusation Decision: False
2026-04-18 07:02:31,625 - INFO - engine.game_state - --- AI Player 2 (ExpectiminimaxAI) Turn ---
2026-04-18 07:02:31,625 - INFO - engine.game_state - Dice: 11
2026-04-18 07:02:31,633 - INFO - engine.game_state - Move: Central Field
2026-04-18 07:02:31,750 - INFO - engine.game_state - Suggestion: Suggestion(Suspect=Hashem Sir, Weapon=Anti Cutter, Location=Central Field)
2026-04-18 07:02:31,750 - INFO - engine.game_state - AI Player 1 revealed a card
2026-04-18 07:02:31,750 - INFO - engine.game_state - Accusation Decision: False
2026-04-18 07:02:31,750 - INFO - engine.game_state - --- AI Player 3 (NegamaxAI) Turn ---
2026-04-18 07:02:31,751 - INFO - engine.game_state - Dice: 5
2026-04-18 07:02:31,759 - INFO - engine.game_state - Move: Academic Building
2026-04-18 07:02:31,863 - INFO - engine.game_state - Suggestion: Suggestion(Suspect=Hashem Sir, Weapon=Anti Cutter, Location=Academic Building)
2026-04-18 07:02:31,863 - INFO - engine.game_state - AI Player 2 revealed a card
2026-04-18 07:02:31,863 - INFO - engine.game_state - Accusation Decision: False
2026-04-18 07:02:31,864 - INFO - engine.game_state - --- AI Player 2 (ExpectiminimaxAI) Turn ---
2026-04-18 07:02:31,864 - INFO - engine.game_state - Dice: 8
2026-04-18 07:02:31,873 - INFO - engine.game_state - Move: Pocket Gate
2026-04-18 07:02:31,933 - INFO - engine.game_state - Suggestion: Suggestion(Suspect=Hashem Sir, Weapon=Anti Cutter, Location=Pocket Gate)
2026-04-18 07:02:31,933 - INFO - engine.game_state - No one could disprove
2026-04-18 07:02:31,933 - INFO - engine.game_state - Accusation Decision: False
2026-04-18 07:02:31,933 - INFO - engine.game_state - --- AI Player 3 (NegamaxAI) Turn ---
2026-04-18 07:02:31,933 - INFO - engine.game_state - Dice: 5
2026-04-18 07:02:31,943 - INFO - engine.game_state - Move: Library
2026-04-18 07:02:32,036 - INFO - engine.game_state - Suggestion: Suggestion(Suspect=Hashem Sir, Weapon=Anti Cutter, Location=Library)
2026-04-18 07:02:32,036 - INFO - engine.game_state - AI Player 2 revealed a card
2026-04-18 07:02:32,036 - INFO - engine.game_state - Accusation Decision: False
2026-04-18 07:02:32,036 - INFO - engine.game_state - --- AI Player 2 (ExpectiminimaxAI) Turn ---
2026-04-18 07:02:32,036 - INFO - engine.game_state - Dice: 8
2026-04-18 07:02:32,044 - INFO - engine.game_state - Move: Central Field
2026-04-18 07:02:32,167 - INFO - engine.game_state - Suggestion: Suggestion(Suspect=Hashem Sir, Weapon=Anti Cutter, Location=Central Field)
2026-04-18 07:02:32,168 - INFO - engine.game_state - AI Player 1 revealed a card
2026-04-18 07:02:32,168 - INFO - engine.game_state - Accusation Decision: False
2026-04-18 07:02:32,168 - INFO - engine.game_state - --- AI Player 3 (NegamaxAI) Turn ---
2026-04-18 07:02:32,168 - INFO - engine.game_state - Dice: 11
2026-04-18 07:02:32,175 - INFO - engine.game_state - Move: Academic Building
2026-04-18 07:02:32,278 - INFO - engine.game_state - Suggestion: Suggestion(Suspect=Hashem Sir, Weapon=Anti Cutter, Location=Academic Building)
2026-04-18 07:02:32,278 - INFO - engine.game_state - AI Player 2 revealed a card
2026-04-18 07:02:32,278 - INFO - engine.game_state - Accusation Decision: False
2026-04-18 07:02:32,278 - INFO - engine.game_state - --- AI Player 2 (ExpectiminimaxAI) Turn ---
2026-04-18 07:02:32,279 - INFO - engine.game_state - Dice: 7
2026-04-18 07:02:32,290 - INFO - engine.game_state - Move: Pocket Gate
2026-04-18 07:02:32,347 - INFO - engine.game_state - Suggestion: Suggestion(Suspect=Hashem Sir, Weapon=Anti Cutter, Location=Pocket Gate)
2026-04-18 07:02:32,348 - INFO - engine.game_state - No one could disprove
2026-04-18 07:02:32,348 - INFO - engine.game_state - Accusation Decision: False
2026-04-18 07:02:32,348 - INFO - engine.game_state - --- AI Player 3 (NegamaxAI) Turn ---
2026-04-18 07:02:32,348 - INFO - engine.game_state - Dice: 7
2026-04-18 07:02:32,357 - INFO - engine.game_state - Move: Library
2026-04-18 07:02:32,444 - INFO - engine.game_state - Suggestion: Suggestion(Suspect=Hashem Sir, Weapon=Anti Cutter, Location=Library)
2026-04-18 07:02:32,445 - INFO - engine.game_state - AI Player 2 revealed a card
2026-04-18 07:02:32,445 - INFO - engine.game_state - Accusation Decision: False
2026-04-18 07:02:32,445 - INFO - engine.game_state - --- AI Player 2 (ExpectiminimaxAI) Turn ---
2026-04-18 07:02:32,445 - INFO - engine.game_state - Dice: 5
2026-04-18 07:02:32,453 - INFO - engine.game_state - Move: Central Field
2026-04-18 07:02:32,578 - INFO - engine.game_state - Suggestion: Suggestion(Suspect=Hashem Sir, Weapon=Anti Cutter, Location=Central Field)
2026-04-18 07:02:32,578 - INFO - engine.game_state - AI Player 1 revealed a card
2026-04-18 07:02:32,578 - INFO - engine.game_state - Accusation Decision: False
2026-04-18 07:02:32,578 - INFO - engine.game_state - --- AI Player 3 (NegamaxAI) Turn ---
2026-04-18 07:02:32,578 - INFO - engine.game_state - Dice: 3
2026-04-18 07:02:32,584 - INFO - engine.game_state - Move: VC Room
2026-04-18 07:02:32,684 - INFO - engine.game_state - Suggestion: Suggestion(Suspect=Hashem Sir, Weapon=Anti Cutter, Location=VC Room)
2026-04-18 07:02:32,684 - INFO - engine.game_state - AI Player 2 revealed a card
2026-04-18 07:02:32,685 - INFO - engine.game_state - Accusation Decision: False
2026-04-18 07:02:32,685 - INFO - engine.game_state - --- AI Player 2 (ExpectiminimaxAI) Turn ---
2026-04-18 07:02:32,685 - INFO - engine.game_state - Dice: 11
2026-04-18 07:02:32,694 - INFO - engine.game_state - Move: Pocket Gate
2026-04-18 07:02:32,752 - INFO - engine.game_state - Suggestion: Suggestion(Suspect=Hashem Sir, Weapon=Anti Cutter, Location=Pocket Gate)
2026-04-18 07:02:32,752 - INFO - engine.game_state - No one could disprove
2026-04-18 07:02:32,752 - INFO - engine.game_state - Accusation Decision: False
2026-04-18 07:02:32,752 - INFO - engine.game_state - --- AI Player 3 (NegamaxAI) Turn ---
2026-04-18 07:02:32,752 - INFO - engine.game_state - Dice: 12
2026-04-18 07:02:32,762 - INFO - engine.game_state - Move: Library
2026-04-18 07:02:32,860 - INFO - engine.game_state - Suggestion: Suggestion(Suspect=Hashem Sir, Weapon=Anti Cutter, Location=Library)
2026-04-18 07:02:32,860 - INFO - engine.game_state - AI Player 2 revealed a card
2026-04-18 07:02:32,860 - INFO - engine.game_state - Accusation Decision: False
2026-04-18 07:02:32,860 - INFO - engine.game_state - --- AI Player 2 (ExpectiminimaxAI) Turn ---
2026-04-18 07:02:32,861 - INFO - engine.game_state - Dice: 4
2026-04-18 07:02:32,871 - INFO - engine.game_state - Move: Central Field
2026-04-18 07:02:32,987 - INFO - engine.game_state - Suggestion: Suggestion(Suspect=Hashem Sir, Weapon=Anti Cutter, Location=Central Field)
2026-04-18 07:02:32,988 - INFO - engine.game_state - AI Player 1 revealed a card
2026-04-18 07:02:32,988 - INFO - engine.game_state - Accusation Decision: False
2026-04-18 07:02:32,988 - INFO - engine.game_state - --- AI Player 3 (NegamaxAI) Turn ---
2026-04-18 07:02:32,988 - INFO - engine.game_state - Dice: 5
2026-04-18 07:02:32,996 - INFO - engine.game_state - Move: Academic Building
2026-04-18 07:02:33,108 - INFO - engine.game_state - Suggestion: Suggestion(Suspect=Hashem Sir, Weapon=Anti Cutter, Location=Academic Building)
2026-04-18 07:02:33,108 - INFO - engine.game_state - AI Player 2 revealed a card
2026-04-18 07:02:33,108 - INFO - engine.game_state - Accusation Decision: False
2026-04-18 07:02:33,109 - INFO - engine.game_state - --- AI Player 2 (ExpectiminimaxAI) Turn ---
2026-04-18 07:02:33,109 - INFO - engine.game_state - Dice: 10
2026-04-18 07:02:33,118 - INFO - engine.game_state - Move: Pocket Gate
2026-04-18 07:02:33,176 - INFO - engine.game_state - Suggestion: Suggestion(Suspect=Hashem Sir, Weapon=Anti Cutter, Location=Pocket Gate)
2026-04-18 07:02:33,177 - INFO - engine.game_state - No one could disprove
2026-04-18 07:02:33,177 - INFO - engine.game_state - Accusation Decision: False
2026-04-18 07:02:33,177 - INFO - engine.game_state - --- AI Player 3 (NegamaxAI) Turn ---
2026-04-18 07:02:33,177 - INFO - engine.game_state - Dice: 4
2026-04-18 07:02:33,192 - INFO - engine.game_state - Move: Library
2026-04-18 07:02:33,295 - INFO - engine.game_state - Suggestion: Suggestion(Suspect=Hashem Sir, Weapon=Anti Cutter, Location=Library)
2026-04-18 07:02:33,296 - INFO - engine.game_state - AI Player 2 revealed a card
2026-04-18 07:02:33,296 - INFO - engine.game_state - Accusation Decision: False
2026-04-18 07:02:33,296 - INFO - engine.game_state - --- AI Player 2 (ExpectiminimaxAI) Turn ---
2026-04-18 07:02:33,296 - INFO - engine.game_state - Dice: 7
2026-04-18 07:02:33,304 - INFO - engine.game_state - Move: Central Field
2026-04-18 07:02:33,440 - INFO - engine.game_state - Suggestion: Suggestion(Suspect=Hashem Sir, Weapon=Anti Cutter, Location=Central Field)
2026-04-18 07:02:33,440 - INFO - engine.game_state - AI Player 1 revealed a card
2026-04-18 07:02:33,441 - INFO - engine.game_state - Accusation Decision: False
2026-04-18 07:02:33,441 - INFO - engine.game_state - --- AI Player 3 (NegamaxAI) Turn ---
2026-04-18 07:02:33,441 - INFO - engine.game_state - Dice: 7
2026-04-18 07:02:33,452 - INFO - engine.game_state - Move: Academic Building
2026-04-18 07:02:33,565 - INFO - engine.game_state - Suggestion: Suggestion(Suspect=Hashem Sir, Weapon=Anti Cutter, Location=Academic Building)
2026-04-18 07:02:33,565 - INFO - engine.game_state - AI Player 2 revealed a card
2026-04-18 07:02:33,566 - INFO - engine.game_state - Accusation Decision: False
2026-04-18 07:02:33,566 - INFO - engine.game_state - --- AI Player 2 (ExpectiminimaxAI) Turn ---
2026-04-18 07:02:33,566 - INFO - engine.game_state - Dice: 8
2026-04-18 07:02:33,576 - INFO - engine.game_state - Move: Pocket Gate
2026-04-18 07:02:33,632 - INFO - engine.game_state - Suggestion: Suggestion(Suspect=Hashem Sir, Weapon=Anti Cutter, Location=Pocket Gate)
2026-04-18 07:02:33,632 - INFO - engine.game_state - No one could disprove
2026-04-18 07:02:33,632 - INFO - engine.game_state - Accusation Decision: False
2026-04-18 07:02:33,632 - INFO - engine.game_state - --- AI Player 3 (NegamaxAI) Turn ---
2026-04-18 07:02:33,633 - INFO - engine.game_state - Dice: 9
2026-04-18 07:02:33,641 - INFO - engine.game_state - Move: Library
2026-04-18 07:02:33,762 - INFO - engine.game_state - Suggestion: Suggestion(Suspect=Hashem Sir, Weapon=Anti Cutter, Location=Library)
2026-04-18 07:02:33,763 - INFO - engine.game_state - AI Player 2 revealed a card
2026-04-18 07:02:33,763 - INFO - engine.game_state - Accusation Decision: False
2026-04-18 07:02:33,763 - INFO - engine.game_state - --- AI Player 2 (ExpectiminimaxAI) Turn ---
2026-04-18 07:02:33,763 - INFO - engine.game_state - Dice: 7
2026-04-18 07:02:33,773 - INFO - engine.game_state - Move: Central Field
2026-04-18 07:02:33,897 - INFO - engine.game_state - Suggestion: Suggestion(Suspect=Hashem Sir, Weapon=Anti Cutter, Location=Central Field)
2026-04-18 07:02:33,898 - INFO - engine.game_state - AI Player 1 revealed a card
2026-04-18 07:02:33,898 - INFO - engine.game_state - Accusation Decision: False
2026-04-18 07:02:33,898 - INFO - engine.game_state - --- AI Player 3 (NegamaxAI) Turn ---
2026-04-18 07:02:33,898 - INFO - engine.game_state - Dice: 6
2026-04-18 07:02:33,906 - INFO - engine.game_state - Move: Academic Building
2026-04-18 07:02:34,008 - INFO - engine.game_state - Suggestion: Suggestion(Suspect=Hashem Sir, Weapon=Anti Cutter, Location=Academic Building)
2026-04-18 07:02:34,009 - INFO - engine.game_state - AI Player 2 revealed a card
2026-04-18 07:02:34,009 - INFO - engine.game_state - Accusation Decision: False
2026-04-18 07:02:34,010 - INFO - engine.game_state - --- AI Player 2 (ExpectiminimaxAI) Turn ---
2026-04-18 07:02:34,010 - INFO - engine.game_state - Dice: 9
2026-04-18 07:02:34,021 - INFO - engine.game_state - Move: Pocket Gate
2026-04-18 07:02:34,083 - INFO - engine.game_state - Suggestion: Suggestion(Suspect=Hashem Sir, Weapon=Anti Cutter, Location=Pocket Gate)
2026-04-18 07:02:34,083 - INFO - engine.game_state - No one could disprove
2026-04-18 07:02:34,084 - INFO - engine.game_state - Accusation Decision: False
2026-04-18 07:02:34,084 - INFO - engine.game_state - --- AI Player 3 (NegamaxAI) Turn ---
2026-04-18 07:02:34,084 - INFO - engine.game_state - Dice: 9
2026-04-18 07:02:34,095 - INFO - engine.game_state - Move: Library
2026-04-18 07:02:34,200 - INFO - engine.game_state - Suggestion: Suggestion(Suspect=Hashem Sir, Weapon=Anti Cutter, Location=Library)
2026-04-18 07:02:34,200 - INFO - engine.game_state - AI Player 2 revealed a card
2026-04-18 07:02:34,200 - INFO - engine.game_state - Accusation Decision: False
2026-04-18 07:02:34,200 - INFO - engine.game_state - --- AI Player 2 (ExpectiminimaxAI) Turn ---
2026-04-18 07:02:34,201 - INFO - engine.game_state - Dice: 2
2026-04-18 07:02:34,204 - INFO - engine.game_state - Move: Central Field
2026-04-18 07:02:34,247 - INFO - engine.game_state - Suggestion: Suggestion(Suspect=Hashem Sir, Weapon=Anti Cutter, Location=Central Field)
2026-04-18 07:02:34,248 - INFO - engine.game_state - AI Player 1 revealed a card
2026-04-18 07:02:34,248 - INFO - engine.game_state - Accusation Decision: False
2026-04-18 07:02:34,248 - INFO - engine.game_state - --- AI Player 3 (NegamaxAI) Turn ---
2026-04-18 07:02:34,249 - INFO - engine.game_state - Dice: 7
2026-04-18 07:02:34,257 - INFO - engine.game_state - Move: Academic Building
2026-04-18 07:02:34,359 - INFO - engine.game_state - Suggestion: Suggestion(Suspect=Hashem Sir, Weapon=Anti Cutter, Location=Academic Building)
2026-04-18 07:02:34,359 - INFO - engine.game_state - AI Player 2 revealed a card
2026-04-18 07:02:34,359 - INFO - engine.game_state - Accusation Decision: False
2026-04-18 07:02:34,360 - INFO - engine.game_state - --- AI Player 2 (ExpectiminimaxAI) Turn ---
2026-04-18 07:02:34,360 - INFO - engine.game_state - Dice: 8
2026-04-18 07:02:34,369 - INFO - engine.game_state - Move: Pocket Gate
2026-04-18 07:02:34,433 - INFO - engine.game_state - Suggestion: Suggestion(Suspect=Hashem Sir, Weapon=Anti Cutter, Location=Pocket Gate)
2026-04-18 07:02:34,433 - INFO - engine.game_state - No one could disprove
2026-04-18 07:02:34,434 - INFO - engine.game_state - Accusation Decision: False
2026-04-18 07:02:34,434 - INFO - engine.game_state - --- AI Player 3 (NegamaxAI) Turn ---
2026-04-18 07:02:34,434 - INFO - engine.game_state - Dice: 5
2026-04-18 07:02:34,444 - INFO - engine.game_state - Move: Library
2026-04-18 07:02:34,545 - INFO - engine.game_state - Suggestion: Suggestion(Suspect=Hashem Sir, Weapon=Anti Cutter, Location=Library)
2026-04-18 07:02:34,545 - INFO - engine.game_state - AI Player 2 revealed a card
2026-04-18 07:02:34,546 - INFO - engine.game_state - Accusation Decision: False
2026-04-18 07:02:34,546 - INFO - engine.game_state - --- AI Player 2 (ExpectiminimaxAI) Turn ---
2026-04-18 07:02:34,546 - INFO - engine.game_state - Dice: 10
2026-04-18 07:02:34,554 - INFO - engine.game_state - Move: Central Field
2026-04-18 07:02:34,673 - INFO - engine.game_state - Suggestion: Suggestion(Suspect=Hashem Sir, Weapon=Anti Cutter, Location=Central Field)
2026-04-18 07:02:34,673 - INFO - engine.game_state - AI Player 1 revealed a card
2026-04-18 07:02:34,673 - INFO - engine.game_state - Accusation Decision: False
2026-04-18 07:02:34,673 - INFO - engine.game_state - --- AI Player 3 (NegamaxAI) Turn ---
2026-04-18 07:02:34,673 - INFO - engine.game_state - Dice: 9
2026-04-18 07:02:34,681 - INFO - engine.game_state - Move: Academic Building
2026-04-18 07:02:34,795 - INFO - engine.game_state - Suggestion: Suggestion(Suspect=Hashem Sir, Weapon=Anti Cutter, Location=Academic Building)
2026-04-18 07:02:34,795 - INFO - engine.game_state - AI Player 2 revealed a card
2026-04-18 07:02:34,796 - INFO - engine.game_state - Accusation Decision: False
2026-04-18 07:02:34,796 - INFO - engine.game_state - --- AI Player 2 (ExpectiminimaxAI) Turn ---
2026-04-18 07:02:34,796 - INFO - engine.game_state - Dice: 7
2026-04-18 07:02:34,809 - INFO - engine.game_state - Move: Pocket Gate
2026-04-18 07:02:34,877 - INFO - engine.game_state - Suggestion: Suggestion(Suspect=Hashem Sir, Weapon=Anti Cutter, Location=Pocket Gate)
2026-04-18 07:02:34,877 - INFO - engine.game_state - No one could disprove
2026-04-18 07:02:34,877 - INFO - engine.game_state - Accusation Decision: False
2026-04-18 07:02:34,878 - INFO - engine.game_state - --- AI Player 3 (NegamaxAI) Turn ---
2026-04-18 07:02:34,878 - INFO - engine.game_state - Dice: 4
2026-04-18 07:02:34,887 - INFO - engine.game_state - Move: Library
2026-04-18 07:02:34,983 - INFO - engine.game_state - Suggestion: Suggestion(Suspect=Hashem Sir, Weapon=Anti Cutter, Location=Library)
2026-04-18 07:02:34,984 - INFO - engine.game_state - AI Player 2 revealed a card
2026-04-18 07:02:34,984 - INFO - engine.game_state - Accusation Decision: False
2026-04-18 07:02:34,984 - INFO - engine.game_state - --- AI Player 2 (ExpectiminimaxAI) Turn ---
2026-04-18 07:02:34,984 - INFO - engine.game_state - Dice: 8
2026-04-18 07:02:34,993 - INFO - engine.game_state - Move: Central Field
2026-04-18 07:02:35,112 - INFO - engine.game_state - Suggestion: Suggestion(Suspect=Hashem Sir, Weapon=Anti Cutter, Location=Central Field)
2026-04-18 07:02:35,112 - INFO - engine.game_state - AI Player 1 revealed a card
2026-04-18 07:02:35,112 - INFO - engine.game_state - Accusation Decision: False
2026-04-18 07:02:35,112 - INFO - engine.game_state - --- AI Player 3 (NegamaxAI) Turn ---
2026-04-18 07:02:35,113 - INFO - engine.game_state - Dice: 7
2026-04-18 07:02:35,120 - INFO - engine.game_state - Move: Academic Building
2026-04-18 07:02:35,216 - INFO - engine.game_state - Suggestion: Suggestion(Suspect=Hashem Sir, Weapon=Anti Cutter, Location=Academic Building)
2026-04-18 07:02:35,216 - INFO - engine.game_state - AI Player 2 revealed a card
2026-04-18 07:02:35,217 - INFO - engine.game_state - Accusation Decision: False
2026-04-18 07:02:35,217 - INFO - engine.game_state - --- AI Player 2 (ExpectiminimaxAI) Turn ---
2026-04-18 07:02:35,217 - INFO - engine.game_state - Dice: 4
2026-04-18 07:02:35,230 - INFO - engine.game_state - Move: Pocket Gate
2026-04-18 07:02:35,294 - INFO - engine.game_state - Suggestion: Suggestion(Suspect=Hashem Sir, Weapon=Anti Cutter, Location=Pocket Gate)
2026-04-18 07:02:35,294 - INFO - engine.game_state - No one could disprove
2026-04-18 07:02:35,295 - INFO - engine.game_state - Accusation Decision: False
2026-04-18 07:02:35,295 - INFO - engine.game_state - --- AI Player 3 (NegamaxAI) Turn ---
2026-04-18 07:02:35,295 - INFO - engine.game_state - Dice: 10
2026-04-18 07:02:35,305 - INFO - engine.game_state - Move: Library
2026-04-18 07:02:35,420 - INFO - engine.game_state - Suggestion: Suggestion(Suspect=Hashem Sir, Weapon=Anti Cutter, Location=Library)
2026-04-18 07:02:35,421 - INFO - engine.game_state - AI Player 2 revealed a card
2026-04-18 07:02:35,421 - INFO - engine.game_state - Accusation Decision: False
2026-04-18 07:02:35,421 - INFO - engine.game_state - --- AI Player 2 (ExpectiminimaxAI) Turn ---
2026-04-18 07:02:35,421 - INFO - engine.game_state - Dice: 7
2026-04-18 07:02:35,430 - INFO - engine.game_state - Move: Central Field
2026-04-18 07:02:35,583 - INFO - engine.game_state - Suggestion: Suggestion(Suspect=Hashem Sir, Weapon=Anti Cutter, Location=Central Field)
2026-04-18 07:02:35,583 - INFO - engine.game_state - AI Player 1 revealed a card
2026-04-18 07:02:35,583 - INFO - engine.game_state - Accusation Decision: False
2026-04-18 07:02:35,584 - INFO - engine.game_state - --- AI Player 3 (NegamaxAI) Turn ---
2026-04-18 07:02:35,584 - INFO - engine.game_state - Dice: 4
2026-04-18 07:02:35,591 - INFO - engine.game_state - Move: Academic Building
2026-04-18 07:02:35,711 - INFO - engine.game_state - Suggestion: Suggestion(Suspect=Hashem Sir, Weapon=Anti Cutter, Location=Academic Building)
2026-04-18 07:02:35,712 - INFO - engine.game_state - AI Player 2 revealed a card
2026-04-18 07:02:35,712 - INFO - engine.game_state - Accusation Decision: False
2026-04-18 07:02:35,712 - INFO - engine.game_state - --- AI Player 2 (ExpectiminimaxAI) Turn ---
2026-04-18 07:02:35,712 - INFO - engine.game_state - Dice: 7
2026-04-18 07:02:35,729 - INFO - engine.game_state - Move: Pocket Gate
2026-04-18 07:02:35,793 - INFO - engine.game_state - Suggestion: Suggestion(Suspect=Hashem Sir, Weapon=Anti Cutter, Location=Pocket Gate)
2026-04-18 07:02:35,793 - INFO - engine.game_state - No one could disprove
2026-04-18 07:02:35,793 - INFO - engine.game_state - Accusation Decision: False
2026-04-18 07:02:35,794 - INFO - engine.game_state - --- AI Player 3 (NegamaxAI) Turn ---
2026-04-18 07:02:35,794 - INFO - engine.game_state - Dice: 7
2026-04-18 07:02:35,805 - INFO - engine.game_state - Move: Library
2026-04-18 07:02:35,892 - INFO - engine.game_state - Suggestion: Suggestion(Suspect=Hashem Sir, Weapon=Anti Cutter, Location=Library)
2026-04-18 07:02:35,893 - INFO - engine.game_state - AI Player 2 revealed a card
2026-04-18 07:02:35,893 - INFO - engine.game_state - Accusation Decision: False
2026-04-18 07:02:35,893 - INFO - engine.game_state - --- AI Player 2 (ExpectiminimaxAI) Turn ---
2026-04-18 07:02:35,893 - INFO - engine.game_state - Dice: 5
2026-04-18 07:02:35,901 - INFO - engine.game_state - Move: Central Field
2026-04-18 07:02:36,031 - INFO - engine.game_state - Suggestion: Suggestion(Suspect=Hashem Sir, Weapon=Anti Cutter, Location=Central Field)
2026-04-18 07:02:36,031 - INFO - engine.game_state - AI Player 1 revealed a card
2026-04-18 07:02:36,031 - INFO - engine.game_state - Accusation Decision: False
2026-04-18 07:02:36,031 - INFO - engine.game_state - --- AI Player 3 (NegamaxAI) Turn ---
2026-04-18 07:02:36,032 - INFO - engine.game_state - Dice: 6
2026-04-18 07:02:36,039 - INFO - engine.game_state - Move: Academic Building
2026-04-18 07:02:36,140 - INFO - engine.game_state - Suggestion: Suggestion(Suspect=Hashem Sir, Weapon=Anti Cutter, Location=Academic Building)
2026-04-18 07:02:36,140 - INFO - engine.game_state - AI Player 2 revealed a card
2026-04-18 07:02:36,140 - INFO - engine.game_state - Accusation Decision: False
2026-04-18 07:02:36,141 - INFO - engine.game_state - --- AI Player 2 (ExpectiminimaxAI) Turn ---
2026-04-18 07:02:36,141 - INFO - engine.game_state - Dice: 8
2026-04-18 07:02:36,151 - INFO - engine.game_state - Move: Pocket Gate
2026-04-18 07:02:36,213 - INFO - engine.game_state - Suggestion: Suggestion(Suspect=Hashem Sir, Weapon=Anti Cutter, Location=Pocket Gate)
2026-04-18 07:02:36,214 - INFO - engine.game_state - No one could disprove
2026-04-18 07:02:36,214 - INFO - engine.game_state - Accusation Decision: False
2026-04-18 07:02:36,214 - INFO - engine.game_state - --- AI Player 3 (NegamaxAI) Turn ---
2026-04-18 07:02:36,214 - INFO - engine.game_state - Dice: 10
2026-04-18 07:02:36,224 - INFO - engine.game_state - Move: Library
2026-04-18 07:02:36,353 - INFO - engine.game_state - Suggestion: Suggestion(Suspect=Hashem Sir, Weapon=Anti Cutter, Location=Library)
2026-04-18 07:02:36,353 - INFO - engine.game_state - AI Player 2 revealed a card
2026-04-18 07:02:36,353 - INFO - engine.game_state - Accusation Decision: False
2026-04-18 07:02:36,353 - INFO - engine.game_state - --- AI Player 2 (ExpectiminimaxAI) Turn ---
2026-04-18 07:02:36,353 - INFO - engine.game_state - Dice: 5
2026-04-18 07:02:36,363 - INFO - engine.game_state - Move: Central Field
2026-04-18 07:02:36,491 - INFO - engine.game_state - Suggestion: Suggestion(Suspect=Hashem Sir, Weapon=Anti Cutter, Location=Central Field)
2026-04-18 07:02:36,491 - INFO - engine.game_state - AI Player 1 revealed a card
2026-04-18 07:02:36,491 - INFO - engine.game_state - Accusation Decision: False
2026-04-18 07:02:36,492 - INFO - engine.game_state - --- AI Player 3 (NegamaxAI) Turn ---
2026-04-18 07:02:36,492 - INFO - engine.game_state - Dice: 10
2026-04-18 07:02:36,503 - INFO - engine.game_state - Move: Academic Building
2026-04-18 07:02:36,623 - INFO - engine.game_state - Suggestion: Suggestion(Suspect=Hashem Sir, Weapon=Anti Cutter, Location=Academic Building)
2026-04-18 07:02:36,624 - INFO - engine.game_state - AI Player 2 revealed a card
2026-04-18 07:02:36,624 - INFO - engine.game_state - Accusation Decision: False
2026-04-18 07:02:36,625 - INFO - engine.game_state - --- AI Player 2 (ExpectiminimaxAI) Turn ---
2026-04-18 07:02:36,625 - INFO - engine.game_state - Dice: 7
2026-04-18 07:02:36,638 - INFO - engine.game_state - Move: Pocket Gate
2026-04-18 07:02:36,694 - INFO - engine.game_state - Suggestion: Suggestion(Suspect=Hashem Sir, Weapon=Anti Cutter, Location=Pocket Gate)
2026-04-18 07:02:36,695 - INFO - engine.game_state - No one could disprove
2026-04-18 07:02:36,695 - INFO - engine.game_state - Accusation Decision: False
2026-04-18 07:02:36,695 - INFO - engine.game_state - --- AI Player 3 (NegamaxAI) Turn ---
2026-04-18 07:02:36,695 - INFO - engine.game_state - Dice: 10
2026-04-18 07:02:36,705 - INFO - engine.game_state - Move: Library
2026-04-18 07:02:36,841 - INFO - engine.game_state - Suggestion: Suggestion(Suspect=Hashem Sir, Weapon=Anti Cutter, Location=Library)
2026-04-18 07:02:36,842 - INFO - engine.game_state - AI Player 2 revealed a card
2026-04-18 07:02:36,842 - INFO - engine.game_state - Accusation Decision: False
2026-04-18 07:02:36,842 - INFO - engine.game_state - --- AI Player 2 (ExpectiminimaxAI) Turn ---
2026-04-18 07:02:36,843 - INFO - engine.game_state - Dice: 7
2026-04-18 07:02:36,853 - INFO - engine.game_state - Move: Central Field
2026-04-18 07:02:37,011 - INFO - engine.game_state - Suggestion: Suggestion(Suspect=Hashem Sir, Weapon=Anti Cutter, Location=Central Field)
2026-04-18 07:02:37,012 - INFO - engine.game_state - AI Player 1 revealed a card
2026-04-18 07:02:37,012 - INFO - engine.game_state - Accusation Decision: False
2026-04-18 07:02:37,012 - INFO - engine.game_state - --- AI Player 3 (NegamaxAI) Turn ---
2026-04-18 07:02:37,013 - INFO - engine.game_state - Dice: 5
2026-04-18 07:02:37,023 - INFO - engine.game_state - Move: Academic Building
2026-04-18 07:02:37,131 - INFO - engine.game_state - Suggestion: Suggestion(Suspect=Hashem Sir, Weapon=Anti Cutter, Location=Academic Building)
2026-04-18 07:02:37,132 - INFO - engine.game_state - AI Player 2 revealed a card
2026-04-18 07:02:37,132 - INFO - engine.game_state - Accusation Decision: False
2026-04-18 07:02:37,132 - INFO - engine.game_state - --- AI Player 2 (ExpectiminimaxAI) Turn ---
2026-04-18 07:02:37,132 - INFO - engine.game_state - Dice: 4
2026-04-18 07:02:37,146 - INFO - engine.game_state - Move: Pocket Gate
2026-04-18 07:02:37,198 - INFO - engine.game_state - Suggestion: Suggestion(Suspect=Hashem Sir, Weapon=Anti Cutter, Location=Pocket Gate)
2026-04-18 07:02:37,199 - INFO - engine.game_state - No one could disprove
2026-04-18 07:02:37,199 - INFO - engine.game_state - Accusation Decision: False
2026-04-18 07:02:37,199 - INFO - engine.game_state - --- AI Player 3 (NegamaxAI) Turn ---
2026-04-18 07:02:37,199 - INFO - engine.game_state - Dice: 11
2026-04-18 07:02:37,212 - INFO - engine.game_state - Move: Library
2026-04-18 07:02:37,312 - INFO - engine.game_state - Suggestion: Suggestion(Suspect=Hashem Sir, Weapon=Anti Cutter, Location=Library)
2026-04-18 07:02:37,313 - INFO - engine.game_state - AI Player 2 revealed a card
2026-04-18 07:02:37,313 - INFO - engine.game_state - Accusation Decision: False
2026-04-18 07:02:37,313 - INFO - engine.game_state - --- AI Player 2 (ExpectiminimaxAI) Turn ---
2026-04-18 07:02:37,313 - INFO - engine.game_state - Dice: 5
2026-04-18 07:02:37,324 - INFO - engine.game_state - Move: Central Field
2026-04-18 07:02:37,448 - INFO - engine.game_state - Suggestion: Suggestion(Suspect=Hashem Sir, Weapon=Anti Cutter, Location=Central Field)
2026-04-18 07:02:37,448 - INFO - engine.game_state - AI Player 1 revealed a card
2026-04-18 07:02:37,448 - INFO - engine.game_state - Accusation Decision: False
2026-04-18 07:02:37,448 - INFO - engine.game_state - --- AI Player 3 (NegamaxAI) Turn ---
2026-04-18 07:02:37,449 - INFO - engine.game_state - Dice: 8
2026-04-18 07:02:37,456 - INFO - engine.game_state - Move: Academic Building
2026-04-18 07:02:37,580 - INFO - engine.game_state - Suggestion: Suggestion(Suspect=Hashem Sir, Weapon=Anti Cutter, Location=Academic Building)
2026-04-18 07:02:37,580 - INFO - engine.game_state - AI Player 2 revealed a card
2026-04-18 07:02:37,580 - INFO - engine.game_state - Accusation Decision: False
2026-04-18 07:02:37,581 - INFO - engine.game_state - --- AI Player 2 (ExpectiminimaxAI) Turn ---
2026-04-18 07:02:37,581 - INFO - engine.game_state - Dice: 2
2026-04-18 07:02:37,582 - INFO - engine.game_state - Move: Pocket Gate
2026-04-18 07:02:37,627 - INFO - engine.game_state - Suggestion: Suggestion(Suspect=Hashem Sir, Weapon=Anti Cutter, Location=Pocket Gate)
2026-04-18 07:02:37,628 - INFO - engine.game_state - No one could disprove
2026-04-18 07:02:37,628 - INFO - engine.game_state - Accusation Decision: False
2026-04-18 07:02:37,628 - INFO - engine.game_state - --- AI Player 3 (NegamaxAI) Turn ---
2026-04-18 07:02:37,628 - INFO - engine.game_state - Dice: 8
2026-04-18 07:02:37,637 - INFO - engine.game_state - Move: Library
2026-04-18 07:02:37,729 - INFO - engine.game_state - Suggestion: Suggestion(Suspect=Hashem Sir, Weapon=Anti Cutter, Location=Library)
2026-04-18 07:02:37,730 - INFO - engine.game_state - AI Player 2 revealed a card
2026-04-18 07:02:37,730 - INFO - engine.game_state - Accusation Decision: False
2026-04-18 07:02:37,730 - INFO - engine.game_state - --- AI Player 2 (ExpectiminimaxAI) Turn ---
2026-04-18 07:02:37,730 - INFO - engine.game_state - Dice: 9
2026-04-18 07:02:37,738 - INFO - engine.game_state - Move: Central Field
2026-04-18 07:02:37,888 - INFO - engine.game_state - Suggestion: Suggestion(Suspect=Hashem Sir, Weapon=Anti Cutter, Location=Central Field)
2026-04-18 07:02:37,888 - INFO - engine.game_state - AI Player 1 revealed a card
2026-04-18 07:02:37,888 - INFO - engine.game_state - Accusation Decision: False
2026-04-18 07:02:37,888 - INFO - engine.game_state - --- AI Player 3 (NegamaxAI) Turn ---
2026-04-18 07:02:37,889 - INFO - engine.game_state - Dice: 3
2026-04-18 07:02:37,895 - INFO - engine.game_state - Move: VC Room
2026-04-18 07:02:37,970 - INFO - engine.game_state - Suggestion: Suggestion(Suspect=Hashem Sir, Weapon=Anti Cutter, Location=VC Room)
2026-04-18 07:02:37,971 - INFO - engine.game_state - AI Player 2 revealed a card
2026-04-18 07:02:37,971 - INFO - engine.game_state - Accusation Decision: False
2026-04-18 07:02:37,971 - INFO - engine.game_state - --- AI Player 2 (ExpectiminimaxAI) Turn ---
2026-04-18 07:02:37,971 - INFO - engine.game_state - Dice: 8
2026-04-18 07:02:37,982 - INFO - engine.game_state - Move: Pocket Gate
2026-04-18 07:02:38,033 - INFO - engine.game_state - Suggestion: Suggestion(Suspect=Hashem Sir, Weapon=Anti Cutter, Location=Pocket Gate)
2026-04-18 07:02:38,033 - INFO - engine.game_state - No one could disprove
2026-04-18 07:02:38,034 - INFO - engine.game_state - Accusation Decision: False
2026-04-18 07:02:38,034 - INFO - engine.game_state - --- AI Player 3 (NegamaxAI) Turn ---
2026-04-18 07:02:38,034 - INFO - engine.game_state - Dice: 11
2026-04-18 07:02:38,044 - INFO - engine.game_state - Move: Library
2026-04-18 07:02:38,133 - INFO - engine.game_state - Suggestion: Suggestion(Suspect=Hashem Sir, Weapon=Anti Cutter, Location=Library)
2026-04-18 07:02:38,133 - INFO - engine.game_state - AI Player 2 revealed a card
2026-04-18 07:02:38,133 - INFO - engine.game_state - Accusation Decision: False
2026-04-18 07:02:38,133 - INFO - engine.game_state - --- AI Player 2 (ExpectiminimaxAI) Turn ---
2026-04-18 07:02:38,133 - INFO - engine.game_state - Dice: 6
2026-04-18 07:02:38,141 - INFO - engine.game_state - Move: Central Field
2026-04-18 07:02:38,261 - INFO - engine.game_state - Suggestion: Suggestion(Suspect=Hashem Sir, Weapon=Anti Cutter, Location=Central Field)
2026-04-18 07:02:38,262 - INFO - engine.game_state - AI Player 1 revealed a card
2026-04-18 07:02:38,262 - INFO - engine.game_state - Accusation Decision: False
2026-04-18 07:02:38,262 - INFO - engine.game_state - --- AI Player 3 (NegamaxAI) Turn ---
2026-04-18 07:02:38,262 - INFO - engine.game_state - Dice: 6
2026-04-18 07:02:38,269 - INFO - engine.game_state - Move: Academic Building
2026-04-18 07:02:38,370 - INFO - engine.game_state - Suggestion: Suggestion(Suspect=Hashem Sir, Weapon=Anti Cutter, Location=Academic Building)
2026-04-18 07:02:38,371 - INFO - engine.game_state - AI Player 2 revealed a card
2026-04-18 07:02:38,371 - INFO - engine.game_state - Accusation Decision: False
2026-04-18 07:02:38,371 - INFO - engine.game_state - --- AI Player 2 (ExpectiminimaxAI) Turn ---
2026-04-18 07:02:38,371 - INFO - engine.game_state - Dice: 5
2026-04-18 07:02:38,380 - INFO - engine.game_state - Move: Pocket Gate
2026-04-18 07:02:38,436 - INFO - engine.game_state - Suggestion: Suggestion(Suspect=Hashem Sir, Weapon=Anti Cutter, Location=Pocket Gate)
2026-04-18 07:02:38,436 - INFO - engine.game_state - No one could disprove
2026-04-18 07:02:38,436 - INFO - engine.game_state - Accusation Decision: False
2026-04-18 07:02:38,436 - INFO - engine.game_state - --- AI Player 3 (NegamaxAI) Turn ---
2026-04-18 07:02:38,436 - INFO - engine.game_state - Dice: 6
2026-04-18 07:02:38,445 - INFO - engine.game_state - Move: Library
2026-04-18 07:02:38,558 - INFO - engine.game_state - Suggestion: Suggestion(Suspect=Hashem Sir, Weapon=Anti Cutter, Location=Library)
2026-04-18 07:02:38,559 - INFO - engine.game_state - AI Player 2 revealed a card
2026-04-18 07:02:38,559 - INFO - engine.game_state - Accusation Decision: False
2026-04-18 07:02:38,559 - INFO - engine.game_state - --- AI Player 2 (ExpectiminimaxAI) Turn ---
2026-04-18 07:02:38,560 - INFO - engine.game_state - Dice: 11
2026-04-18 07:02:38,574 - INFO - engine.game_state - Move: Central Field
2026-04-18 07:02:38,714 - INFO - engine.game_state - Suggestion: Suggestion(Suspect=Hashem Sir, Weapon=Anti Cutter, Location=Central Field)
2026-04-18 07:02:38,714 - INFO - engine.game_state - AI Player 1 revealed a card
2026-04-18 07:02:38,715 - INFO - engine.game_state - Accusation Decision: False
2026-04-18 07:02:38,715 - INFO - engine.game_state - --- AI Player 3 (NegamaxAI) Turn ---
2026-04-18 07:02:38,715 - INFO - engine.game_state - Dice: 9
2026-04-18 07:02:38,723 - INFO - engine.game_state - Move: Academic Building
2026-04-18 07:02:38,825 - INFO - engine.game_state - Suggestion: Suggestion(Suspect=Hashem Sir, Weapon=Anti Cutter, Location=Academic Building)
2026-04-18 07:02:38,825 - INFO - engine.game_state - AI Player 2 revealed a card
2026-04-18 07:02:38,825 - INFO - engine.game_state - Accusation Decision: False
2026-04-18 07:02:38,826 - INFO - engine.game_state - --- AI Player 2 (ExpectiminimaxAI) Turn ---
2026-04-18 07:02:38,826 - INFO - engine.game_state - Dice: 9
2026-04-18 07:02:38,835 - INFO - engine.game_state - Move: Pocket Gate
2026-04-18 07:02:38,911 - INFO - engine.game_state - Suggestion: Suggestion(Suspect=Hashem Sir, Weapon=Anti Cutter, Location=Pocket Gate)
2026-04-18 07:02:38,911 - INFO - engine.game_state - No one could disprove
2026-04-18 07:02:38,912 - INFO - engine.game_state - Accusation Decision: False
2026-04-18 07:02:38,912 - INFO - engine.game_state - --- AI Player 3 (NegamaxAI) Turn ---
2026-04-18 07:02:38,912 - INFO - engine.game_state - Dice: 11
2026-04-18 07:02:38,926 - INFO - engine.game_state - Move: Library
2026-04-18 07:02:39,022 - INFO - engine.game_state - Suggestion: Suggestion(Suspect=Hashem Sir, Weapon=Anti Cutter, Location=Library)
2026-04-18 07:02:39,023 - INFO - engine.game_state - AI Player 2 revealed a card
2026-04-18 07:02:39,023 - INFO - engine.game_state - Accusation Decision: False
2026-04-18 07:02:39,023 - INFO - engine.game_state - --- AI Player 2 (ExpectiminimaxAI) Turn ---
2026-04-18 07:02:39,024 - INFO - engine.game_state - Dice: 2
2026-04-18 07:02:39,027 - INFO - engine.game_state - Move: Central Field
2026-04-18 07:02:39,076 - INFO - engine.game_state - Suggestion: Suggestion(Suspect=Hashem Sir, Weapon=Anti Cutter, Location=Central Field)
2026-04-18 07:02:39,076 - INFO - engine.game_state - AI Player 1 revealed a card
2026-04-18 07:02:39,076 - INFO - engine.game_state - Accusation Decision: False
2026-04-18 07:02:39,076 - INFO - engine.game_state - --- AI Player 3 (NegamaxAI) Turn ---
2026-04-18 07:02:39,076 - INFO - engine.game_state - Dice: 5
2026-04-18 07:02:39,088 - INFO - engine.game_state - Move: Academic Building
2026-04-18 07:02:39,203 - INFO - engine.game_state - Suggestion: Suggestion(Suspect=Hashem Sir, Weapon=Anti Cutter, Location=Academic Building)
2026-04-18 07:02:39,203 - INFO - engine.game_state - AI Player 2 revealed a card
2026-04-18 07:02:39,203 - INFO - engine.game_state - Accusation Decision: False
2026-04-18 07:02:39,203 - INFO - engine.game_state - --- AI Player 2 (ExpectiminimaxAI) Turn ---
2026-04-18 07:02:39,204 - INFO - engine.game_state - Dice: 11
2026-04-18 07:02:39,213 - INFO - engine.game_state - Move: Pocket Gate
2026-04-18 07:02:39,270 - INFO - engine.game_state - Suggestion: Suggestion(Suspect=Hashem Sir, Weapon=Anti Cutter, Location=Pocket Gate)
2026-04-18 07:02:39,271 - INFO - engine.game_state - No one could disprove
2026-04-18 07:02:39,271 - INFO - engine.game_state - Accusation Decision: False
2026-04-18 07:02:39,271 - INFO - engine.game_state - --- AI Player 3 (NegamaxAI) Turn ---
2026-04-18 07:02:39,271 - INFO - engine.game_state - Dice: 7
2026-04-18 07:02:39,282 - INFO - engine.game_state - Move: Library
2026-04-18 07:02:39,397 - INFO - engine.game_state - Suggestion: Suggestion(Suspect=Hashem Sir, Weapon=Anti Cutter, Location=Library)
2026-04-18 07:02:39,398 - INFO - engine.game_state - AI Player 2 revealed a card
2026-04-18 07:02:39,398 - INFO - engine.game_state - Accusation Decision: False
2026-04-18 07:02:39,398 - INFO - engine.game_state - --- AI Player 2 (ExpectiminimaxAI) Turn ---
2026-04-18 07:02:39,399 - INFO - engine.game_state - Dice: 12
2026-04-18 07:02:39,412 - INFO - engine.game_state - Move: Central Field
2026-04-18 07:02:39,556 - INFO - engine.game_state - Suggestion: Suggestion(Suspect=Hashem Sir, Weapon=Anti Cutter, Location=Central Field)
2026-04-18 07:02:39,556 - INFO - engine.game_state - AI Player 1 revealed a card
2026-04-18 07:02:39,557 - INFO - engine.game_state - Accusation Decision: False
2026-04-18 07:02:39,557 - INFO - engine.game_state - --- AI Player 3 (NegamaxAI) Turn ---
2026-04-18 07:02:39,557 - INFO - engine.game_state - Dice: 6
2026-04-18 07:02:39,567 - INFO - engine.game_state - Move: Academic Building
2026-04-18 07:02:39,677 - INFO - engine.game_state - Suggestion: Suggestion(Suspect=Hashem Sir, Weapon=Anti Cutter, Location=Academic Building)
2026-04-18 07:02:39,677 - INFO - engine.game_state - AI Player 2 revealed a card
2026-04-18 07:02:39,678 - INFO - engine.game_state - Accusation Decision: False
2026-04-18 07:02:39,678 - INFO - engine.game_state - --- AI Player 2 (ExpectiminimaxAI) Turn ---
2026-04-18 07:02:39,678 - INFO - engine.game_state - Dice: 9
2026-04-18 07:02:39,689 - INFO - engine.game_state - Move: Pocket Gate
2026-04-18 07:02:39,747 - INFO - engine.game_state - Suggestion: Suggestion(Suspect=Hashem Sir, Weapon=Anti Cutter, Location=Pocket Gate)
2026-04-18 07:02:39,748 - INFO - engine.game_state - No one could disprove
2026-04-18 07:02:39,748 - INFO - engine.game_state - Accusation Decision: False
2026-04-18 07:02:39,748 - INFO - engine.game_state - --- AI Player 3 (NegamaxAI) Turn ---
2026-04-18 07:02:39,748 - INFO - engine.game_state - Dice: 7
2026-04-18 07:02:39,757 - INFO - engine.game_state - Move: Library
2026-04-18 07:02:39,849 - INFO - engine.game_state - Suggestion: Suggestion(Suspect=Hashem Sir, Weapon=Anti Cutter, Location=Library)
2026-04-18 07:02:39,849 - INFO - engine.game_state - AI Player 2 revealed a card
2026-04-18 07:02:39,849 - INFO - engine.game_state - Accusation Decision: False
2026-04-18 07:02:39,850 - INFO - engine.game_state - --- AI Player 2 (ExpectiminimaxAI) Turn ---
2026-04-18 07:02:39,850 - INFO - engine.game_state - Dice: 4
2026-04-18 07:02:39,857 - INFO - engine.game_state - Move: Central Field
2026-04-18 07:02:39,998 - INFO - engine.game_state - Suggestion: Suggestion(Suspect=Hashem Sir, Weapon=Anti Cutter, Location=Central Field)
2026-04-18 07:02:39,998 - INFO - engine.game_state - AI Player 1 revealed a card
2026-04-18 07:02:39,998 - INFO - engine.game_state - Accusation Decision: False
2026-04-18 07:02:39,998 - INFO - engine.game_state - --- AI Player 3 (NegamaxAI) Turn ---
2026-04-18 07:02:39,999 - INFO - engine.game_state - Dice: 3
2026-04-18 07:02:40,005 - INFO - engine.game_state - Move: VC Room
2026-04-18 07:02:40,090 - INFO - engine.game_state - Suggestion: Suggestion(Suspect=Hashem Sir, Weapon=Anti Cutter, Location=VC Room)
2026-04-18 07:02:40,090 - INFO - engine.game_state - AI Player 2 revealed a card
2026-04-18 07:02:40,091 - INFO - engine.game_state - Accusation Decision: False
2026-04-18 07:02:40,091 - INFO - engine.game_state - --- AI Player 2 (ExpectiminimaxAI) Turn ---
2026-04-18 07:02:40,091 - INFO - engine.game_state - Dice: 6
2026-04-18 07:02:40,101 - INFO - engine.game_state - Move: Pocket Gate
2026-04-18 07:02:40,166 - INFO - engine.game_state - Suggestion: Suggestion(Suspect=Hashem Sir, Weapon=Anti Cutter, Location=Pocket Gate)
2026-04-18 07:02:40,166 - INFO - engine.game_state - No one could disprove
2026-04-18 07:02:40,167 - INFO - engine.game_state - Accusation Decision: False
2026-04-18 07:02:40,167 - INFO - engine.game_state - --- AI Player 3 (NegamaxAI) Turn ---
2026-04-18 07:02:40,167 - INFO - engine.game_state - Dice: 6
2026-04-18 07:02:40,182 - INFO - engine.game_state - Move: Library
2026-04-18 07:02:40,282 - INFO - engine.game_state - Suggestion: Suggestion(Suspect=Hashem Sir, Weapon=Anti Cutter, Location=Library)
2026-04-18 07:02:40,283 - INFO - engine.game_state - AI Player 2 revealed a card
2026-04-18 07:02:40,283 - INFO - engine.game_state - Accusation Decision: False
2026-04-18 07:02:40,283 - WARNING - main - Winner: None (turn cap reached)
2026-04-18 07:02:40,283 - INFO - main - ====================================================================
2026-04-18 07:02:40,283 - INFO - main - Final Performance Summary
2026-04-18 07:02:40,283 - INFO - main - ====================================================================
2026-04-18 07:02:40,283 - INFO - main - MinimaxAI:
2026-04-18 07:02:40,283 - INFO - main - Wins: 0
2026-04-18 07:02:40,283 - INFO - main - Win Rate: 0.0%
2026-04-18 07:02:40,283 - INFO - main - Average Moves: 2.00
2026-04-18 07:02:40,283 - INFO - main - Average Decision Time: 0.05100 sec
2026-04-18 07:02:40,284 - INFO - main - ExpectiminimaxAI:
2026-04-18 07:02:40,284 - INFO - main - Wins: 0
2026-04-18 07:02:40,284 - INFO - main - Win Rate: 0.0%
2026-04-18 07:02:40,284 - INFO - main - Average Moves: 124.00
2026-04-18 07:02:40,284 - INFO - main - Average Decision Time: 0.03368 sec
2026-04-18 07:02:40,284 - INFO - main - NegamaxAI:
2026-04-18 07:02:40,284 - INFO - main - Wins: 0
2026-04-18 07:02:40,284 - INFO - main - Win Rate: 0.0%
2026-04-18 07:02:40,284 - INFO - main - Average Moves: 124.00
2026-04-18 07:02:40,284 - INFO - main - Average Decision Time: 0.03576 sec
2026-04-18 07:02:40,284 - INFO - main - No-Winner Games: 1
2026-04-18 07:02:40,284 - INFO - main - Average Game Runtime: 26.5217 sec
2026-04-18 07:02:40,284 - INFO - main - ====================================================================
